Time (s),Station ID,Range rate (km/s)
0,4,2.464923952
10,4,2.464972858
20,4,2.465023699
30,4,2.465075614
40,4,2.465126162
50,4,2.465175517
60,4,2.46522884
70,4,2.465278808
80,4,2.465330125
90,4,2.465378568
100,4,2.465429668
110,4,2.465480606
120,4,2.465530972
130,4,2.465579726
140,4,2.465631126
150,4,2.46568381
160,4,2.465733384
170,4,2.465782497
180,4,2.465833847
190,4,2.465884849
200,4,2.465935535
210,4,2.465986507
220,4,2.466035251
230,4,2.466086532
240,4,2.466136808
250,4,2.466188497
260,4,2.466237794
270,4,2.46628669
280,4,2.466337595
290,4,2.466389634
300,4,2.466439701
310,4,2.466487406
320,4,2.466539316
330,4,2.466588008
340,4,2.466639152
350,4,2.466690183
360,4,2.466740546
370,4,2.466790127
380,4,2.466841213
390,4,2.466890878
400,4,2.466940998
410,4,2.466989926
420,4,2.467039792
430,4,2.467089223
440,4,2.467138893
450,4,2.467190977
460,4,2.467238752
470,4,2.467293013
480,4,2.467339836
490,4,2.467390125
500,4,2.467441545
510,4,2.467491023
520,4,2.467539361
530,4,2.467591456
540,4,2.467640533
550,4,2.467691189
560,4,2.467740843
570,4,2.467789258
580,4,2.467839843
590,4,2.467889826
600,4,2.469
610,4,2.467988363
620,4,2.468038541
630,4,2.468087093
640,4,2.468138373
650,4,2.468187105
660,4,2.468237245
670,4,2.468288468
680,4,2.468336275
690,4,2.46838538
700,4,2.46843427
710,4,2.468483917
720,4,2.468533265
730,4,2.468584427
740,4,2.468631892
750,4,2.468683095
760,4,2.468730814
770,4,2.468783075
780,4,2.468831036
790,4,2.468880317
800,4,2.468929323
810,4,2.468980281
820,4,2.469029273
830,4,2.469078486
840,4,2.469126605
850,4,2.469175497
860,4,2.469226727
870,4,2.46927665
880,4,2.469324321
890,4,2.469374014
900,4,2.469423448
910,4,2.469474285
920,4,2.469523368
930,4,2.469569869
940,4,2.469620979
950,4,2.469668913
960,4,2.469718209
970,4,2.469768014
980,4,2.469814577
990,4,2.469864932
1000,4,2.469913549
1010,4,2.469963985
1020,4,2.470012656
1030,4,2.470062052
1040,4,2.470109437
1050,4,2.470160751
1060,4,2.470208728
1070,4,2.470258586
1080,4,2.470306116
1090,4,2.470355659
1100,4,2.470403263
1110,4,2.470454758
1120,4,2.470501309
1130,4,2.470551718
1140,4,2.470597315
1150,4,2.470646987
1160,4,2.47069705
1170,4,2.470744417
1180,4,2.470793856
1190,4,2.470842989
1200,4,2.470890746
1210,4,2.47094034
1220,4,2.470989449
1230,4,2.471037956
1240,4,2.47108624
1250,4,2.471135251
1260,4,2.471182641
1270,4,2.471234317
1280,4,2.471279898
1290,4,2.471328553
1300,4,2.47137807
1310,4,2.471426225
1320,4,2.471473472
1330,4,2.471521706
1340,4,2.471569597
1350,4,2.471621117
1360,4,2.471669485
1370,4,2.471716384
1380,4,2.471765186
1390,4,2.471812851
1400,4,2.471861225
1410,4,2.471908368
1420,4,2.471956914
1430,4,2.472005703
1440,4,2.472053469
1450,4,2.472104467
1460,4,2.472151498
1470,4,2.472198773
1480,4,2.472247338
1490,4,2.472295038
1500,4,2.472343948
1510,4,2.472392819
1520,4,2.472439014
1530,4,2.472487536
1540,4,2.472534751
1550,4,2.472584854
1560,4,2.472630575
1570,4,2.472679714
1580,4,2.472727568
1590,4,2.472775025
1600,4,2.47282218
1610,4,2.472871472
1620,4,2.472918797
1630,4,2.472967432
1640,4,2.47301404
1650,4,2.473062225
1660,4,2.473109785
1670,4,2.473156973
1680,4,2.473204998
1690,4,2.473252524
1700,4,2.473299897
1710,4,2.473350867
1720,4,2.473396232
1730,4,2.473444772
1740,4,2.473491351
1750,4,2.47353771
1760,4,2.473587544
1770,4,2.473635949
1780,4,2.473679639
1790,4,2.473728197
1800,4,2.473775225
1810,4,2.473823948
1820,4,2.47387017
1830,4,2.47391858
1840,4,2.473965388
1850,4,2.474012312
1860,4,2.474061104
1870,4,2.474108219
1880,4,2.474155591
1890,4,2.474203657
1900,4,2.474248798
1910,4,2.474297313
1920,4,2.474344537
1930,4,2.474391643
1940,4,2.474438218
1950,4,2.474486971
1960,4,2.474534531
1970,4,2.474581991
1980,4,2.474626725
1990,4,2.474676127
2000,4,2.474719123
2010,4,2.4747687
2020,4,2.474817158
2030,4,2.474862232
2040,4,2.474907995
2050,4,2.474957113
2060,4,2.47500331
2070,4,2.475051304
2080,4,2.475097595
2090,4,2.475144908
2100,4,2.475190432
2110,4,2.475237972
2120,4,2.475284006
2130,4,2.475331925
2140,4,2.475378145
2150,4,2.475426947
2160,4,2.475472842
2170,4,2.475518841
2180,4,2.47556491
2190,4,2.475613255
2200,4,2.475658062
2210,4,2.475704364
2220,4,2.475752061
2230,4,2.475798092
2240,4,2.475845245
2250,4,2.475890632
2260,4,2.475938086
2270,4,2.475982166
2280,4,2.476030658
2290,4,2.476077327
2300,4,2.476124553
2310,4,2.476171046
2320,4,2.476215024
2330,4,2.476262974
2340,4,2.476310435
2350,4,2.476356592
2360,4,2.476399978
2370,4,2.476447531
2380,4,2.476493394
2390,4,2.476540752
2400,4,2.476586271
2410,4,2.476632711
2420,4,2.476678572
2430,4,2.476724293
2440,4,2.476769754
2450,4,2.476817298
2460,4,2.476863005
2470,4,2.476910192
2480,4,2.476955227
2490,4,2.476999683
2500,4,2.477047742
2510,4,2.477093478
2520,4,2.477140514
2530,4,2.477185641
2540,4,2.477231031
2550,4,2.47727739
2560,4,2.47732377
2570,4,2.477370315
2580,4,2.477414839
2590,4,2.477459915
2600,4,2.477507031
2610,4,2.477553016
2620,4,2.477597869
2630,4,2.477642723
2640,4,2.477688398
2650,4,2.477733653
2660,4,2.477780913
2670,4,2.477827769
2680,4,2.477871744
2690,4,2.477916125
2700,4,2.477962951
2710,4,2.478006832
2720,4,2.478053537
2730,4,2.478099417
2740,4,2.478144645
2750,4,2.478189713
2760,4,2.47823326
2770,4,2.478279652
2780,4,2.478326332
2790,4,2.478372928
2800,4,2.478415402
2810,4,2.478460255
2820,4,2.478505961
2830,4,2.47855052
2840,4,2.478596658
2850,4,2.478644631
2860,4,2.478686464
2870,4,2.478730834
2880,4,2.478778218
2890,4,2.478823439
2900,4,2.47886561
2910,4,2.47891302
2920,4,2.478957649
2930,4,2.47900196
2940,4,2.479048081
2950,4,2.479094842
2960,4,2.479136256
2970,4,2.479181536
2980,4,2.479228294
2990,4,2.479274061
3000,4,2.479316335
3010,4,2.479360436
3020,4,2.479406147
3030,4,2.479451569
3040,4,2.479493343
3050,4,2.479540472
3060,4,2.479586403
3070,4,2.479631322
3080,4,2.479674106
3090,4,2.47972171
3100,4,2.479763676
3110,4,2.479807128
3120,4,2.479852457
3130,4,2.479897973
3140,4,2.479941122
3150,4,2.47998599
3160,4,2.480030904
3170,4,2.480074817
3180,4,2.480118856
3190,4,2.480163865
3200,4,2.480208734
3210,4,2.480250555
3220,4,2.480297892
3230,4,2.480341119
3240,4,2.480385578
3250,4,2.480430919
3260,4,2.480473323
3270,4,2.480516169
3280,4,2.48056137
3290,4,2.480606582
3300,4,2.480648394
3310,4,2.480694399
3320,4,2.480739732
3330,4,2.480782272
3340,4,2.480825121
3350,4,2.480871578
3360,4,2.48091413
3370,4,2.480957589
3380,4,2.480999782
3390,4,2.481045576
3400,4,2.481087506
3410,4,2.481130798
3420,4,2.481176181
3430,4,2.481221834
3440,4,2.481264186
3450,4,2.481310215
3460,4,2.481352375
3470,4,2.481396804
3480,4,2.481439162
3490,4,2.481483476
3500,4,2.481525851
3510,4,2.481569564
3520,4,2.481614587
3530,4,2.48165953
3540,4,2.481701642
3550,4,2.481745746
3560,4,2.481786351
3570,4,2.481833101
3580,4,2.48187654
3590,4,2.481918068
3600,4,2.481960472
3610,4,2.482003935
3620,4,2.482048794
3630,4,2.482091914
3640,4,2.482134736
3650,4,2.482174663
3660,4,2.482220013
3670,4,2.482263611
3680,4,2.482308559
3690,4,2.482353425
3700,4,2.482393163
3710,4,2.482435358
3720,4,2.482478111
3730,4,2.482522976
3740,4,2.482564696
3750,4,2.482606602
3760,4,2.482650969
3770,4,2.482692548
3780,4,2.482735624
3790,4,2.482779889
3800,4,2.482822114
3810,4,2.48286452
3820,4,2.482907674
3830,4,2.48295156
3840,4,2.482995662
3850,4,2.483036636
3860,4,2.483078486
3870,4,2.483122874
3880,4,2.483164026
3890,4,2.483207195
3900,4,2.483249126
3910,4,2.483293453
3920,4,2.483333579
3930,4,2.483376427
3940,4,2.483419494
3950,4,2.483463291
3960,4,2.48350552
3970,4,2.483545474
3980,4,2.483589037
3990,4,2.483630875
4000,4,2.48367248
4010,4,2.483715784
4020,4,2.483757844
4030,4,2.483799412
4040,4,2.483842567
4050,4,2.483886272
4060,4,2.483927096
4070,4,2.48396895
4080,4,2.484011859
4090,4,2.48405387
4100,4,2.484096443
4110,4,2.484137524
4120,4,2.484179666
4130,4,2.484221299
4140,4,2.484263363
4150,4,2.484304797
4160,4,2.484347509
4170,4,2.484388483
4180,4,2.484431116
4190,4,2.484472852
4200,4,2.484515501
4210,4,2.484557382
4220,4,2.484598788
4230,4,2.48464052
4240,4,2.484681482
4250,4,2.484723781
4260,4,2.484762474
4270,4,2.484807954
4280,4,2.484847562
4290,4,2.484888239
4300,4,2.484930681
4310,4,2.484971731
4320,4,2.485015188
4330,4,2.485054146
4340,4,2.485096599
4350,4,2.485137183
4360,4,2.485180306
4370,4,2.485220967
4380,4,2.485260345
4390,4,2.485303867
4400,4,2.485344552
4410,4,2.48538642
4420,4,2.485427441
4430,4,2.485467401
4440,4,2.485510882
4450,4,2.485549761
4460,4,2.485591686
4470,4,2.48563464
4480,4,2.485672114
4490,4,2.48571201
4500,4,2.485754485
4510,4,2.485795669
4520,4,2.485836481
4530,4,2.485878157
4540,4,2.485918874
4550,4,2.485960891
4560,4,2.486001711
4570,4,2.486040353
4580,4,2.486080318
4590,4,2.486121907
4600,4,2.486162291
4610,4,2.486203538
4620,4,2.486245455
4630,4,2.486285743
4640,4,2.486327384
4650,4,2.486365833
4660,4,2.486407501
4670,4,2.486446772
4680,4,2.486490037
4690,4,2.486527814
4700,4,2.486568171
4710,4,2.486606999
4720,4,2.486646057
4730,4,2.486690705
4740,4,2.486731091
4750,4,2.486768791
4760,4,2.486809649
4770,4,2.486849389
4780,4,2.486889772
4790,4,2.486932183
4800,4,2.486970987
4810,4,2.487012295
4820,4,2.487050907
4830,4,2.487091781
4840,4,2.487130067
4850,4,2.487172645
4860,4,2.487212501
4870,4,2.487251074
4880,4,2.487293705
4890,4,2.4873313
4900,4,2.487369412
4910,4,2.487410501
4920,4,2.487450428
4930,4,2.487490875
4940,4,2.487530039
4950,4,2.487570132
4960,4,2.487609191
4970,4,2.487650526
4980,4,2.487689051
4990,4,2.487728774
5000,4,2.487769311
5010,4,2.487806708
5020,4,2.487847488
5030,4,2.48788591
5040,4,2.487926172
5050,4,2.487964604
5060,4,2.488005153
5070,4,2.488043113
5080,4,2.488083393
5090,4,2.488122531
5100,4,2.488161118
5110,4,2.488200231
5120,4,2.48823963
5130,4,2.4882797
5140,4,2.488318335
5150,4,2.488357195
5160,4,2.488394673
5170,4,2.488436332
5180,4,2.488476345
5190,4,2.488514516
5200,4,2.488553096
5210,4,2.488592211
5220,4,2.488630484
5230,4,2.488669743
5240,4,2.488708861
5250,4,2.488747078
5260,4,2.48878704
5270,4,2.488823716
5280,4,2.488862781
5290,4,2.488901811
5300,4,2.488939803
5310,4,2.488979167
5320,4,2.489017556
5330,4,2.489055965
5340,4,2.489094898
5350,4,2.489136322
5360,4,2.489173481
5370,4,2.489212664
5380,4,2.489250416
5390,4,2.489289411
5400,4,2.489325983
5410,4,2.48936369
5420,4,2.489404634
5430,4,2.489440283
5440,4,2.489479865
5450,4,2.489518785
5460,4,2.489557484
5470,4,2.489595399
5480,4,2.489632409
5490,4,2.489670851
5500,4,2.48970833
5510,4,2.489747535
5520,4,2.489784047
5530,4,2.489821862
5540,4,2.489861387
5550,4,2.489898386
5560,4,2.489935787
5570,4,2.489972306
5580,4,2.490011933
5590,4,2.49005061
5600,4,2.490088676
5610,4,2.490125036
5620,4,2.490163308
5630,4,2.490201013
5640,4,2.490239425
5650,4,2.490277119
5660,4,2.490313378
5670,4,2.490351483
5680,4,2.490388806
5690,4,2.490428005
5700,4,2.49046548
5710,4,2.490502402
5720,4,2.49053841
5730,4,2.490577799
5740,4,2.49061378
5750,4,2.490650315
5760,4,2.490688272
5770,4,2.490725443
5780,4,2.490762792
5790,4,2.490800229
5800,4,2.490837624
5810,4,2.490875337
5820,4,2.490912619
5830,4,2.490950889
5840,4,2.490985991
5850,4,2.491022325
5860,4,2.491060074
5870,4,2.491097667
5880,4,2.491133644
5890,4,2.491170424
5900,4,2.491208635
5910,4,2.491245371
5920,4,2.491279913
5930,4,2.49131863
5940,4,2.491355628
5950,4,2.491391789
5960,4,2.491429986
5970,4,2.491467426
5980,4,2.491501858
5990,4,2.491536576
6000,4,2.491574299
6010,4,2.491611068
6020,4,2.491647299
6030,4,2.491684294
6040,4,2.491721823
6050,4,2.491757433
6060,4,2.491792884
6070,4,2.491830335
6080,4,2.491866465
6090,4,2.491902918
6100,4,2.491939021
6110,4,2.491977395
6120,4,2.492012006
6130,4,2.492047639
6140,4,2.49208487
6150,4,2.492120474
6160,4,2.492156004
6170,4,2.492191283
6180,4,2.492227803
6190,4,2.492264536
6200,4,2.492298998
6210,4,2.492334868
6220,4,2.49237248
6230,4,2.492407516
6240,4,2.492441399
6250,4,2.492480386
6260,4,2.492514472
6270,4,2.492552376
6280,4,2.492586383
6290,4,2.49262203
6300,4,2.492657296
6310,4,2.492692995
6320,4,2.492728763
6330,4,2.492763799
6340,4,2.492799651
6350,4,2.492836013
6360,4,2.49287034
6370,4,2.492905606
6380,4,2.492942745
6390,4,2.492978965
6400,4,2.493012593
6410,4,2.493048725
6420,4,2.493083031
6430,4,2.493119694
6440,4,2.493154583
6450,4,2.493188583
6460,4,2.493225016
6470,4,2.493258341
6480,4,2.493292739
6490,4,2.493329194
6500,4,2.493365164
6510,4,2.493398285
6520,4,2.493433633
6530,4,2.493470219
6540,4,2.493504329
6550,4,2.493538987
6560,4,2.493574205
6570,4,2.493609428
6580,4,2.493642323
6590,4,2.493678516
6600,4,2.493712312
6610,4,2.493746576
6620,4,2.493783047
6630,4,2.493817423
6640,4,2.4938507
6650,4,2.493884955
6660,4,2.493919935
6670,4,2.493956278
6680,4,2.493988836
6690,4,2.494022712
6700,4,2.494057644
6710,4,2.494092029
6720,4,2.494126434
6730,4,2.494161341
6740,4,2.494195029
6750,4,2.494228873
6760,4,2.494262395
6770,4,2.494295142
6780,4,2.494332552
6790,4,2.494364643
6800,4,2.494398976
6810,4,2.494432149
6820,4,2.494467796
6830,4,2.494501435
6840,4,2.494534233
6850,4,2.49456905
6860,4,2.494602554
6870,4,2.494637028
6880,4,2.494669991
6890,4,2.494704801
6900,4,2.494736953
6910,4,2.494771145
6920,4,2.494806729
6930,4,2.494839115
6940,4,2.494872665
6950,4,2.494905925
6960,4,2.49493874
6970,4,2.494973156
6980,4,2.495006987
6990,4,2.495040703
7000,4,2.495073876
7010,4,2.495104681
7020,4,2.495142579
7030,4,2.495174712
7040,4,2.49520612
7050,4,2.495239478
7060,4,2.495273543
7070,4,2.495306022
7080,4,2.495339185
7090,4,2.495372411
7100,4,2.495405045
7110,4,2.495440045
7120,4,2.495469843
7130,4,2.495505478
7140,4,2.495537965
7150,4,2.495571109
7160,4,2.495602625
7170,4,2.495634453
7180,4,2.495668395
7190,4,2.4957029
7200,4,2.495735035
7210,4,2.49576676
7220,4,2.495799515
7230,4,2.495831602
7240,4,2.495864339
7250,4,2.495897919
7260,4,2.495931641
7270,4,2.495963644
7280,4,2.495996285
7290,4,2.496027139
7300,4,2.496059839
7310,4,2.496093314
7320,4,2.496126119
7330,4,2.49615743
7340,4,2.496189822
7350,4,2.49622145
7360,4,2.49625273
7370,4,2.496285559
69020,4,2.347860847
69030,4,2.347894082
69040,4,2.347927463
69050,4,2.347960205
69060,4,2.347993665
69070,4,2.348027436
69080,4,2.348061006
69090,4,2.348096125
69100,4,2.348129239
69110,4,2.348162181
69120,4,2.348196224
69130,4,2.348229151
69140,4,2.348264136
69150,4,2.348295835
69160,4,2.348331131
69170,4,2.348363222
69180,4,2.348399053
69190,4,2.348432458
69200,4,2.348466517
69210,4,2.348501534
69220,4,2.348535894
69230,4,2.348568282
69240,4,2.348600926
69250,4,2.348636354
69260,4,2.348670064
69270,4,2.348705661
69280,4,2.348738133
69290,4,2.348773964
69300,4,2.348806653
69310,4,2.348840849
69320,4,2.348877044
69330,4,2.348910939
69340,4,2.348945577
69350,4,2.34898075
69360,4,2.349013324
69370,4,2.349048486
69380,4,2.34908269
69390,4,2.349117492
69400,4,2.349154127
69410,4,2.349187539
69420,4,2.349222095
69430,4,2.34925916
69440,4,2.349291906
69450,4,2.349325888
69460,4,2.349360452
69470,4,2.349394719
69480,4,2.349431202
69490,4,2.34946479
69500,4,2.349497987
69510,4,2.349537224
69520,4,2.349571382
69530,4,2.349604871
69540,4,2.349641108
69550,4,2.349675051
69560,4,2.349710163
69570,4,2.349746172
69580,4,2.349780792
69590,4,2.349816425
69600,4,2.349851789
69610,4,2.349885467
69620,4,2.349923377
69630,4,2.3499575
69640,4,2.34999208
69650,4,2.350030269
69660,4,2.350064455
69670,4,2.350099303
69680,4,2.350136428
69690,4,2.350170687
69700,4,2.350206866
69710,4,2.350242942
69720,4,2.350277963
69730,4,2.350314237
69740,4,2.35034824
69750,4,2.350385404
69760,4,2.350422276
69770,4,2.350458203
69780,4,2.350492581
69790,4,2.350527777
69800,4,2.350563051
69810,4,2.350601555
69820,4,2.350634926
69830,4,2.3506697
69840,4,2.350709602
69850,4,2.350742821
69860,4,2.35077983
69870,4,2.350815039
69880,4,2.35085071
69890,4,2.350888914
69900,4,2.350922674
69910,4,2.350960548
69920,4,2.350997356
69930,4,2.351033548
69940,4,2.351069045
69950,4,2.351107475
69960,4,2.351139538
69970,4,2.351179411
69980,4,2.351215292
69990,4,2.351251714
70000,4,2.351288409
70010,4,2.35132485
70020,4,2.351362876
70030,4,2.351396817
70040,4,2.351437135
70050,4,2.351472446
70060,4,2.351506852
70070,4,2.351546222
70080,4,2.351581283
70090,4,2.351618019
70100,4,2.351653934
70110,4,2.351692538
70120,4,2.35172919
70130,4,2.351764666
70140,4,2.351801376
70150,4,2.351839945
70160,4,2.35187637
70170,4,2.35191304
70180,4,2.351950081
70190,4,2.351987615
70200,4,2.352024385
70210,4,2.352062666
70220,4,2.352098921
70230,4,2.352136786
70240,4,2.352172633
70250,4,2.352210902
70260,4,2.352249927
70270,4,2.352285013
70280,4,2.352322972
70290,4,2.352360238
70300,4,2.352396452
70310,4,2.352435598
70320,4,2.352474392
70330,4,2.352511633
70340,4,2.352547275
70350,4,2.352584122
70360,4,2.35262321
70370,4,2.352659181
70380,4,2.352699378
70390,4,2.352735564
70400,4,2.352774853
70410,4,2.352810565
70420,4,2.352848342
70430,4,2.352885774
70440,4,2.352923858
70450,4,2.35296289
70460,4,2.352999681
70470,4,2.35303621
70480,4,2.353076495
70490,4,2.353114069
70500,4,2.353151606
70510,4,2.353191371
70520,4,2.353227124
70530,4,2.353266
70540,4,2.353303774
70550,4,2.353344556
70560,4,2.353382675
70570,4,2.353420567
70580,4,2.353458841
70590,4,2.353496509
70600,4,2.353533477
70610,4,2.353571957
70620,4,2.353612656
70630,4,2.35364911
70640,4,2.353689157
70650,4,2.353726483
70660,4,2.35376432
70670,4,2.353804154
70680,4,2.353840398
70690,4,2.353880984
70700,4,2.353919186
70710,4,2.353957303
70720,4,2.353996423
70730,4,2.354037309
70740,4,2.354075715
70750,4,2.354113609
70760,4,2.354152384
70770,4,2.354188396
70780,4,2.354230557
70790,4,2.354268117
70800,4,2.354307477
70810,4,2.354345373
70820,4,2.354385852
70830,4,2.354422929
70840,4,2.354463395
70850,4,2.354501664
70860,4,2.354540719
70870,4,2.354579876
70880,4,2.35462026
70890,4,2.354658484
70900,4,2.354697543
70910,4,2.354738257
70920,4,2.35477523
70930,4,2.354815243
70940,4,2.354854757
70950,4,2.354893362
70960,4,2.354932394
70970,4,2.354973246
70980,4,2.35501329
70990,4,2.355052067
71000,4,2.355092823
71010,4,2.35513141
71020,4,2.355171049
71030,4,2.355210748
71040,4,2.355249919
71050,4,2.355289022
71060,4,2.355329705
71070,4,2.355370142
71080,4,2.355410788
71090,4,2.355447916
71100,4,2.35548841
71110,4,2.355526215
71120,4,2.355569054
71130,4,2.35560767
71140,4,2.355647104
71150,4,2.355686532
71160,4,2.355728484
71170,4,2.355766344
71180,4,2.355807769
71190,4,2.355847785
71200,4,2.355888967
71210,4,2.355929003
71220,4,2.35596842
71230,4,2.35600895
71240,4,2.356048966
71250,4,2.356089198
71260,4,2.3561281
71270,4,2.356168825
71280,4,2.356208626
71290,4,2.356248658
71300,4,2.356292294
71310,4,2.356330252
71320,4,2.356369621
71330,4,2.356411814
71340,4,2.356451646
71350,4,2.356492645
71360,4,2.356535194
71370,4,2.356573967
71380,4,2.356615199
71390,4,2.356654857
71400,4,2.356693608
71410,4,2.356737483
71420,4,2.356776925
71430,4,2.356816893
71440,4,2.356858805
71450,4,2.356899227
71460,4,2.356940776
71470,4,2.356980765
71480,4,2.35702172
71490,4,2.357061843
71500,4,2.357104694
71510,4,2.357143898
71520,4,2.357185903
71530,4,2.357224932
71540,4,2.357267346
71550,4,2.357307662
71560,4,2.357348754
71570,4,2.357388982
71580,4,2.357431662
71590,4,2.357472693
71600,4,2.357513416
71610,4,2.357554356
71620,4,2.357594881
71630,4,2.357638107
71640,4,2.357678405
71650,4,2.357721175
71660,4,2.357763017
71670,4,2.357804126
71680,4,2.357845632
71690,4,2.357885342
71700,4,2.3579264
71710,4,2.357968894
71720,4,2.358010364
71730,4,2.35805165
71740,4,2.35809405
71750,4,2.358134564
71760,4,2.35817781
71770,4,2.358217264
71780,4,2.358260346
71790,4,2.358300703
71800,4,2.358342075
71810,4,2.35838476
71820,4,2.358426
71830,4,2.358469304
71840,4,2.358509696
71850,4,2.358553463
71860,4,2.358593896
71870,4,2.358636992
71880,4,2.35867788
71890,4,2.358719812
71900,4,2.358762124
71910,4,2.358804495
71920,4,2.358846527
71930,4,2.358888495
71940,4,2.35893028
71950,4,2.358972229
71960,4,2.359015115
71970,4,2.359057114
71980,4,2.359100357
71990,4,2.359140518
72000,4,2.35918362
72010,4,2.35922525
72020,4,2.359267233
72030,4,2.359309385
72040,4,2.3593529
72050,4,2.359394955
72060,4,2.359435611
72070,4,2.359480797
72080,4,2.359522879
72090,4,2.359566113
72100,4,2.359606892
72110,4,2.359650158
72120,4,2.359691591
72130,4,2.359736273
72140,4,2.359778606
72150,4,2.359820087
72160,4,2.359862241
72170,4,2.35990862
72180,4,2.359946197
72190,4,2.359993306
72200,4,2.36003498
72210,4,2.360075419
72220,4,2.360120158
72230,4,2.360162797
72240,4,2.360204848
72250,4,2.360249769
72260,4,2.360291509
72270,4,2.360335182
72280,4,2.360377661
72290,4,2.360419857
72300,4,2.360463059
72310,4,2.360507618
72320,4,2.360549065
72330,4,2.360592739
72340,4,2.360634938
72350,4,2.36067921
72360,4,2.360722658
72370,4,2.360767127
72380,4,2.360809657
72390,4,2.360851226
72400,4,2.360893743
72410,4,2.360937756
72420,4,2.360981827
72430,4,2.361024166
72440,4,2.361068033
72450,4,2.361113437
72460,4,2.361157118
72470,4,2.36120077
72480,4,2.361243291
72490,4,2.361283216
72500,4,2.361330531
72510,4,2.361373378
72520,4,2.36141747
72530,4,2.36145871
72540,4,2.361507714
72550,4,2.361548874
72560,4,2.361592995
72570,4,2.361634679
72580,4,2.361677255
72590,4,2.361724195
72600,4,2.361765501
72610,4,2.361810585
72620,4,2.361854565
72630,4,2.361897041
72640,4,2.361941027
72650,4,2.361985998
72660,4,2.362031026
72670,4,2.362075121
72680,4,2.362118657
72690,4,2.362162916
72700,4,2.362206797
72710,4,2.362248319
72720,4,2.362294071
72730,4,2.362338279
72740,4,2.362381695
72750,4,2.362425324
72760,4,2.362468559
72770,4,2.362514269
72780,4,2.362558895
72790,4,2.362603706
72800,4,2.362647392
72810,4,2.362690946
72820,4,2.362736977
72830,4,2.362780882
72840,4,2.362822943
72850,4,2.362869812
72860,4,2.362913585
72870,4,2.362958892
72880,4,2.363002605
72890,4,2.363048778
72900,4,2.363092674
72910,4,2.363137758
72920,4,2.363183443
72930,4,2.363226569
72940,4,2.363270579
72950,4,2.363315664
72960,4,2.363359116
72970,4,2.363404554
72980,4,2.363449327
72990,4,2.363495189
73000,4,2.363539055
73010,4,2.363583518
73020,4,2.363627323
73030,4,2.363675203
73040,4,2.363719551
73050,4,2.363762352
73060,4,2.363807834
73070,4,2.363852957
73080,4,2.36389775
73090,4,2.363945077
73100,4,2.363987367
73110,4,2.364032749
73120,4,2.364077761
73130,4,2.3641236
73140,4,2.364169505
73150,4,2.364210942
73160,4,2.364257546
73170,4,2.364304467
73180,4,2.364350541
73190,4,2.364393783
73200,4,2.364437203
73210,4,2.364485689
73220,4,2.364531369
73230,4,2.364574574
73240,4,2.364619994
73250,4,2.364664401
73260,4,2.364711963
73270,4,2.364757831
73280,4,2.364801169
73290,4,2.364848185
73300,4,2.364892862
73310,4,2.364938661
73320,4,2.364984679
73330,4,2.365028016
73340,4,2.365077022
73350,4,2.365121345
73360,4,2.365167383
73370,4,2.365211494
73380,4,2.365257033
73390,4,2.365303313
73400,4,2.365349973
73410,4,2.365394502
73420,4,2.365439145
73430,4,2.36548783
73440,4,2.365532937
73450,4,2.365577738
73460,4,2.365625353
73470,4,2.365670603
73480,4,2.365715855
73490,4,2.365759744
73500,4,2.365808488
73510,4,2.365852922
73520,4,2.365898461
73530,4,2.365945505
73540,4,2.365991208
73550,4,2.366038345
73560,4,2.366084443
73570,4,2.366131928
73580,4,2.366175387
73590,4,2.366223629
73600,4,2.36626851
73610,4,2.366315703
73620,4,2.366361877
73630,4,2.366407162
73640,4,2.366455374
73650,4,2.366500031
73660,4,2.366547165
73670,4,2.366593519
73680,4,2.366637806
73690,4,2.366684514
73700,4,2.366729523
73710,4,2.366778758
73720,4,2.366823656
73730,4,2.366869704
73740,4,2.366917113
73750,4,2.366966403
73760,4,2.367009304
73770,4,2.367058064
73780,4,2.367103897
73790,4,2.367149344
73800,4,2.367196871
73810,4,2.367243141
73820,4,2.367289192
73830,4,2.367336593
73840,4,2.367383595
73850,4,2.367428926
73860,4,2.367476641
73870,4,2.367523885
73880,4,2.367570186
73890,4,2.367617023
73900,4,2.367664012
73910,4,2.367710228
73920,4,2.367758502
73930,4,2.367805344
73940,4,2.367852609
73950,4,2.36789704
73960,4,2.367945501
73970,4,2.367991476
73980,4,2.368038993
73990,4,2.368086378
74000,4,2.368132683
74010,4,2.368180822
74020,4,2.368226853
74030,4,2.368276775
74040,4,2.368320467
74050,4,2.368370035
74060,4,2.368416655
74070,4,2.368464028
74080,4,2.368510615
74090,4,2.368557642
74100,4,2.368603775
74110,4,2.368649716
74120,4,2.368699769
74130,4,2.368748215
74140,4,2.368794894
74150,4,2.368841099
74160,4,2.368888469
74170,4,2.368938169
74180,4,2.368982861
74190,4,2.369031114
74200,4,2.369080799
74210,4,2.369127573
74220,4,2.369174012
74230,4,2.369221363
74240,4,2.369268401
74250,4,2.369315637
74260,4,2.369364618
74270,4,2.369412408
74280,4,2.3694588
74290,4,2.369507005
74300,4,2.369553604
74310,4,2.369600117
74320,4,2.369649281
74330,4,2.369697638
74340,4,2.369745851
74350,4,2.369792959
74360,4,2.369839939
74370,4,2.369888017
74380,4,2.369935321
74390,4,2.369982692
74400,4,2.370032203
74410,4,2.370079573
74420,4,2.370129515
74430,4,2.370177467
74440,4,2.370223799
74450,4,2.370272902
74460,4,2.37031827
74470,4,2.370369288
74480,4,2.370415748
74490,4,2.370463052
74500,4,2.370512199
74510,4,2.370561353
74520,4,2.370606685
74530,4,2.370656295
74540,4,2.370703916
74550,4,2.370752324
74560,4,2.370798698
74570,4,2.370846305
74580,4,2.370896477
74590,4,2.370945864
74600,4,2.37099217
74610,4,2.371042622
74620,4,2.371091494
74630,4,2.371139351
74640,4,2.371186777
74650,4,2.371237239
74660,4,2.3712834
74670,4,2.371333044
74680,4,2.37138106
74690,4,2.371428827
74700,4,2.371477919
74710,4,2.371526187
74720,4,2.371573127
74730,4,2.371622876
74740,4,2.371670412
74750,4,2.371719668
74760,4,2.371768278
74770,4,2.371818986
74780,4,2.371866298
74790,4,2.371915179
74800,4,2.371964026
74810,4,2.37201165
74820,4,2.372059683
74830,4,2.372110051
74840,4,2.372159273
74850,4,2.372205455
74860,4,2.37225722
74870,4,2.37230543
74880,4,2.372353105
74890,4,2.372404383
74900,4,2.372451208
74910,4,2.372498721
74920,4,2.372548021
74930,4,2.372596498
74940,4,2.37264693
74950,4,2.372694923
74960,4,2.372744722
74970,4,2.372793092
74980,4,2.372843454
74990,4,2.372891761
75000,4,2.372942393
75010,4,2.372991202
75020,4,2.373037305
75030,4,2.373087554
75040,4,2.373136282
75050,4,2.373187168
75060,4,2.373234592
75070,4,2.373284795
75080,4,2.373332279
75090,4,2.373382686
75100,4,2.37343087
75110,4,2.373480438
75120,4,2.37353234
75130,4,2.373580437
75140,4,2.373630411
75150,4,2.373678285
75160,4,2.373728301
75170,4,2.373780136
75180,4,2.373827912
75190,4,2.37387512
75200,4,2.373925969
75210,4,2.373974589
75220,4,2.374023994
75230,4,2.374074266
75240,4,2.374121734
75250,4,2.374171109
75260,4,2.374222254
75270,4,2.374271138
75280,4,2.374322063
75290,4,2.374372278
75300,4,2.374420728
75310,4,2.37446881
75320,4,2.37451784
75330,4,2.374569207
75340,4,2.374619806
75350,4,2.3746678
75360,4,2.374719244
75370,4,2.374767416
75380,4,2.374818568
75390,4,2.374865459
75400,4,2.374915536
75410,4,2.374968002
75420,4,2.375015904
75430,4,2.375065575
75440,4,2.375114111
75450,4,2.375165016
75460,4,2.375215467
75470,4,2.375266559
75480,4,2.375314048
75490,4,2.375366417
75500,4,2.375415163
75510,4,2.375466658
75520,4,2.375513559
75530,4,2.375564915
75540,4,2.375616571
75550,4,2.375665322
75560,4,2.375714785
75570,4,2.375766487
75580,4,2.375816688
75590,4,2.375867418
75600,4,2.375916524
75610,4,2.37596623
75620,4,2.376016755
75630,4,2.376065612
75640,4,2.376117176
75650,4,2.376165766
75660,4,2.376215429
75670,4,2.376266477
75680,4,2.37631842
75690,4,2.37636653
75700,4,2.37641726
75710,4,2.376470022
75720,4,2.37651963
75730,4,2.37656845
75740,4,2.376617749
75750,4,2.37666797
75760,4,2.376719573
75770,4,2.376767854
75780,4,2.376821215
75790,4,2.376872778
75800,4,2.376921366
75810,4,2.37697187
75820,4,2.377021207
75830,4,2.377072348
75840,4,2.377123281
75850,4,2.37717301
75860,4,2.377225153
75870,4,2.377274414
75880,4,2.377325119
75890,4,2.377377002
75900,4,2.377425527
75910,4,2.377477835
75920,4,2.37752764
75930,4,2.377578639
75940,4,2.377631092
75950,4,2.377678325
75960,4,2.377730536
75970,4,2.377781044
75980,4,2.377830804
75990,4,2.377882956
76000,4,2.377930291
76010,4,2.377982933
76020,4,2.378036137
76030,4,2.378085649
76040,4,2.378136243
76050,4,2.378188205
76060,4,2.37823789
76070,4,2.378289322
76080,4,2.378340546
76090,4,2.378392752
76100,4,2.378441189
76110,4,2.378492466
76120,4,2.378543821
76130,4,2.378594632
76140,4,2.378646292
76150,4,2.378695645
76160,4,2.378748424
76170,4,2.378796915
76180,4,2.378848264
76190,4,2.378901469
76200,4,2.378950101
76210,4,2.37900335
76220,4,2.379054363
76230,4,2.379105589
76240,4,2.379154493
76250,4,2.379207464
76260,4,2.379259439
76270,4,2.379310382
76280,4,2.379360499
76290,4,2.379411773
76300,4,2.379462949
76310,4,2.379514971
76320,4,2.379567036
76330,4,2.379617885
76340,4,2.379666906
76350,4,2.379718722
76360,4,2.379770619
76370,4,2.379824027
76380,4,2.379872784
76390,4,2.379924076
76400,4,2.379976336
76410,4,2.38002688
76420,4,2.380080133
76430,4,2.380129425
76440,4,2.380181773
76450,4,2.380234373
76460,4,2.380285394
76470,4,2.380336199
76480,4,2.380388048
76490,4,2.380439344
76500,4,2.380490159
76510,4,2.380542112
76520,4,2.380594071
76530,4,2.380643275
76540,4,2.380696758
76550,4,2.380748279
76560,4,2.380799385
76570,4,2.380851828
76580,4,2.380904614
76590,4,2.380954909
76600,4,2.381004361
76610,4,2.381057493
76620,4,2.381111763
76630,4,2.38116036
76640,4,2.381212787
76650,4,2.381263837
76660,4,2.381317
76670,4,2.381367499
76680,4,2.381420835
76690,4,2.381472548
76700,4,2.381523938
76710,4,2.381574925
76720,4,2.381626442
76730,4,2.381677573
76740,4,2.381730559
76750,4,2.381781692
76760,4,2.38183487
76770,4,2.381886971
76780,4,2.381938068
76790,4,2.381990389
76800,4,2.382042322
76810,4,2.382094576
76820,4,2.382146628
76830,4,2.382197623
76840,4,2.382250903
76850,4,2.382302392
76860,4,2.382353111
76870,4,2.382405094
76880,4,2.382458745
76890,4,2.382511332
76900,4,2.382560648
76910,4,2.382613008
76920,4,2.38266613
76930,4,2.382717354
76940,4,2.382770334
76950,4,2.382822779
76960,4,2.382873238
76970,4,2.382925892
76980,4,2.38297807
76990,4,2.383029741
77000,4,2.383081407
77010,4,2.383135047
77020,4,2.383186617
77030,4,2.383239349
77040,4,2.383292418
77050,4,2.383345199
77060,4,2.383396056
77070,4,2.383450329
77080,4,2.383499977
77090,4,2.383554613
77100,4,2.38360645
77110,4,2.383657228
77120,4,2.383710378
77130,4,2.383762642
77140,4,2.383815434
77150,4,2.383867189
77160,4,2.383919926
77170,4,2.38397335
77180,4,2.384023841
77190,4,2.384076983
77200,4,2.384129483
77210,4,2.384182827
77220,4,2.384235311
77230,4,2.384287673
77240,4,2.384340068
77250,4,2.384391227
77260,4,2.384443871
77270,4,2.384497818
77280,4,2.384548894
77290,4,2.38460243
77300,4,2.38465256
77310,4,2.384709025
77320,4,2.384759519
77330,4,2.384810886
77340,4,2.384863476
77350,4,2.384916925
77360,4,2.38496869
77370,4,2.38502281
77380,4,2.385075489
77390,4,2.385126477
77400,4,2.385179573
77410,4,2.385232953
77420,4,2.385286923
77430,4,2.385339383
77440,4,2.385390152
77450,4,2.38544494
77460,4,2.385498255
77470,4,2.38555043
77480,4,2.385602046
77490,4,2.385653901
77500,4,2.385706643
77510,4,2.385759043
77520,4,2.385813913
77530,4,2.385865567
77540,4,2.385917513
77550,4,2.385973124
77560,4,2.386024351
77570,4,2.386077098
77580,4,2.38613099
77590,4,2.386182924
77600,4,2.386238247
77610,4,2.386288138
77620,4,2.386342441
77630,4,2.386396329
77640,4,2.386449542
77650,4,2.386503272
77660,4,2.386552037
77670,4,2.386606783
77680,4,2.386659887
77690,4,2.386712811
77700,4,2.386766056
77710,4,2.386818268
77720,4,2.386871775
77730,4,2.386924932
77740,4,2.386979065
77750,4,2.387031621
77760,4,2.38708437
77770,4,2.387138038
77780,4,2.387190011
77790,4,2.387243569
77800,4,2.387298811
77810,4,2.387349331
77820,4,2.387404705
77830,4,2.387456911
77840,4,2.387510254
77850,4,2.387562509
77860,4,2.387615406
77870,4,2.38766693
77880,4,2.38772171
77890,4,2.387775612
77900,4,2.3891
77910,4,2.387881413
77920,4,2.387933747
77930,4,2.387988806
77940,4,2.388040494
77950,4,2.388094572
77960,4,2.388147038
77970,4,2.388201214
77980,4,2.388254607
77990,4,2.388308969
78000,4,2.388359978
78010,4,2.38841573
78020,4,2.388466938
78030,4,2.388521093
78040,4,2.38857518
78050,4,2.388628275
78060,4,2.388681324
78070,4,2.38873425
78080,4,2.388788236
78090,4,2.388841409
78100,4,2.388894171
78110,4,2.388947952
78120,4,2.389003437
78130,4,2.389055065
78140,4,2.389108358
78150,4,2.389162014
78160,4,2.389214663
78170,4,2.389268702
78180,4,2.389321097
78190,4,2.389376364
78200,4,2.389428873
78210,4,2.389482262
78220,4,2.389536954
78230,4,2.389588086
78240,4,2.389643137
78250,4,2.389697657
78260,4,2.389750448
78270,4,2.389805123
78280,4,2.389856952
78290,4,2.389912763
78300,4,2.38996501
78310,4,2.390017676
78320,4,2.390072769
78330,4,2.390125716
78340,4,2.390179304
78350,4,2.390231228
78360,4,2.390287009
78370,4,2.390340082
78380,4,2.390394606
78390,4,2.390444836
78400,4,2.390501254
78410,4,2.390555507
78420,4,2.390608738
78430,4,2.390663245
78440,4,2.390714264
78450,4,2.390768455
78460,4,2.390822626
78470,4,2.390876896
78480,4,2.390929515
78490,4,2.39098331
78500,4,2.391037062
78510,4,2.391091701
78520,4,2.391145394
78530,4,2.391198846
78540,4,2.391252338
78550,4,2.391306436
78560,4,2.391360456
78570,4,2.39141447
78580,4,2.39146975
78590,4,2.39152291
78600,4,2.391576117
78610,4,2.39162994
78620,4,2.391683914
78630,4,2.391738373
78640,4,2.391790335
78650,4,2.391846886
78660,4,2.39190006
78670,4,2.391954962
78680,4,2.392007681
78690,4,2.392060935
78700,4,2.392115766
78710,4,2.392169398
78720,4,2.392223225
78730,4,2.392276906
78740,4,2.392330565
78750,4,2.392385123
78760,4,2.392439643
78770,4,2.39249186
78780,4,2.392547206
78790,4,2.392602003
78800,4,2.392655618
78810,4,2.392708701
78820,4,2.392763677
78830,4,2.392816689
78840,4,2.392872192
78850,4,2.392924927
78860,4,2.392980526
78870,4,2.393033235
78880,4,2.393088623
78890,4,2.393140056
78900,4,2.393194752
78910,4,2.393249023
78920,4,2.393303048
78930,4,2.393357753
78940,4,2.393411454
78950,4,2.393466872
78960,4,2.393521123
78970,4,2.393573451
78980,4,2.393627956
78990,4,2.393681596
79000,4,2.393734253
79010,4,2.393791595
79020,4,2.393844123
79030,4,2.393898069
79040,4,2.393953364
79050,4,2.394007684
79060,4,2.39406101
79070,4,2.394116829
79080,4,2.394170357
79090,4,2.394225945
79100,4,2.39427768
79110,4,2.394331884
79120,4,2.394386156
79130,4,2.394440588
79140,4,2.3944941
79150,4,2.394549972
79160,4,2.394602685
79170,4,2.394657643
79180,4,2.394710766
79190,4,2.394767034
79200,4,2.394819609
79210,4,2.394875021
79220,4,2.394930323
79230,4,2.394982912
79240,4,2.395038974
79250,4,2.395091453
79260,4,2.395147314
79270,4,2.395200685
79280,4,2.395255175
79290,4,2.395308771
79300,4,2.395363354
79310,4,2.395417591
79320,4,2.395473733
79330,4,2.39552692
79340,4,2.3955816
79350,4,2.395635737
79360,4,2.395688354
79370,4,2.395743103
79380,4,2.395797761
79390,4,2.395851763
79400,4,2.395905812
79410,4,2.395962199
79420,4,2.396017147
79430,4,2.396070178
79440,4,2.396123822
79450,4,2.396178632
79460,4,2.396233006
79470,4,2.396287443
79480,4,2.396344028
79490,4,2.39639661
79500,4,2.39645101
79510,4,2.396507336
79520,4,2.396560666
79530,4,2.396614305
79540,4,2.396670188
79550,4,2.396722766
79560,4,2.396777847
79570,4,2.396832839
79580,4,2.396887583
79590,4,2.396941177
79600,4,2.396995006
79610,4,2.397052094
79620,4,2.397106455
79630,4,2.397160691
79640,4,2.397216485
79650,4,2.397269852
79660,4,2.397321746
79670,4,2.397377592
79680,4,2.397432537
79690,4,2.397486053
79700,4,2.397541171
79710,4,2.397595343
79720,4,2.397649271
79730,4,2.397705473
79740,4,2.397758665
79750,4,2.397813781
79760,4,2.39786819
79770,4,2.397923391
79780,4,2.397977802
79790,4,2.398032983
79800,4,2.398087046
79810,4,2.398139993
79820,4,2.398196193
79830,4,2.398250793
79840,4,2.398305336
79850,4,2.398359463
79860,4,2.398413241
79870,4,2.398468929
79880,4,2.398523608
79890,4,2.398579322
79900,4,2.398634253
79910,4,2.398685171
79920,4,2.398744447
79930,4,2.398795269
79940,4,2.398851138
79950,4,2.398906464
79960,4,2.398961527
79970,4,2.399015923
79980,4,2.399071375
79990,4,2.399124993
80000,4,2.399179632
80010,4,2.399233435
80020,4,2.399288681
80030,4,2.399343939
80040,4,2.399396923
80050,4,2.399454543
80060,4,2.3995107
80070,4,2.399561554
80080,4,2.399615909
80090,4,2.399672443
80100,4,2.399726015
80110,4,2.39978079
80120,4,2.399836454
80130,4,2.39989038
80140,4,2.399945815
80150,4,2.400000882
80160,4,2.400054989
80170,4,2.40010985
80180,4,2.400163397
80190,4,2.400218044
80200,4,2.400272327
80210,4,2.400328151
80220,4,2.400384552
80230,4,2.400437799
80240,4,2.400492271
80250,4,2.400545946
80260,4,2.400602149
80270,4,2.400657547
80280,4,2.400711536
80290,4,2.400766733
80300,4,2.400819214
80310,4,2.400877393
80320,4,2.40093128
80330,4,2.40098488
80340,4,2.401040923
80350,4,2.401095989
80360,4,2.40115058
80370,4,2.401205383
80380,4,2.401258808
80390,4,2.401315353
80400,4,2.40136869
80410,4,2.401423298
80420,4,2.401478156
80430,4,2.401533771
80440,4,2.401588401
80450,4,2.401643056
80460,4,2.40169609
80470,4,2.401751188
80480,4,2.401807351
80490,4,2.401861047
80500,4,2.401918339
80510,4,2.401972037
80520,4,2.402026282
80530,4,2.402082204
80540,4,2.40213645
80550,4,2.402191462
80560,4,2.402245046
80570,4,2.402301343
80580,4,2.402354868
80590,4,2.402411781
80600,4,2.402464659
80610,4,2.402519738
80620,4,2.402574812
80630,4,2.40263056
80640,4,2.402684915
80650,4,2.40273973
80660,4,2.402794541
80670,4,2.402849146
80680,4,2.402904514
80690,4,2.402961469
80700,4,2.403013465
80710,4,2.403068407
80720,4,2.403121856
80730,4,2.403179718
80740,4,2.403232381
80750,4,2.403288389
80760,4,2.403341716
80770,4,2.403396265
80780,4,2.403451183
80790,4,2.403507652
80800,4,2.403562815
80810,4,2.403617666
80820,4,2.403671475
80830,4,2.40372626
80840,4,2.403782025
80850,4,2.403836798
80860,4,2.403891284
80870,4,2.403947099
80880,4,2.40400052
80890,4,2.404057141
80900,4,2.404111979
80910,4,2.404163379
80920,4,2.404218989
80930,4,2.40427691
80940,4,2.404331688
80950,4,2.404386353
80960,4,2.404439597
80970,4,2.404495134
80980,4,2.404550847
80990,4,2.404605905
81000,4,2.404659428
81010,4,2.404715331
81020,4,2.404770162
81030,4,2.404824289
81040,4,2.404877628
81050,4,2.404933718
81060,4,2.404991622
81070,4,2.405045687
81080,4,2.405100118
81090,4,2.405155009
81100,4,2.405207885
81110,4,2.405262082
81120,4,2.405317952
81130,4,2.405373101
81140,4,2.405428264
81150,4,2.405484336
81160,4,2.405539703
81170,4,2.405593878
81180,4,2.40564797
81190,4,2.405702575
81200,4,2.40575723
81210,4,2.405811264
81220,4,2.405867413
81230,4,2.405920868
81240,4,2.405976553
81250,4,2.406031893
81260,4,2.406088603
81270,4,2.406142354
81280,4,2.406198423
81290,4,2.40625247
81300,4,2.406309256
81310,4,2.406362644
81320,4,2.406415687
81330,4,2.406471499
81340,4,2.406525762
81350,4,2.406581718
81360,4,2.406634552
81370,4,2.406691296
81380,4,2.406747798
81390,4,2.406800821
81400,4,2.406854371
81410,4,2.406910044
81420,4,2.406965306
81430,4,2.407020791
81440,4,2.407075033
81450,4,2.407130193
81460,4,2.407185023
81470,4,2.407237885
81480,4,2.40729462
81490,4,2.407350508
81500,4,2.40740502
81510,4,2.407457926
81520,4,2.407511065
81530,4,2.407568065
81540,4,2.407622817
81550,4,2.407677777
81560,4,2.407733738
81570,4,2.407787493
81580,4,2.407843319
81590,4,2.407899719
81600,4,2.407952868
81610,4,2.408006675
81620,4,2.408061357
81630,4,2.408117474
81640,4,2.40817162
81650,4,2.408226475
81660,4,2.408281846
81670,4,2.408337495
81680,4,2.408391397
81690,4,2.408446489
81700,4,2.408502467
81710,4,2.408555322
81720,4,2.408611981
81730,4,2.408665786
81740,4,2.408720663
81750,4,2.408773342
81760,4,2.40883057
81770,4,2.408884965
81780,4,2.408940153
81790,4,2.408996092
81800,4,2.409049877
81810,4,2.409102567
81820,4,2.409159069
81830,4,2.409213523
81840,4,2.409269994
81850,4,2.409322276
81860,4,2.409377042
81870,4,2.409434164
81880,4,2.40948864
81890,4,2.409543627
81900,4,2.409596804
81910,4,2.409654719
81920,4,2.409706055
81930,4,2.409761325
81940,4,2.409817206
81950,4,2.409869635
81960,4,2.409928016
81970,4,2.409981719
81980,4,2.410036763
81990,4,2.410090909
82000,4,2.410145437
82010,4,2.410200444
82020,4,2.410255398
82030,4,2.410311543
82040,4,2.410364731
82050,4,2.410420435
82060,4,2.410475091
82070,4,2.410529984
82080,4,2.410583434
82090,4,2.410638789
82100,4,2.410693777
82110,4,2.410749532
82120,4,2.410803258
82130,4,2.410857903
82140,4,2.410912127
82150,4,2.410966645
82160,4,2.411023301
82170,4,2.411075479
82180,4,2.411132845
82190,4,2.411186306
82200,4,2.411240466
82210,4,2.411296016
82220,4,2.41134905
82230,4,2.411406961
82240,4,2.411460445
82250,4,2.411513027
82260,4,2.411568616
82270,4,2.411623824
82280,4,2.411680178
82290,4,2.411735986
82300,4,2.411788887
82310,4,2.411842806
82320,4,2.411898027
82330,4,2.411952025
82340,4,2.412006442
82350,4,2.412062181
82360,4,2.412117723
82370,4,2.412171002
82380,4,2.412226209
82390,4,2.412281097
82400,4,2.412334193
82410,4,2.412387856
82420,4,2.41244615
82430,4,2.412497914
82440,4,2.412552429
82450,4,2.412609111
82460,4,2.412662186
82470,4,2.412715802
82480,4,2.412772717
82490,4,2.41282659
82500,4,2.412880929
82510,4,2.412934912
82520,4,2.412990678
82530,4,2.413046765
82540,4,2.41309888
82550,4,2.41315508
82560,4,2.413211122
82570,4,2.413264463
82580,4,2.413316975
82590,4,2.413373086
82600,4,2.413427855
82610,4,2.413483353
82620,4,2.413535928
82630,4,2.413590331
82640,4,2.41364468
82650,4,2.4137014
82660,4,2.413755366
82670,4,2.413810136
82680,4,2.413866163
82690,4,2.413919026
82700,4,2.413973814
82710,4,2.414028102
82720,4,2.41408091
82730,4,2.414136667
82740,4,2.414191523
82750,4,2.414246655
82760,4,2.414301061
82770,4,2.414355718
82780,4,2.41440908
82790,4,2.414464235
82800,4,2.414516968
82810,4,2.414572366
82820,4,2.414627769
82830,4,2.414680718
82840,4,2.414735542
82850,4,2.414789998
82860,4,2.414844368
82870,4,2.414900019
82880,4,2.414953999
82890,4,2.415008271
82900,4,2.415062368
82910,4,2.41511768
82920,4,2.415173809
82930,4,2.41522684
82940,4,2.41528037
82950,4,2.415333066
82960,4,2.415388622
82970,4,2.415443632
82980,4,2.415499517
82990,4,2.415550843
83000,4,2.415607827
83010,4,2.415660061
83020,4,2.415717529
83030,4,2.415771413
83040,4,2.415824685
83050,4,2.415877146
83060,4,2.415933317
83070,4,2.415989258
83080,4,2.416041876
83090,4,2.416095067
83100,4,2.416152246
83110,4,2.41620603
83120,4,2.416258546
83130,4,2.416314135
83140,4,2.416370261
83150,4,2.416422302
83160,4,2.416474723
83170,4,2.416530759
83180,4,2.416584501
83190,4,2.416639097
83200,4,2.416692481
83210,4,2.41674755
83220,4,2.416802438
83230,4,2.416854164
83240,4,2.416912768
83250,4,2.416963402
83260,4,2.417018045
83270,4,2.417072817
83280,4,2.417127572
83290,4,2.417181204
83300,4,2.417236462
83310,4,2.417290315
83320,4,2.417345513
83330,4,2.417399024
83340,4,2.417453206
83350,4,2.417506327
83360,4,2.417561227
83370,4,2.41761518
83380,4,2.417669778
83390,4,2.417723447
83400,4,2.417777085
83410,4,2.417832456
83420,4,2.417885546
83430,4,2.417940707
83440,4,2.417995208
83450,4,2.418049317
83460,4,2.418102034
83470,4,2.418155769
83480,4,2.418208896
83490,4,2.418264172
83500,4,2.418320361
83510,4,2.418373421
83520,4,2.418426634
83530,4,2.41848049
83540,4,2.418535245
83550,4,2.418588749
83560,4,2.418643792
83570,4,2.418696273
83580,4,2.418750231
83590,4,2.418803515
83600,4,2.418859898
83610,4,2.418912574
83620,4,2.418967013
83630,4,2.419019968
83640,4,2.419075389
83650,4,2.419129175
83660,4,2.419182399
83670,4,2.419236226
83680,4,2.419289392
83690,4,2.419343866
83700,4,2.419398149
83710,4,2.419452432
83720,4,2.419506714
83730,4,2.419558786
83740,4,2.419613415
83750,4,2.419665294
83760,4,2.419723582
83770,4,2.419776201
83780,4,2.419828603
83790,4,2.419883796
83800,4,2.419938103
83810,4,2.419990662
83820,4,2.420044131
83830,4,2.420098891
83840,4,2.420153869
83850,4,2.420205599
83860,4,2.420260592
83870,4,2.420313992
83880,4,2.420369396
83890,4,2.420422852
83900,4,2.42047458
83910,4,2.420527515
83920,4,2.420582813
83930,4,2.420636428
83940,4,2.420691182
83950,4,2.420745032
83960,4,2.420799636
83970,4,2.420849579
83980,4,2.420905057
83990,4,2.420956804
84000,4,2.421012277
84010,4,2.421066318
84020,4,2.421118465
84030,4,2.42117484
84040,4,2.421228262
84050,4,2.421280036
84060,4,2.421333216
84070,4,2.421387784
84080,4,2.421441815
84090,4,2.421495725
84100,4,2.421548964
84110,4,2.421601351
84120,4,2.42165534
84130,4,2.421710454
84140,4,2.421763197
84150,4,2.421815194
84160,4,2.421872285
84170,4,2.42192307
84180,4,2.4219773
84190,4,2.422031773
84200,4,2.422084278
84210,4,2.422137354
84220,4,2.422190506
84230,4,2.422244174
84240,4,2.422297053
84250,4,2.422350777
84260,4,2.422404163
84270,4,2.422458823
84280,4,2.422510513
84290,4,2.422566777
84300,4,2.422617715
84310,4,2.422671054
84320,4,2.42272507
84330,4,2.422777226
84340,4,2.422833951
84350,4,2.422885276
84360,4,2.42293778
84370,4,2.422992198
84380,4,2.423045704
84390,4,2.423097171
84400,4,2.423152601
84410,4,2.4232065
84420,4,2.423258282
84430,4,2.423312095
84440,4,2.423366425
84450,4,2.423420178
84460,4,2.4234723
84470,4,2.423525065
84480,4,2.423579337
84490,4,2.423631212
84500,4,2.42368489
84510,4,2.423738396
84520,4,2.423790373
84530,4,2.423845425
84540,4,2.423896856
84550,4,2.423949782
84560,4,2.424003861
84570,4,2.424055538
84580,4,2.424110365
84590,4,2.424164343
84600,4,2.424217136
84610,4,2.424269327
84620,4,2.424322027
84630,4,2.424374217
84640,4,2.424429194
84650,4,2.424482056
84660,4,2.424533483
84670,4,2.424587406
84680,4,2.42464001
84690,4,2.424694956
84700,4,2.424746959
84710,4,2.424800229
84720,4,2.424852782
84730,4,2.424904133
84740,4,2.424956777
84750,4,2.425009907
84760,4,2.42506373
84770,4,2.425116332
84780,4,2.425172592
84790,4,2.425221681
84800,4,2.425275858
84810,4,2.425329688
84820,4,2.425381042
84830,4,2.425433916
84840,4,2.425487108
84850,4,2.425541025
84860,4,2.425593027
84870,4,2.425646407
84880,4,2.425700099
84890,4,2.425750987
84900,4,2.425804345
84910,4,2.425857409
84920,4,2.425910463
84930,4,2.425962183
84940,4,2.426014719
84950,4,2.426068568
84960,4,2.426121621
84970,4,2.426173096
84980,4,2.426226767
84990,4,2.426278169
85000,4,2.426330416
85010,4,2.42638272
85020,4,2.426436961
85030,4,2.426490103
85040,4,2.426541323
85050,4,2.426596151
85060,4,2.426648797
85070,4,2.426697879
85080,4,2.426752344
85090,4,2.426805399
85100,4,2.426858934
85110,4,2.426910269
85120,4,2.426962407
85130,4,2.427012542
85140,4,2.427068012
85150,4,2.427121596
85160,4,2.427172152
85170,4,2.427226236
85180,4,2.427277167
85190,4,2.427330128
85200,4,2.427380777
85210,4,2.427436423
85220,4,2.42748672
85230,4,2.427539844
85240,4,2.427591022
85250,4,2.427643052
85260,4,2.42769629
85270,4,2.427748128
85280,4,2.427800316
85290,4,2.427852558
85300,4,2.427906959
85310,4,2.42795719
85320,4,2.428009997
85330,4,2.428063267
85340,4,2.428112859
85350,4,2.428167089
85360,4,2.42822
85370,4,2.428271071
85380,4,2.428324794
85390,4,2.428375527
85400,4,2.428428133
85410,4,2.428479753
85420,4,2.428533406
85430,4,2.42858398
85440,4,2.42863648
85450,4,2.42868811
85460,4,2.428740553
85470,4,2.428793653
85480,4,2.428845422
85490,4,2.428898241
85500,4,2.428949853
85510,4,2.429002191
85520,4,2.42905371
85530,4,2.429104863
85540,4,2.429156489
85550,4,2.429207849
85560,4,2.429260676
85570,4,2.429311484
85580,4,2.429363415
85590,4,2.429417653
85600,4,2.429469923
85610,4,2.429522025
85620,4,2.429573003
85630,4,2.429623519
85640,4,2.429675421
85650,4,2.429729625
85660,4,2.429780585
85670,4,2.429831879
85680,4,2.42988475
85690,4,2.429935288
85700,4,2.429986931
85710,4,2.430037393
85720,4,2.430090401
85730,4,2.430143043
85740,4,2.43019416
85750,4,2.430248
85760,4,2.430296554
85770,4,2.430349013
85780,4,2.43040005
85790,4,2.430452165
85800,4,2.430506163
85810,4,2.430554915
85820,4,2.430606664
85830,4,2.430657466
85840,4,2.430711009
85850,4,2.430762276
85860,4,2.430814009
85870,4,2.430865215
85880,4,2.43091793
85890,4,2.430968609
85900,4,2.431018099
85910,4,2.431070075
85920,4,2.431121382
85930,4,2.431174018
85940,4,2.43122415
85950,4,2.431275637
85960,4,2.431329833
85970,4,2.431379527
85980,4,2.431429865
85990,4,2.431482326
86000,4,2.431533125
86010,4,2.431583303
86020,4,2.431637451
86030,4,2.43168644
86040,4,2.431740478
86050,4,2.431790819
86060,4,2.431843598
86070,4,2.431892762
86080,4,2.431945252
86090,4,2.431996221
86100,4,2.432047685
86110,4,2.432098242
86120,4,2.432150543
86130,4,2.432199176
86140,4,2.432253241
86150,4,2.432300749
86160,4,2.432354667
86170,4,2.432405599
86180,4,2.432455389
86190,4,2.432508032
86200,4,2.432558038
86210,4,2.43260991
86220,4,2.432661111
86230,4,2.432711136
86240,4,2.432761883
86250,4,2.432809939
86260,4,2.432863981
86270,4,2.43291552
86280,4,2.432965181
86290,4,2.433015312
86300,4,2.433066323
86310,4,2.433118819
86320,4,2.4331695
86330,4,2.433222132
86340,4,2.433271314
86350,4,2.433322794
86360,4,2.433370016
86370,4,2.433424382
86380,4,2.433474671
86390,4,2.433525551
86400,4,2.433576934
86410,4,2.433625503
86420,4,2.433677313
86430,4,2.43372866
86440,4,2.433779992
86450,4,2.433829259
86460,4,2.433880397
86470,4,2.43393062
86480,4,2.433980223
86490,4,2.434032593
86500,4,2.434081512
86510,4,2.434133823
86520,4,2.434183833
86530,4,2.434233296
86540,4,2.434284044
86550,4,2.434333833
86560,4,2.434386681
86570,4,2.434437712
86580,4,2.434486113
86590,4,2.434535651
86600,4,2.434588028
86610,4,2.43463796
86620,4,2.434688712
86630,4,2.434738256
86640,4,2.434789246
86650,4,2.434840259
86660,4,2.434890985
86670,4,2.434939367
86680,4,2.434990292
86690,4,2.435040218
86700,4,2.435089466
86710,4,2.435139553
86720,4,2.435191218
86730,4,2.435242551
86740,4,2.435291117
86750,4,2.435341509
86760,4,2.435392131
86770,4,2.435442691
86780,4,2.435493046
86790,4,2.435541962
86800,4,2.435592284
86810,4,2.435642921
86820,4,2.435690774
86830,4,2.435743648
86840,4,2.435793548
86850,4,2.435843176
86860,4,2.435893414
86870,4,2.435943785
86880,4,2.435993592
86890,4,2.436041886
86900,4,2.436092437
86910,4,2.43614173
86920,4,2.436191172
86930,4,2.436241465
86940,4,2.436291411
86950,4,2.43634253
86960,4,2.436390853
86970,4,2.436440465
86980,4,2.43649233
86990,4,2.43654061
87000,4,2.436591636
87010,4,2.436641777
87020,4,2.436689957
87030,4,2.436739868
87040,4,2.436789639
87050,4,2.436840734
87060,4,2.436887714
87070,4,2.436937505
87080,4,2.436987579
87090,4,2.437036676
87100,4,2.437086562
87110,4,2.437136424
87120,4,2.437185135
87130,4,2.437235179
87140,4,2.437286866
87150,4,2.437333224
87160,4,2.437385571
87170,4,2.437436254
87180,4,2.437483305
87190,4,2.437532682
87200,4,2.437581137
87210,4,2.4376302
87220,4,2.437679403
87230,4,2.437729195
87240,4,2.437778008
87250,4,2.437827062
87260,4,2.437877874
87270,4,2.437925965
87280,4,2.437975493
87290,4,2.438024374
87300,4,2.438074967
87310,4,2.438123586
87320,4,2.438171709
87330,4,2.438220421
87340,4,2.438271774
87350,4,2.438321905
87360,4,2.438370015
87370,4,2.438419375
87380,4,2.438468654
87390,4,2.438515813
87400,4,2.438564558
87410,4,2.438614665
87420,4,2.438663972
87430,4,2.438712971
87440,4,2.438762256
87450,4,2.438810557
87460,4,2.438860627
87470,4,2.438908626
87480,4,2.438956543
87490,4,2.439007478
87500,4,2.439055246
87510,4,2.439104657
87520,4,2.439151418
87530,4,2.439199954
87540,4,2.439250513
87550,4,2.439298483
87560,4,2.439347568
87570,4,2.439396549
87580,4,2.439446784
87590,4,2.439493966
87600,4,2.439543006
87610,4,2.439589627
87620,4,2.439641448
87630,4,2.43969126
87640,4,2.439736152
87650,4,2.439784448
87660,4,2.439833428
87670,4,2.439880574
87680,4,2.43993036
87690,4,2.439980381
87700,4,2.440027023
87710,4,2.440075202
87720,4,2.440124972
87730,4,2.440174818
87740,4,2.440222634
87750,4,2.440271059
87760,4,2.440319044
87770,4,2.440365629
87780,4,2.440415959
87790,4,2.440463268
87800,4,2.440511748
87810,4,2.440561634
87820,4,2.440607654
87830,4,2.44065816
87840,4,2.440703567
87850,4,2.440751185
87860,4,2.440799342
87870,4,2.440849925
87880,4,2.440895456
87890,4,2.440944831
87900,4,2.440991646
87910,4,2.441040216
87920,4,2.441090238
87930,4,2.441136303
87940,4,2.441185541
87950,4,2.441233883
87960,4,2.441280217
87970,4,2.441328316
87980,4,2.441377355
87990,4,2.441425031
88000,4,2.441473201
88010,4,2.441519602
88020,4,2.441567069
88030,4,2.441615601
88040,4,2.441663935
88050,4,2.441711653
88060,4,2.441759946
88070,4,2.441806507
88080,4,2.441855732
88090,4,2.441901339
88100,4,2.441951356
88110,4,2.441998021
88120,4,2.442044464
88130,4,2.442092318
88140,4,2.442141075
88150,4,2.442188581
88160,4,2.442237025
88170,4,2.442284357
88180,4,2.442330357
88190,4,2.442379403
88200,4,2.442425541
88210,4,2.442473158
88220,4,2.442520138
88230,4,2.442568165
88240,4,2.442615884
88250,4,2.442662052
88260,4,2.442709595
88270,4,2.442755965
88280,4,2.442805416
88290,4,2.442850808
88300,4,2.442897098
88310,4,2.442946651
88320,4,2.442993827
88330,4,2.443043158
88340,4,2.443086015
88350,4,2.443133817
88360,4,2.443181845
88370,4,2.443228853
88380,4,2.443274997
88390,4,2.443321259
88400,4,2.443369418
88410,4,2.44341698
88420,4,2.443463509
88430,4,2.443511491
88440,4,2.443556629
88450,4,2.443607181
88460,4,2.443652316
88470,4,2.443700591
88480,4,2.443745976
88490,4,2.443792448
88500,4,2.44384182
88510,4,2.443884476
88520,4,2.443933399
88530,4,2.443980033
88540,4,2.444025725
88550,4,2.444072651
88560,4,2.44411985
88570,4,2.44416624
88580,4,2.444212921
88590,4,2.444259249
88600,4,2.444304726
88610,4,2.444352702
88620,4,2.444400142
88630,4,2.444446067
88640,4,2.444493726
88650,4,2.444540782
88660,4,2.444586035
88670,4,2.444631484
88680,4,2.444677066
88690,4,2.444724556
88700,4,2.4447683
88710,4,2.44481645
88720,4,2.444863894
88730,4,2.444910808
88740,4,2.444954842
88750,4,2.44500362
88760,4,2.445048807
88770,4,2.445095827
88780,4,2.445140424
88790,4,2.445188025
88800,4,2.44523428
88810,4,2.445278677
88820,4,2.445325883
88830,4,2.44537348
88840,4,2.445419144
88850,4,2.445466422
88860,4,2.445510543
88870,4,2.445556958
88880,4,2.445603073
88890,4,2.445648591
88900,4,2.445695008
88910,4,2.445740981
88920,4,2.445786771
88930,4,2.445831734
88940,4,2.445876683
88950,4,2.445924048
88960,4,2.445967277
88970,4,2.446015414
88980,4,2.446061907
88990,4,2.446108016
89000,4,2.446151257
89010,4,2.446198917
89020,4,2.446243144
89030,4,2.446290465
89040,4,2.446334278
89050,4,2.446379709
89060,4,2.446427112
89070,4,2.44647205
89080,4,2.446518643
89090,4,2.446561635
89100,4,2.446607
89110,4,2.446654691
89120,4,2.446699045
89130,4,2.446745216
89140,4,2.446790197
89150,4,2.446833406
89160,4,2.446881655
89170,4,2.446926052
89180,4,2.446972766
89190,4,2.447016699
89200,4,2.44706151
89210,4,2.447106922
89220,4,2.447150818
89230,4,2.447196986
89240,4,2.44724283
89250,4,2.447287993
89260,4,2.447333869
89270,4,2.447377665
89280,4,2.447420894
89290,4,2.447467915
89300,4,2.447511434
89310,4,2.447556284
89320,4,2.447601464
89330,4,2.447649466
89340,4,2.447692237
89350,4,2.447738224
89360,4,2.447781319
89370,4,2.447827323
89380,4,2.447872899
89390,4,2.447918093
89400,4,2.447958405
89410,4,2.448006942
89420,4,2.448052066
89430,4,2.448095106
89440,4,2.448141185
89450,4,2.4481833
89460,4,2.448230477
89470,4,2.448275191
89480,4,2.448316532
89490,4,2.448364334
89500,4,2.448407684
89510,4,2.448453079
89520,4,2.448495571
89530,4,2.448543248
89540,4,2.448586906
89550,4,2.448630435
89560,4,2.448673982
89570,4,2.448720467
89580,4,2.448763413
89590,4,2.44880591
89600,4,2.44885351
89610,4,2.448895559
89620,4,2.448940288
89630,4,2.448983071
89640,4,2.449025884
89650,4,2.449072179
89660,4,2.449117861
89670,4,2.449161031
89680,4,2.449204428
89690,4,2.449249582
89700,4,2.449292389
89710,4,2.44933874
89720,4,2.449379728
89730,4,2.449425789
89740,4,2.449469775
89750,4,2.449511619
89760,4,2.449557813
89770,4,2.449600142
89780,4,2.449643412
89790,4,2.449687777
89800,4,2.449732439
89810,4,2.449775113
89820,4,2.449821007
89830,4,2.449864991
89840,4,2.449906772
89850,4,2.449950006
89860,4,2.449993867
89870,4,2.450038401
89880,4,2.450081934
89890,4,2.450124746
89900,4,2.450168328
89910,4,2.450213071
89920,4,2.450255366
89930,4,2.450298978
89940,4,2.450344731
89950,4,2.450385254
89960,4,2.450430069
89970,4,2.45047173
89980,4,2.450516471
89990,4,2.450557292
90000,4,2.450603373
90010,4,2.450647197
90020,4,2.450688771
90030,4,2.450731895
90040,4,2.450774959
90050,4,2.450818681
90060,4,2.450862655
90070,4,2.450907188
90080,4,2.450947057
90090,4,2.450992771
90100,4,2.451034862
90110,4,2.451077198
90120,4,2.451120225
90130,4,2.451163932
90140,4,2.451205353
90150,4,2.451249477
90160,4,2.451291732
90170,4,2.451334028
90180,4,2.451378458
90190,4,2.451421403
90200,4,2.451463136
90210,4,2.451505084
90220,4,2.451548961
90230,4,2.451591232
90240,4,2.451633013
90250,4,2.451676884
90260,4,2.451719002
90270,4,2.451761883
90280,4,2.451801839
90290,4,2.451848167
90300,4,2.45188889
90310,4,2.451932441
90320,4,2.451973505
90330,4,2.452017184
90340,4,2.45205718
90350,4,2.452101288
90360,4,2.452142876
90370,4,2.45218771
90380,4,2.452227953
90390,4,2.45227216
90400,4,2.452313484
90410,4,2.452354893
90420,4,2.452398149
90430,4,2.452438389
90440,4,2.45248356
90450,4,2.452523683
90460,4,2.452566262
90470,4,2.452607886
90480,4,2.45264911
90490,4,2.452692141
90500,4,2.452734338
90510,4,2.452776074
90520,4,2.452819064
90530,4,2.452859784
90540,4,2.452901489
90550,4,2.45294369
90560,4,2.452985047
90570,4,2.453026919
90580,4,2.453069094
90590,4,2.453110784
90600,4,2.453151708
90610,4,2.453192787
90620,4,2.453237026
90630,4,2.453278186
90640,4,2.453319753
90650,4,2.453361325
90660,4,2.453400574
90670,4,2.453443058
90680,4,2.453484419
90690,4,2.453525756
90700,4,2.453568198
90710,4,2.453607589
90720,4,2.453651328
90730,4,2.453692416
90740,4,2.453733468
90750,4,2.453774776
90760,4,2.453815288
90770,4,2.4538563
90780,4,2.453899144
90790,4,2.453941202
90800,4,2.453979815
90810,4,2.454022654
90820,4,2.454064209
90830,4,2.454104478
90840,4,2.454145196
90850,4,2.454186699
90860,4,2.454227238
90870,4,2.454268096
90880,4,2.454308563
90890,4,2.454350545
90900,4,2.4543901
90910,4,2.454432386
90920,4,2.454473578
90930,4,2.454514873
90940,4,2.454556243
90950,4,2.454594104
90960,4,2.454636185
90970,4,2.454678539
90980,4,2.454719122
90990,4,2.45475709
91000,4,2.454797382
91010,4,2.454839486
91020,4,2.454879594
91030,4,2.454918169
91040,4,2.454958322
91050,4,2.455002392
91060,4,2.455040108
91070,4,2.455082285
91080,4,2.455122981
91090,4,2.455162135
91100,4,2.455204441
91110,4,2.455243516
91120,4,2.455283722
91130,4,2.455323514
91140,4,2.455364799
91150,4,2.455404028
91160,4,2.45544638
91170,4,2.455485336
91180,4,2.455524362
91190,4,2.455566097
91200,4,2.455604221
91210,4,2.455645317
91220,4,2.455685259
91230,4,2.455724162
91240,4,2.455764408
91250,4,2.455805791
91260,4,2.45584594
91270,4,2.455884677
91280,4,2.45592609
91290,4,2.455967458
91300,4,2.456005409
91310,4,2.456044076
91320,4,2.456083929
91330,4,2.456124683
91340,4,2.456164581
91350,4,2.456202385
91360,4,2.456244111
91370,4,2.456282495
91380,4,2.45632063
91390,4,2.456361322
91400,4,2.456401187
91410,4,2.456441058
91420,4,2.456480161
91430,4,2.456520502
91440,4,2.456558503
91450,4,2.45659649
91460,4,2.456638194
91470,4,2.456677344
91480,4,2.456716877
91490,4,2.456754184
91500,4,2.456793737
91510,4,2.456834067
91520,4,2.456871463
91530,4,2.456913063
91540,4,2.456950967
91550,4,2.456988331
91560,4,2.457027871
91570,4,2.457066958
91580,4,2.457107794
91590,4,2.457145564
91600,4,2.457184668
91610,4,2.457223502
91620,4,2.457261915
91630,4,2.457299224
91640,4,2.457340376
91650,4,2.457378726
91660,4,2.457416251
91670,4,2.45745745
91680,4,2.45749309
91690,4,2.457532564
91700,4,2.457571596
91710,4,2.457611165
91720,4,2.457649583
91730,4,2.457686429
91740,4,2.457727889
91750,4,2.457763607
91760,4,2.457803733
91770,4,2.457841152
91780,4,2.457877488
91790,4,2.457917939
91800,4,2.457956121
91810,4,2.457993226
91820,4,2.45803281
91830,4,2.45807031
91840,4,2.458109947
91850,4,2.458148549
91860,4,2.458186838
91870,4,2.458223625
91880,4,2.458262131
91890,4,2.458299949
91900,4,2.458339259
91910,4,2.458375442
91920,4,2.458414424
91930,4,2.458449863
91940,4,2.458490877
91950,4,2.458525599
91960,4,2.458565131
91970,4,2.458601461
91980,4,2.458641369
91990,4,2.458678092
92000,4,2.458716285
92010,4,2.458754935
92020,4,2.45879108
92030,4,2.458828845
92040,4,2.458866673
92050,4,2.458903017
92060,4,2.458940962
92070,4,2.45897932
92080,4,2.459015469
92090,4,2.459055011
92100,4,2.459092857
92110,4,2.459128844
92120,4,2.459167222
92130,4,2.459203608
92140,4,2.459241759
92150,4,2.459277883
92160,4,2.459314765
92170,4,2.459351719
92180,4,2.459389226
92190,4,2.459427172
92200,4,2.45946369
92210,4,2.459500791
92220,4,2.459536116
92230,4,2.459573953
92240,4,2.459612257
92250,4,2.459651359
92260,4,2.459686198
92270,4,2.45972252
92280,4,2.459760695
92290,4,2.459796466
92300,4,2.459831524
92310,4,2.459869685
92320,4,2.459906448
92330,4,2.459943689
92340,4,2.459979121
92350,4,2.460015888
92360,4,2.460052172
92370,4,2.460090829
92380,4,2.460125643
92390,4,2.460164726
92400,4,2.46019885
92410,4,2.460235514
92420,4,2.46027097
92430,4,2.460309668
92440,4,2.460344975
92450,4,2.460382067
92460,4,2.460418472
92470,4,2.460454542
92480,4,2.460489756
92490,4,2.460527484
92500,4,2.460564108
92510,4,2.460598265
92520,4,2.460636541
92530,4,2.460671982
92540,4,2.460709044
92550,4,2.460744417
92560,4,2.460778562
92570,4,2.460815779
92580,4,2.460852722
92590,4,2.460886733
92600,4,2.460921581
92610,4,2.460957659
92620,4,2.460996073
92630,4,2.461028233
92640,4,2.461065698
92650,4,2.461104917
92660,4,2.461138219
92670,4,2.461174438
92680,4,2.461209838
92690,4,2.461246173
92700,4,2.461279242
92710,4,2.461316171
92720,4,2.461350277
92730,4,2.461386675
92740,4,2.461421457
92750,4,2.461457904
92760,4,2.461491283
92770,4,2.461528263
92780,4,2.461563253
92790,4,2.461600906
92800,4,2.461634776
92810,4,2.461670094
92820,4,2.461704148
92830,4,2.46173789
92840,4,2.461773563
92850,4,2.461809447
92860,4,2.461842368
92870,4,2.461879721
92880,4,2.461913919
92890,4,2.461949071
92900,4,2.461985838
92910,4,2.462020643
92920,4,2.462054433
92930,4,2.462088259
92940,4,2.462123861
92950,4,2.462158318
92960,4,2.462192634
92970,4,2.462228401
92980,4,2.462263669
92990,4,2.46229828
93000,4,2.462332139
93010,4,2.462367399
93020,4,2.462399037
93030,4,2.462436117
93040,4,2.462471847
93050,4,2.462505281
93060,4,2.462538873
93070,4,2.46257402
93080,4,2.462607964
93090,4,2.462641835
93100,4,2.462675391
93110,4,2.462710352
93120,4,2.462743847
93130,4,2.462778164
93140,4,2.462810515
93150,4,2.462847046
93160,4,2.462883874
93170,4,2.462919435
93180,4,2.46294946
93190,4,2.462982393
93200,4,2.463016869
155910,4,2.318246139
155920,4,2.318280841
155930,4,2.318315162
155940,4,2.318352244
155950,4,2.318386401
155960,4,2.318422129
155970,4,2.318458398
155980,4,2.31849203
155990,4,2.31852965
156000,4,2.318564124
156010,4,2.318599313
156020,4,2.318634942
156030,4,2.31867304
156040,4,2.31870628
156050,4,2.31874296
156060,4,2.318776268
156070,4,2.318815492
156080,4,2.3188496
156090,4,2.318886058
156100,4,2.318920149
156110,4,2.318958107
156120,4,2.318993049
156130,4,2.319027399
156140,4,2.319064319
156150,4,2.319101238
156160,4,2.319136695
156170,4,2.319172332
156180,4,2.319208065
156190,4,2.319243787
156200,4,2.319279278
156210,4,2.319315852
156220,4,2.319353531
156230,4,2.319389037
156240,4,2.319424253
156250,4,2.319459778
156260,4,2.319498005
156270,4,2.31953419
156280,4,2.319568596
156290,4,2.319610067
156300,4,2.319643035
156310,4,2.319678347
156320,4,2.319716339
156330,4,2.319754549
156340,4,2.319791565
156350,4,2.319825666
156360,4,2.319862197
156370,4,2.319900027
156380,4,2.319937586
156390,4,2.319972149
156400,4,2.320009327
156410,4,2.320046969
156420,4,2.320083097
156430,4,2.320119964
156440,4,2.320155751
156450,4,2.320195131
156460,4,2.320230652
156470,4,2.320266534
156480,4,2.320303929
156490,4,2.320342084
156500,4,2.320378321
156510,4,2.32041347
156520,4,2.320453476
156530,4,2.320489254
156540,4,2.320526324
156550,4,2.320560504
156560,4,2.320600795
156570,4,2.320638342
156580,4,2.320672998
156590,4,2.320713316
156600,4,2.320749429
156610,4,2.320786571
156620,4,2.320824129
156630,4,2.320863769
156640,4,2.32090149
156650,4,2.320938658
156660,4,2.320975227
156670,4,2.32101351
156680,4,2.321048709
156690,4,2.321088128
156700,4,2.321125353
156710,4,2.321162682
156720,4,2.321199975
156730,4,2.321237899
156740,4,2.321277288
156750,4,2.321311791
156760,4,2.321352342
156770,4,2.321388776
156780,4,2.321425999
156790,4,2.321466322
156800,4,2.321502641
156810,4,2.321539554
156820,4,2.321578894
156830,4,2.321617197
156840,4,2.321655818
156850,4,2.321692516
156860,4,2.321729967
156870,4,2.321771006
156880,4,2.321808646
156890,4,2.321845834
156900,4,2.321885259
156910,4,2.321922715
156920,4,2.321960458
156930,4,2.321997671
156940,4,2.322037066
156950,4,2.322074736
156960,4,2.32211449
156970,4,2.322152886
156980,4,2.322191754
156990,4,2.322231261
157000,4,2.322268617
157010,4,2.32230749
157020,4,2.322345198
157030,4,2.32238385
157040,4,2.322423301
157050,4,2.322460823
157060,4,2.322500389
157070,4,2.322540496
157080,4,2.322578125
157090,4,2.322616467
157100,4,2.322656194
157110,4,2.322692145
157120,4,2.322733329
157130,4,2.322770484
157140,4,2.322811031
157150,4,2.322850153
157160,4,2.32288633
157170,4,2.322928213
157180,4,2.322968083
157190,4,2.323007439
157200,4,2.323045759
157210,4,2.32308426
157220,4,2.323124047
157230,4,2.323162276
157240,4,2.323202107
157250,4,2.32324125
157260,4,2.323279377
157270,4,2.323318815
157280,4,2.323358536
157290,4,2.323397975
157300,4,2.323440234
157310,4,2.323478488
157320,4,2.323517025
157330,4,2.323557828
157340,4,2.323596652
157350,4,2.323635371
157360,4,2.323677116
157370,4,2.323716134
157380,4,2.323754127
157390,4,2.323794222
157400,4,2.323833717
157410,4,2.323873632
157420,4,2.323913825
157430,4,2.323952493
157440,4,2.323992083
157450,4,2.32403139
157460,4,2.324071818
157470,4,2.324113262
157480,4,2.324152541
157490,4,2.324192026
157500,4,2.324234633
157510,4,2.324271754
157520,4,2.324311849
157530,4,2.324351615
157540,4,2.324393311
157550,4,2.324432213
157560,4,2.324473009
157570,4,2.324512919
157580,4,2.324552598
157590,4,2.324594125
157600,4,2.324634129
157610,4,2.324673178
157620,4,2.324711676
157630,4,2.324755451
157640,4,2.324796681
157650,4,2.324836272
157660,4,2.324877241
157670,4,2.324917068
157680,4,2.324955969
157690,4,2.324998794
157700,4,2.325037513
157710,4,2.325078136
157720,4,2.325119547
157730,4,2.325159791
157740,4,2.325201689
157750,4,2.325240596
157760,4,2.325280852
157770,4,2.325324105
157780,4,2.325364547
157790,4,2.325404431
157800,4,2.325445074
157810,4,2.325486726
157820,4,2.325527078
157830,4,2.325568253
157840,4,2.325609526
157850,4,2.325651178
157860,4,2.325690598
157870,4,2.325732759
157880,4,2.325772906
157890,4,2.325814224
157900,4,2.325854072
157910,4,2.325897819
157920,4,2.325935882
157930,4,2.325980707
157940,4,2.326019485
157950,4,2.326060889
157960,4,2.326102022
157970,4,2.326144402
157980,4,2.326185595
157990,4,2.326227967
158000,4,2.326266774
158010,4,2.326309382
158020,4,2.326350015
158030,4,2.32639264
158040,4,2.326433717
158050,4,2.326476209
158060,4,2.326517057
158070,4,2.3265583
158080,4,2.326600739
158090,4,2.326643572
158100,4,2.3266842
158110,4,2.32672493
158120,4,2.32676673
158130,4,2.326808663
158140,4,2.326850876
158150,4,2.326891297
158160,4,2.326933289
158170,4,2.326976007
158180,4,2.32701802
158190,4,2.327060305
158200,4,2.327103018
158210,4,2.327143371
158220,4,2.327184535
158230,4,2.327227297
158240,4,2.327268964
158250,4,2.327310552
158260,4,2.327352445
158270,4,2.327395095
158280,4,2.327437702
158290,4,2.327479116
158300,4,2.327522023
158310,4,2.327566219
158320,4,2.327605491
158330,4,2.327648403
158340,4,2.327692688
158350,4,2.327733275
158360,4,2.327777279
158370,4,2.327816143
158380,4,2.327860302
158390,4,2.32790364
158400,4,2.327945389
158410,4,2.327987015
158420,4,2.328031693
158430,4,2.32807299
158440,4,2.328114755
158450,4,2.328156396
158460,4,2.328199255
158470,4,2.328243529
158480,4,2.328286889
158490,4,2.328329182
158500,4,2.328371426
158510,4,2.328414308
158520,4,2.328456068
158530,4,2.328499377
158540,4,2.32854208
158550,4,2.328587118
158560,4,2.328627354
158570,4,2.328671622
158580,4,2.32871369
158590,4,2.328755809
158600,4,2.328799922
158610,4,2.328843653
158620,4,2.328887384
158630,4,2.328927552
158640,4,2.32897088
158650,4,2.329015465
158660,4,2.32905952
158670,4,2.329102977
158680,4,2.329145412
158690,4,2.329186911
158700,4,2.329230758
158710,4,2.329274173
158720,4,2.329316977
158730,4,2.32936302
158740,4,2.329405688
158750,4,2.329447017
158760,4,2.32949053
158770,4,2.329532345
158780,4,2.329577533
158790,4,2.329620627
158800,4,2.329665188
158810,4,2.329707651
158820,4,2.329752182
158830,4,2.329796458
158840,4,2.329839362
158850,4,2.329883014
158860,4,2.329926286
158870,4,2.329970243
158880,4,2.330013021
158890,4,2.330057064
158900,4,2.330100485
158910,4,2.330146299
158920,4,2.330188957
158930,4,2.330233032
158940,4,2.330277301
158950,4,2.330319725
158960,4,2.330365008
158970,4,2.330408928
158980,4,2.330452109
158990,4,2.33049604
159000,4,2.330540964
159010,4,2.330583763
159020,4,2.330627085
159030,4,2.3306719
159040,4,2.330717688
159050,4,2.330761352
159060,4,2.330803197
159070,4,2.330848859
159080,4,2.330892332
159090,4,2.330938221
159100,4,2.330983015
159110,4,2.331023509
159120,4,2.331070956
159130,4,2.331112452
159140,4,2.331158845
159150,4,2.331203438
159160,4,2.331247507
159170,4,2.331293068
159180,4,2.331335503
159190,4,2.331377662
159200,4,2.331424531
159210,4,2.33147045
159220,4,2.331513733
159230,4,2.331558171
159240,4,2.331603465
159250,4,2.331649379
159260,4,2.331692389
159270,4,2.33173624
159280,4,2.331781118
159290,4,2.331823963
159300,4,2.331871547
159310,4,2.331917148
159320,4,2.33196165
159330,4,2.332006583
159340,4,2.332051177
159350,4,2.332094838
159360,4,2.332140046
159370,4,2.332182854
159380,4,2.332229582
159390,4,2.332273965
159400,4,2.332320501
159410,4,2.332365859
159420,4,2.332410286
159430,4,2.332455843
159440,4,2.332501788
159450,4,2.332545384
159460,4,2.332590648
159470,4,2.332634335
159480,4,2.332680661
159490,4,2.332724501
159500,4,2.332769699
159510,4,2.332814896
159520,4,2.332860901
159530,4,2.332906206
159540,4,2.332953984
159550,4,2.332996011
159560,4,2.333042915
159570,4,2.333087681
159580,4,2.333134734
159590,4,2.33317878
159600,4,2.33322229
159610,4,2.333270547
159620,4,2.333315835
159630,4,2.333359759
159640,4,2.333404699
159650,4,2.333451952
159660,4,2.333497182
159670,4,2.333541497
159680,4,2.333589164
159690,4,2.333634661
159700,4,2.333679527
159710,4,2.333725573
159720,4,2.33377276
159730,4,2.333817347
159740,4,2.333862972
159750,4,2.333909096
159760,4,2.333954526
159770,4,2.333998889
159780,4,2.334045837
159790,4,2.334091877
159800,4,2.334137679
159810,4,2.334183104
159820,4,2.334228396
159830,4,2.334275351
159840,4,2.334320926
159850,4,2.334367428
159860,4,2.334414203
159870,4,2.334459933
159880,4,2.334506476
159890,4,2.3345525
159900,4,2.334597531
159910,4,2.334644158
159920,4,2.334690166
159930,4,2.334736166
159940,4,2.334783211
159950,4,2.334828417
159960,4,2.334876237
159970,4,2.334921038
159980,4,2.334966602
159990,4,2.335014888
160000,4,2.335061673
160010,4,2.335107884
160020,4,2.335150694
160030,4,2.335198858
160040,4,2.33524365
160050,4,2.335291081
160060,4,2.33533967
160070,4,2.335384238
160080,4,2.335434775
160090,4,2.335479831
160100,4,2.335525832
160110,4,2.335570456
160120,4,2.335618487
160130,4,2.335663714
160140,4,2.335711419
160150,4,2.335758207
160160,4,2.335804547
160170,4,2.335850839
160180,4,2.335900237
160190,4,2.335944506
160200,4,2.33599303
160210,4,2.336039549
160220,4,2.336085726
160230,4,2.336131119
160240,4,2.336178552
160250,4,2.336226751
160260,4,2.336273107
160270,4,2.336321554
160280,4,2.33636784
160290,4,2.336415609
160300,4,2.336461771
160310,4,2.336509554
160320,4,2.336555813
160330,4,2.336602647
160340,4,2.336648124
160350,4,2.336695829
160360,4,2.336744787
160370,4,2.336791788
160380,4,2.33683804
160390,4,2.3368837
160400,4,2.336932457
160410,4,2.336978274
160420,4,2.33702727
160430,4,2.337073205
160440,4,2.337120609
160450,4,2.337169756
160460,4,2.33721703
160470,4,2.337264214
160480,4,2.337311103
160490,4,2.337360384
160500,4,2.337405084
160510,4,2.337453621
160520,4,2.337500824
160530,4,2.337548599
160540,4,2.337598054
160550,4,2.3376424
160560,4,2.337691877
160570,4,2.337739154
160580,4,2.337785771
160590,4,2.337832637
160600,4,2.337882057
160610,4,2.337929626
160620,4,2.337975623
160630,4,2.338023456
160640,4,2.338070453
160650,4,2.338120407
160660,4,2.33816758
160670,4,2.338216643
160680,4,2.338265021
160690,4,2.338312104
160700,4,2.33835987
160710,4,2.338406712
160720,4,2.338456423
160730,4,2.338502855
160740,4,2.338550593
160750,4,2.338599023
160760,4,2.338646302
160770,4,2.338692037
160780,4,2.338744153
160790,4,2.338788876
160800,4,2.338838974
160810,4,2.338885841
160820,4,2.338934236
160830,4,2.338982666
160840,4,2.339030116
160850,4,2.339078949
160860,4,2.33912761
160870,4,2.339174228
160880,4,2.339223804
160890,4,2.339271546
160900,4,2.339319891
160910,4,2.339368283
160920,4,2.339415426
160930,4,2.33946315
160940,4,2.339511696
160950,4,2.339561021
160960,4,2.339608445
160970,4,2.339658711
160980,4,2.339704888
160990,4,2.339755629
161000,4,2.339803522
161010,4,2.339852518
161020,4,2.33989945
161030,4,2.339949797
161040,4,2.339997904
161050,4,2.340047889
161060,4,2.340095702
161070,4,2.340140678
161080,4,2.340192049
161090,4,2.340240272
161100,4,2.340289743
161110,4,2.340336504
161120,4,2.340385098
161130,4,2.340435344
161140,4,2.340484625
161150,4,2.340531944
161160,4,2.340581039
161170,4,2.34062857
161180,4,2.340677748
161190,4,2.340727507
161200,4,2.340777076
161210,4,2.340825747
161220,4,2.340873892
161230,4,2.340923603
161240,4,2.340971454
161250,4,2.341019722
161260,4,2.341070375
161270,4,2.341118387
161280,4,2.341167903
161290,4,2.341217281
161300,4,2.341265284
161310,4,2.34131592
161320,4,2.341363954
161330,4,2.341412257
161340,4,2.341462904
161350,4,2.341511647
161360,4,2.341559225
161370,4,2.341609162
161380,4,2.341656628
161390,4,2.341707332
161400,4,2.341757863
161410,4,2.341805299
161420,4,2.341855121
161430,4,2.341905018
161440,4,2.341954014
161450,4,2.342003207
161460,4,2.34205202
161470,4,2.342102268
161480,4,2.34214916
161490,4,2.342198685
161500,4,2.342249784
161510,4,2.342299096
161520,4,2.342349843
161530,4,2.342398465
161540,4,2.342448851
161550,4,2.342497307
161560,4,2.342548205
161570,4,2.342594948
161580,4,2.342645333
161590,4,2.342695027
161600,4,2.342743969
161610,4,2.342793991
161620,4,2.342844129
161630,4,2.342893607
161640,4,2.342942738
161650,4,2.342993182
161660,4,2.343044135
161670,4,2.343091849
161680,4,2.343142979
161690,4,2.343191337
161700,4,2.343242817
161710,4,2.343291832
161720,4,2.343341136
161730,4,2.343391431
161740,4,2.343442086
161750,4,2.343491768
161760,4,2.343541423
161770,4,2.343590551
161780,4,2.343641187
161790,4,2.343690471
161800,4,2.343740103
161810,4,2.343789767
161820,4,2.343838743
161830,4,2.343890107
161840,4,2.343939858
161850,4,2.343989991
161860,4,2.344039495
161870,4,2.344090783
161880,4,2.344141553
161890,4,2.344189692
161900,4,2.344241823
161910,4,2.344289625
161920,4,2.344342522
161930,4,2.344389953
161940,4,2.344439678
161950,4,2.344490957
161960,4,2.344540828
161970,4,2.344591702
161980,4,2.344641019
161990,4,2.344691757
162000,4,2.344742597
162010,4,2.344790581
162020,4,2.344841199
162030,4,2.344891787
162040,4,2.344944201
162050,4,2.344991712
162060,4,2.345044447
162070,4,2.345094562
162080,4,2.345143291
162090,4,2.345194219
162100,4,2.345244882
162110,4,2.34529683
162120,4,2.345345839
162130,4,2.345397279
162140,4,2.345448391
162150,4,2.345497582
162160,4,2.345546758
162170,4,2.345598089
162180,4,2.345651304
162190,4,2.345699307
162200,4,2.345750458
162210,4,2.34580231
162220,4,2.345850091
162230,4,2.345901085
162240,4,2.345951713
162250,4,2.346003762
162260,4,2.346054723
162270,4,2.346106435
162280,4,2.346155184
162290,4,2.346206685
162300,4,2.346257048
162310,4,2.34630877
162320,4,2.346358833
162330,4,2.346409528
162340,4,2.346460703
162350,4,2.3465106
162360,4,2.346560843
162370,4,2.346612742
162380,4,2.34666321
162390,4,2.346714122
162400,4,2.346766293
162410,4,2.346816505
162420,4,2.346866802
162430,4,2.346919252
162440,4,2.346968926
162450,4,2.347021584
162460,4,2.347070965
162470,4,2.347122501
162480,4,2.347173869
162490,4,2.347225441
162500,4,2.34727527
162510,4,2.347327025
162520,4,2.347376999
162530,4,2.347428094
162540,4,2.347480275
162550,4,2.347532059
162560,4,2.347583524
162570,4,2.347634183
162580,4,2.34768533
162590,4,2.34773638
162600,4,2.34778441
162610,4,2.347837976
162620,4,2.34788918
162630,4,2.347942416
162640,4,2.347992403
162650,4,2.348042934
162660,4,2.348094858
162670,4,2.348144009
162680,4,2.348195136
162690,4,2.348250067
162700,4,2.348299542
162710,4,2.348350942
162720,4,2.348402282
162730,4,2.348454325
162740,4,2.348505067
162750,4,2.348557179
162760,4,2.348609269
162770,4,2.348659042
162780,4,2.348711521
162790,4,2.348762945
162800,4,2.348815162
162810,4,2.348865833
162820,4,2.348915006
162830,4,2.348969393
162840,4,2.349019266
162850,4,2.349072867
162860,4,2.349122962
162870,4,2.349175023
162880,4,2.349226706
162890,4,2.349278116
162900,4,2.349330307
162910,4,2.349382607
162920,4,2.349433247
162930,4,2.349484547
162940,4,2.349538141
162950,4,2.349588317
162960,4,2.349639544
162970,4,2.349690935
162980,4,2.349744526
162990,4,2.349796795
163000,4,2.34984738
163010,4,2.349900981
163020,4,2.349949817
163030,4,2.350005298
163040,4,2.350056467
163050,4,2.350108221
163060,4,2.350156449
163070,4,2.350210089
163080,4,2.350261606
163090,4,2.350314562
163100,4,2.350366659
163110,4,2.350418539
163120,4,2.35046878
163130,4,2.350522285
163140,4,2.350573933
163150,4,2.350625968
163160,4,2.350679295
163170,4,2.350730388
163180,4,2.350783865
163190,4,2.350833536
163200,4,2.350885187
163210,4,2.350936213
163220,4,2.350989494
163230,4,2.351042313
163240,4,2.351095462
163250,4,2.351145541
163260,4,2.351198622
163270,4,2.351250984
163280,4,2.351303699
163290,4,2.351356949
163300,4,2.351406015
163310,4,2.351461394
163320,4,2.351513063
163330,4,2.351564089
163340,4,2.351615249
163350,4,2.35166752
163360,4,2.351720046
163370,4,2.351774401
163380,4,2.351825685
163390,4,2.351876889
163400,4,2.351928751
163410,4,2.351982349
163420,4,2.352034021
163430,4,2.352086594
163440,4,2.352139171
163450,4,2.352189845
163460,4,2.352243478
163470,4,2.352296895
163480,4,2.352351532
163490,4,2.352400421
163500,4,2.352454457
163510,4,2.352506241
163520,4,2.352558497
163530,4,2.352611649
163540,4,2.352664476
163550,4,2.352716581
163560,4,2.352769187
163570,4,2.352819765
163580,4,2.352874414
163590,4,2.352926081
163600,4,2.352977108
163610,4,2.353032263
163620,4,2.353085178
163630,4,2.353136091
163640,4,2.353189809
163650,4,2.35324202
163660,4,2.353293604
163670,4,2.353347164
163680,4,2.353401521
163690,4,2.353452475
163700,4,2.353504687
163710,4,2.353557584
163720,4,2.353611494
163730,4,2.353664523
163740,4,2.353716701
163750,4,2.353768603
163760,4,2.353822338
163770,4,2.353874068
163780,4,2.353926421
163790,4,2.353979376
163800,4,2.354032372
163810,4,2.354086006
163820,4,2.354137045
163830,4,2.354192217
163840,4,2.354243785
163850,4,2.354297156
163860,4,2.354349386
163870,4,2.35440559
163880,4,2.354455531
163890,4,2.35450941
163900,4,2.35456299
163910,4,2.354615075
163920,4,2.354667534
163930,4,2.35472012
163940,4,2.354775441
163950,4,2.354828131
163960,4,2.35487966
163970,4,2.354933018
163980,4,2.354985563
163990,4,2.355036118
164000,4,2.355090491
164010,4,2.355144771
164020,4,2.35519899
164030,4,2.35524877
164040,4,2.355303806
164050,4,2.355355223
164060,4,2.355410013
164070,4,2.355463973
164080,4,2.355517162
164090,4,2.355566952
164100,4,2.355622926
164110,4,2.355673892
164120,4,2.355728913
164130,4,2.355782257
164140,4,2.355835381
164150,4,2.355887353
164160,4,2.35594017
164170,4,2.355995141
164180,4,2.35604739
164190,4,2.356103214
164200,4,2.35615329
164210,4,2.356208136
164220,4,2.356261568
164230,4,2.356313258
164240,4,2.356366853
164250,4,2.356421785
164260,4,2.356476148
164270,4,2.356527194
164280,4,2.356579713
164290,4,2.356635396
164300,4,2.356688304
164310,4,2.356739515
164320,4,2.356793643
164330,4,2.356847268
164340,4,2.356900841
164350,4,2.356955064
164360,4,2.357009052
164370,4,2.35706091
164380,4,2.357114481
164390,4,2.357167745
164400,4,2.357219691
164410,4,2.357274733
164420,4,2.357328154
164430,4,2.3573808
164440,4,2.357435455
164450,4,2.357487972
164460,4,2.357543879
164470,4,2.357597084
164480,4,2.357649351
164490,4,2.357702329
164500,4,2.357754606
164510,4,2.357810564
164520,4,2.357863572
164530,4,2.357917213
164540,4,2.357972371
164550,4,2.358023889
164560,4,2.358076641
164570,4,2.358130784
164580,4,2.358185828
164590,4,2.358237757
164600,4,2.35829357
164610,4,2.358345259
164620,4,2.358400177
164630,4,2.358452631
164640,4,2.358507454
164650,4,2.358558135
164660,4,2.358613388
164670,4,2.358667871
164680,4,2.358719198
164690,4,2.358775136
164700,4,2.358828312
164710,4,2.358883305
164720,4,2.358934834
164730,4,2.358991037
164740,4,2.359045367
164750,4,2.359099684
164760,4,2.359153179
164770,4,2.359205171
164780,4,2.359257738
164790,4,2.359312233
164800,4,2.359367285
164810,4,2.359421847
164820,4,2.359473389
164830,4,2.359529558
164840,4,2.359580261
164850,4,2.359635923
164860,4,2.359689586
164870,4,2.359742258
164880,4,2.359796331
164890,4,2.359851899
164900,4,2.359907084
164910,4,2.359959429
164920,4,2.360012411
164930,4,2.360066227
164940,4,2.360119665
164950,4,2.360175667
164960,4,2.360228482
164970,4,2.360281374
164980,4,2.360337865
164990,4,2.360392706
165000,4,2.360444159
165010,4,2.360497971
165020,4,2.360552227
165030,4,2.360606218
165040,4,2.360659307
165050,4,2.360714734
165060,4,2.360769113
165070,4,2.3608224
165080,4,2.360878323
165090,4,2.360929278
165100,4,2.360982745
165110,4,2.361039298
165120,4,2.361092431
165130,4,2.361146319
165140,4,2.361203187
165150,4,2.361255719
165160,4,2.361308918
165170,4,2.361361743
165180,4,2.361417761
165190,4,2.361470106
165200,4,2.361523452
165210,4,2.361578976
165220,4,2.361633418
165230,4,2.361689459
165240,4,2.361742053
165250,4,2.361795842
165260,4,2.361850813
165270,4,2.361902529
165280,4,2.361958955
165290,4,2.362015894
165300,4,2.362067464
165310,4,2.362121852
165320,4,2.362176788
165330,4,2.362229254
165340,4,2.362283942
165350,4,2.362336315
165360,4,2.362392322
165370,4,2.362447386
165380,4,2.362501991
165390,4,2.362555481
165400,4,2.362608926
165410,4,2.362665093
165420,4,2.362718035
165430,4,2.362771571
165440,4,2.362827273
165450,4,2.36288109
165460,4,2.362934089
165470,4,2.362987349
165480,4,2.363041812
165490,4,2.363099223
165500,4,2.363154403
165510,4,2.363206617
165520,4,2.363259602
165530,4,2.363314657
165540,4,2.363369696
165550,4,2.363423566
165560,4,2.363477247
165570,4,2.363532625
165580,4,2.363585399
165590,4,2.363641783
165600,4,2.36369702
165610,4,2.363750754
165620,4,2.363803616
165630,4,2.363859174
165640,4,2.363912531
165650,4,2.363965163
165660,4,2.364022671
165670,4,2.364077614
165680,4,2.364132494
165690,4,2.364186796
165700,4,2.364239704
165710,4,2.364294045
165720,4,2.364348478
165730,4,2.364403087
165740,4,2.364458832
165750,4,2.36451134
165760,4,2.364565209
165770,4,2.364622672
165780,4,2.364676261
165790,4,2.36473063
165800,4,2.364784391
165810,4,2.364841556
165820,4,2.364894338
165830,4,2.36494788
165840,4,2.365003376
165850,4,2.365057733
165860,4,2.365112969
165870,4,2.365168048
165880,4,2.365222337
165890,4,2.365273843
165900,4,2.365329082
165910,4,2.365384062
165920,4,2.365438765
165930,4,2.36549394
165940,4,2.365550023
165950,4,2.365604026
165960,4,2.365657673
165970,4,2.365711268
165980,4,2.365764276
165990,4,2.365822227
166000,4,2.365876969
166010,4,2.365930014
166020,4,2.36598475
166030,4,2.366038839
166040,4,2.36609312
166050,4,2.366146372
166060,4,2.366205039
166070,4,2.366257561
166080,4,2.366311093
166090,4,2.36636637
166100,4,2.366422161
166110,4,2.366477864
166120,4,2.366528655
166130,4,2.366585562
166140,4,2.366640964
166150,4,2.3666962
166160,4,2.366752169
166170,4,2.36680621
166180,4,2.366859483
166190,4,2.366913012
166200,4,2.366967965
166210,4,2.367023921
166220,4,2.367078364
166230,4,2.367132648
166240,4,2.367187173
166250,4,2.367242707
166260,4,2.367295042
166270,4,2.367351338
166280,4,2.367405922
166290,4,2.367461072
166300,4,2.367515651
166310,4,2.367570999
166320,4,2.367625396
166330,4,2.367681531
166340,4,2.367734071
166350,4,2.367790677
166360,4,2.367845422
166370,4,2.367899168
166380,4,2.367954875
166390,4,2.368007213
166400,4,2.368062988
166410,4,2.368119765
166420,4,2.36817318
166430,4,2.36822651
166440,4,2.368283526
166450,4,2.368336222
166460,4,2.368391729
166470,4,2.368446761
166480,4,2.368502525
166490,4,2.36855761
166500,4,2.368610394
166510,4,2.368667082
166520,4,2.368720433
166530,4,2.368775632
166540,4,2.368831724
166550,4,2.368885031
166560,4,2.368939404
166570,4,2.368994315
166580,4,2.36905108
166590,4,2.369105174
166600,4,2.369159618
166610,4,2.369215312
166620,4,2.369269706
166630,4,2.369323158
166640,4,2.36938001
166650,4,2.369433634
166660,4,2.369488426
166670,4,2.369542472
166680,4,2.36959693
166690,4,2.369653471
166700,4,2.369709345
166710,4,2.369760428
166720,4,2.369816113
166730,4,2.369873264
166740,4,2.369927874
166750,4,2.369982803
166760,4,2.370037772
166770,4,2.370091453
166780,4,2.370147159
166790,4,2.370202875
166800,4,2.370255072
166810,4,2.370312362
166820,4,2.370367755
166830,4,2.370421378
166840,4,2.37047657
166850,4,2.370529668
166860,4,2.370586014
166870,4,2.370639946
166880,4,2.370695419
166890,4,2.370750135
166900,4,2.370805559
166910,4,2.370859441
166920,4,2.370916551
166930,4,2.370969644
166940,4,2.371025379
166950,4,2.37107856
166960,4,2.371134839
166970,4,2.371189162
166980,4,2.371245518
166990,4,2.371298988
167000,4,2.371355474
167010,4,2.371410868
167020,4,2.371465441
167030,4,2.371518207
167040,4,2.371572912
167050,4,2.371630855
167060,4,2.371683629
167070,4,2.371739553
167080,4,2.371795354
167090,4,2.371850825
167100,4,2.371903066
167110,4,2.371960045
167120,4,2.372015494
167130,4,2.372069251
167140,4,2.372124729
167150,4,2.372178594
167160,4,2.37223374
167170,4,2.372290594
167180,4,2.372342907
167190,4,2.372399447
167200,4,2.372454313
167210,4,2.37251023
167220,4,2.37256566
167230,4,2.372619736
167240,4,2.372673521
167250,4,2.372728775
167260,4,2.372784586
167270,4,2.372838789
167280,4,2.372894035
167290,4,2.372948618
167300,4,2.373006282
167310,4,2.373059773
167320,4,2.373113353
167330,4,2.373168455
167340,4,2.373222374
167350,4,2.373278117
167360,4,2.373332703
167370,4,2.373389864
167380,4,2.373442577
167390,4,2.373498593
167400,4,2.373553222
167410,4,2.373609206
167420,4,2.37366464
167430,4,2.373717325
167440,4,2.373772656
167450,4,2.373829263
167460,4,2.373883244
167470,4,2.373938131
167480,4,2.373991945
167490,4,2.374048729
167500,4,2.374102738
167510,4,2.374158008
167520,4,2.374212786
167530,4,2.374267258
167540,4,2.374323418
167550,4,2.374377832
167560,4,2.374433576
167570,4,2.374488434
167580,4,2.374541287
167590,4,2.374598638
167600,4,2.37465211
167610,4,2.374708503
167620,4,2.374763542
167630,4,2.37481718
167640,4,2.374872833
167650,4,2.37492928
167660,4,2.37498325
167670,4,2.375037251
167680,4,2.375092069
167690,4,2.37514881
167700,4,2.3752031
167710,4,2.375256484
167720,4,2.37531285
167730,4,2.375369976
167740,4,2.375421178
167750,4,2.375477342
167760,4,2.375532669
167770,4,2.375587301
167780,4,2.375642931
167790,4,2.375696754
167800,4,2.375752577
167810,4,2.375810698
167820,4,2.375862215
167830,4,2.375918658
167840,4,2.375973049
167850,4,2.37602855
167860,4,2.376080373
167870,4,2.376136347
167880,4,2.376192269
167890,4,2.376246314
167900,4,2.376300964
167910,4,2.376357882
167920,4,2.376411437
167930,4,2.376465323
167940,4,2.376521046
167950,4,2.376577248
167960,4,2.376630852
167970,4,2.376685554
167980,4,2.376741733
167990,4,2.376795292
168000,4,2.376850557
168010,4,2.376905171
168020,4,2.376960671
168030,4,2.377016297
168040,4,2.377071246
168050,4,2.377126624
168060,4,2.377179953
168070,4,2.37723503
168080,4,2.377289615
168090,4,2.377346427
168100,4,2.377399898
168110,4,2.377456475
168120,4,2.377511152
168130,4,2.37756606
168140,4,2.377619854
168150,4,2.377675259
168160,4,2.377729696
168170,4,2.377784404
168180,4,2.377838686
168190,4,2.377896013
168200,4,2.377950028
168210,4,2.378003719
168220,4,2.378059481
168230,4,2.378113529
168240,4,2.378170068
168250,4,2.378225372
168260,4,2.378278741
168270,4,2.378332863
168280,4,2.378387022
168290,4,2.378445289
168300,4,2.378501004
168310,4,2.378554532
168320,4,2.378610505
168330,4,2.378662678
168340,4,2.378720419
168350,4,2.378773987
168360,4,2.378826894
168370,4,2.378884202
168380,4,2.37893845
168390,4,2.378992609
168400,4,2.379047392
168410,4,2.379102098
168420,4,2.379159178
168430,4,2.379211482
168440,4,2.379266852
168450,4,2.379323923
168460,4,2.379375338
168470,4,2.379429582
168480,4,2.379486503
168490,4,2.3795409
168500,4,2.379596877
168510,4,2.37965128
168520,4,2.379706495
168530,4,2.379761706
168540,4,2.379815255
168550,4,2.379872364
168560,4,2.379923669
168570,4,2.379979191
168580,4,2.380035178
168590,4,2.380088464
168600,4,2.380144028
168610,4,2.380201536
168620,4,2.380254746
168630,4,2.380309338
168640,4,2.380362833
168650,4,2.380417904
168660,4,2.380473171
168670,4,2.380528058
168680,4,2.380583073
168690,4,2.380635752
168700,4,2.380692674
168710,4,2.380747213
168720,4,2.380801064
168730,4,2.380857044
168740,4,2.380912505
168750,4,2.380967067
168760,4,2.381021
168770,4,2.38107629
168780,4,2.381130101
168790,4,2.381184902
168800,4,2.381241371
168810,4,2.381293971
168820,4,2.381350291
168830,4,2.381402253
168840,4,2.381458802
168850,4,2.381513638
168860,4,2.381567919
168870,4,2.381624132
168880,4,2.381677084
168890,4,2.381732279
168900,4,2.381786089
168910,4,2.381842527
168920,4,2.381895283
168930,4,2.381950595
168940,4,2.382005437
168950,4,2.382060278
168960,4,2.382115101
168970,4,2.382167398
168980,4,2.382225805
168990,4,2.382277969
169000,4,2.382334567
169010,4,2.38238841
169020,4,2.382441821
169030,4,2.382498653
169040,4,2.382551207
169050,4,2.382606837
169060,4,2.382663247
169070,4,2.382715543
169080,4,2.382770411
169090,4,2.382824308
169100,4,2.382879677
169110,4,2.382935039
169120,4,2.382990231
169130,4,2.383044591
169140,4,2.383097772
169150,4,2.383154027
169160,4,2.383207114
169170,4,2.38326299
169180,4,2.383318389
169190,4,2.38337042
169200,4,2.383426734
169210,4,2.383480779
169220,4,2.383535175
169230,4,2.383589879
169240,4,2.38364356
169250,4,2.383699234
169260,4,2.383754483
169270,4,2.383807789
169280,4,2.383861678
169290,4,2.383917158
169300,4,2.383971422
169310,4,2.384024283
169320,4,2.384080524
169330,4,2.3841341
169340,4,2.384189782
169350,4,2.384243301
169360,4,2.384298137
169370,4,2.384353749
169380,4,2.38440671
169390,4,2.384460938
169400,4,2.384515735
169410,4,2.3845696
169420,4,2.3846237
169430,4,2.384680087
169440,4,2.38473457
169450,4,2.384788135
169460,4,2.38484259
169470,4,2.384896603
169480,4,2.384951429
169490,4,2.385005204
169500,4,2.385061238
169510,4,2.385113652
169520,4,2.385168502
169530,4,2.385222557
169540,4,2.385277159
169550,4,2.385330313
169560,4,2.385386408
169570,4,2.385440226
169580,4,2.385494007
169590,4,2.385548244
169600,4,2.385602966
169610,4,2.385657527
169620,4,2.385711337
169630,4,2.38576524
169640,4,2.385819246
169650,4,2.385874114
169660,4,2.385927852
169670,4,2.385985611
169680,4,2.386037248
169690,4,2.386089781
169700,4,2.386146043
169710,4,2.386202026
169720,4,2.386254747
169730,4,2.386308469
169740,4,2.386362837
169750,4,2.386417066
169760,4,2.386472752
169770,4,2.386524732
169780,4,2.386580112
169790,4,2.386634793
169800,4,2.386688408
169810,4,2.386742419
169820,4,2.386796164
169830,4,2.386850163
169840,4,2.386904416
169850,4,2.386959671
169860,4,2.38701389
169870,4,2.387067715
169880,4,2.387120388
169890,4,2.387174479
169900,4,2.3872282
169910,4,2.387285591
169920,4,2.387338529
169930,4,2.387392389
169940,4,2.387445694
169950,4,2.387500813
169960,4,2.387555413
169970,4,2.387608654
169980,4,2.38766206
169990,4,2.387716548
170000,4,2.387772552
170010,4,2.38782466
170020,4,2.387879027
170030,4,2.387933911
170040,4,2.387986994
170050,4,2.38804017
170060,4,2.388095934
170070,4,2.388148031
170080,4,2.388201473
170090,4,2.388257474
170100,4,2.388310908
170110,4,2.388365402
170120,4,2.388418187
170130,4,2.388472208
170140,4,2.388528538
170150,4,2.388579904
170160,4,2.388635094
170170,4,2.388686574
170180,4,2.388742064
170190,4,2.388796649
170200,4,2.38884963
170210,4,2.388903348
170220,4,2.388958979
170230,4,2.389013548
170240,4,2.389067944
170250,4,2.389119913
170260,4,2.389171104
170270,4,2.389227632
170280,4,2.389279927
170290,4,2.389335756
170300,4,2.389388233
170310,4,2.389442849
170320,4,2.389496748
170330,4,2.389551224
170340,4,2.389603798
170350,4,2.389658314
170360,4,2.389711203
170370,4,2.389765029
170380,4,2.389817806
170390,4,2.389872355
170400,4,2.389925587
170410,4,2.389979451
170420,4,2.39003342
170430,4,2.390087784
170440,4,2.390141679
170450,4,2.39019614
170460,4,2.390248838
170470,4,2.390301548
170480,4,2.390355536
170490,4,2.390409429
170500,4,2.390464197
170510,4,2.390516255
170520,4,2.390570179
170530,4,2.390623947
170540,4,2.390678029
170550,4,2.390731511
170560,4,2.390785461
170570,4,2.390837678
170580,4,2.390892729
170590,4,2.390945748
170600,4,2.390997037
170610,4,2.391053829
170620,4,2.391105636
170630,4,2.391158672
170640,4,2.391213864
170650,4,2.391267469
170660,4,2.391320599
170670,4,2.391372654
170680,4,2.391426994
170690,4,2.391478749
170700,4,2.391535554
170710,4,2.391587509
170720,4,2.391641063
170730,4,2.391694418
170740,4,2.391747886
170750,4,2.391800932
170760,4,2.391854813
170770,4,2.391909695
170780,4,2.391960605
170790,4,2.392016727
170800,4,2.392068979
170810,4,2.392123045
170820,4,2.392175541
170830,4,2.392226665
170840,4,2.392281169
170850,4,2.392333455
170860,4,2.392388999
170870,4,2.392439562
170880,4,2.392494583
170890,4,2.392547153
170900,4,2.392601085
170910,4,2.392655608
170920,4,2.392705986
170930,4,2.392760268
170940,4,2.392811936
170950,4,2.392867306
170960,4,2.392919187
170970,4,2.392973126
170980,4,2.393026227
170990,4,2.393077266
171000,4,2.393131901
171010,4,2.393185903
171020,4,2.393239343
171030,4,2.393292395
171040,4,2.393343856
171050,4,2.393397308
171060,4,2.393450552
171070,4,2.393504409
171080,4,2.393558287
171090,4,2.393610562
171100,4,2.393662758
171110,4,2.393716456
171120,4,2.393769354
171130,4,2.393822347
171140,4,2.393876986
171150,4,2.393925774
171160,4,2.393982322
171170,4,2.394035582
171180,4,2.394086296
171190,4,2.39413979
171200,4,2.394192403
171210,4,2.394246946
171220,4,2.394298905
171230,4,2.394351622
171240,4,2.394405128
171250,4,2.394458744
171260,4,2.394512816
171270,4,2.394563706
171280,4,2.394617589
171290,4,2.394668032
171300,4,2.394723341
171310,4,2.394775232
171320,4,2.394825066
171330,4,2.394879353
171340,4,2.394934679
171350,4,2.39498645
171360,4,2.395038486
171370,4,2.395092747
171380,4,2.395143629
171390,4,2.395195497
171400,4,2.39524997
171410,4,2.395301202
171420,4,2.395354151
171430,4,2.395406489
171440,4,2.395458384
171450,4,2.39551343
171460,4,2.395564356
171470,4,2.395617777
171480,4,2.395670672
171490,4,2.395722583
171500,4,2.395776744
171510,4,2.395830971
171520,4,2.395880224
171530,4,2.395933452
171540,4,2.395987439
171550,4,2.39603925
171560,4,2.396090676
171570,4,2.396144181
171580,4,2.396197011
171590,4,2.396248097
171600,4,2.396300067
171610,4,2.3963534
171620,4,2.396404711
171630,4,2.396458802
171640,4,2.396510816
171650,4,2.396561107
171660,4,2.396617599
171670,4,2.396669062
171680,4,2.396720343
171690,4,2.396773442
171700,4,2.396824033
171710,4,2.39687681
171720,4,2.396929066
171730,4,2.396980644
171740,4,2.397035147
171750,4,2.397085661
171760,4,2.397135981
171770,4,2.397190494
171780,4,2.397242018
171790,4,2.397295353
171800,4,2.397347708
171810,4,2.397398523
171820,4,2.397450772
171830,4,2.397505467
171840,4,2.397553885
171850,4,2.39760728
171860,4,2.397660477
171870,4,2.397711343
171880,4,2.39776459
171890,4,2.397817967
171900,4,2.397867673
171910,4,2.397922689
171920,4,2.397971137
171930,4,2.398027513
171940,4,2.398074388
171950,4,2.398129427
171960,4,2.398181378
171970,4,2.398232663
171980,4,2.39828389
171990,4,2.398337936
172000,4,2.398387288
172010,4,2.398439872
172020,4,2.398491313
172030,4,2.398543665
172040,4,2.39859474
172050,4,2.39864704
172060,4,2.398699755
172070,4,2.398750804
172080,4,2.398804744
172090,4,2.398855693
172100,4,2.398905995
172110,4,2.398958447
172120,4,2.399008927
172130,4,2.399062265
172140,4,2.399114704
172150,4,2.399165937
172160,4,2.399218101
172170,4,2.399267702
172180,4,2.399321014
172190,4,2.399372133
172200,4,2.399423754
172210,4,2.399475759
172220,4,2.399528361
172230,4,2.399578785
172240,4,2.399629862
172250,4,2.399682466
172260,4,2.399733816
172270,4,2.399786719
172280,4,2.399837794
172290,4,2.399888284
172300,4,2.399939592
172310,4,2.399991966
172320,4,2.400043368
172330,4,2.400094676
172340,4,2.400146107
172350,4,2.400196488
172360,4,2.400247788
172370,4,2.400300644
172380,4,2.400351519
172390,4,2.400401782
172400,4,2.400453598
172410,4,2.400504118
172420,4,2.40055846
172430,4,2.400608981
172440,4,2.400659857
172450,4,2.400711869
172460,4,2.40076287
172470,4,2.400815993
172480,4,2.400865236
172490,4,2.400916876
172500,4,2.40096595
172510,4,2.401019962
172520,4,2.401070216
172530,4,2.401120906
172540,4,2.40117179
172550,4,2.401223242
172560,4,2.401274358
172570,4,2.401324746
172580,4,2.401375037
172590,4,2.401426854
172600,4,2.401478295
172610,4,2.401531161
172620,4,2.401580049
172630,4,2.401634201
172640,4,2.401684908
172650,4,2.401733708
172660,4,2.401786025
172670,4,2.401837305
172680,4,2.401885761
172690,4,2.401936365
172700,4,2.40198972
172710,4,2.402039713
172720,4,2.402089189
172730,4,2.402141174
172740,4,2.402191526
172750,4,2.402241846
172760,4,2.402294066
172770,4,2.402343977
172780,4,2.402394715
172790,4,2.402445813
172800,4,2.402496333
172810,4,2.402547126
172820,4,2.402596296
172830,4,2.402648259
172840,4,2.40269891
172850,4,2.402750032
172860,4,2.402800448
172870,4,2.402851886
172880,4,2.402903229
172890,4,2.402954175
172900,4,2.403004731
172910,4,2.403052896
172920,4,2.403104294
172930,4,2.403156295
172940,4,2.403205037
172950,4,2.403257199
172960,4,2.403307782
172970,4,2.403356399
172980,4,2.403408806
172990,4,2.403457219
173000,4,2.403508387
173010,4,2.403557757
173020,4,2.403609185
173030,4,2.403658073
173040,4,2.403709792
173050,4,2.403760199
173060,4,2.403808973
173070,4,2.403861269
173080,4,2.403911084
173090,4,2.403961604
173100,4,2.404012613
173110,4,2.404061427
173120,4,2.404113092
173130,4,2.404162399
173140,4,2.404213144
173150,4,2.404261679
173160,4,2.404312147
173170,4,2.404364635
173180,4,2.404413014
173190,4,2.404462667
173200,4,2.404514098
173210,4,2.404565625
173220,4,2.404614352
173230,4,2.404663269
173240,4,2.404714369
173250,4,2.404764177
173260,4,2.404815907
173270,4,2.404866697
173280,4,2.404912666
173290,4,2.404964485
173300,4,2.405013611
173310,4,2.405063955
173320,4,2.405115321
173330,4,2.405161589
173340,4,2.405213276
173350,4,2.405263348
173360,4,2.405312739
173370,4,2.405361556
173380,4,2.405413236
173390,4,2.405463531
173400,4,2.405512341
173410,4,2.40556056
173420,4,2.40561137
173430,4,2.405661682
173440,4,2.405710204
173450,4,2.405761049
173460,4,2.405809542
173470,4,2.405860353
173480,4,2.405910505
173490,4,2.405958998
173500,4,2.406005385
173510,4,2.406058136
173520,4,2.406106994
173530,4,2.406157797
173540,4,2.406207649
173550,4,2.406256388
173560,4,2.406305328
173570,4,2.406355672
173580,4,2.406404731
173590,4,2.406454391
173600,4,2.406502838
173610,4,2.406553459
173620,4,2.406603526
173630,4,2.406651325
173640,4,2.406700737
173650,4,2.406750007
173660,4,2.40679828
173670,4,2.406848353
173680,4,2.406897947
173690,4,2.406947107
173700,4,2.40699609
173710,4,2.40704572
173720,4,2.407092293
173730,4,2.407144423
173740,4,2.407192477
173750,4,2.40724224
173760,4,2.407291194
173770,4,2.407339367
173780,4,2.407389867
173790,4,2.407437976
173800,4,2.407487109
173810,4,2.407536408
173820,4,2.407584325
173830,4,2.407635049
173840,4,2.407684801
173850,4,2.407731341
173860,4,2.407779992
173870,4,2.407829211
173880,4,2.407880204
173890,4,2.407927719
173900,4,2.407976251
173910,4,2.408027351
173920,4,2.408073701
173930,4,2.408122667
173940,4,2.408171459
173950,4,2.408219672
173960,4,2.408270005
173970,4,2.408317969
173980,4,2.408368936
173990,4,2.408417436
174000,4,2.408464645
174010,4,2.408511117
174020,4,2.408561627
174030,4,2.40860875
174040,4,2.408657874
174050,4,2.408706928
174060,4,2.408755404
174070,4,2.408804296
174080,4,2.408852677
174090,4,2.408900911
174100,4,2.40894842
174110,4,2.4089971
174120,4,2.409046981
174130,4,2.40909455
174140,4,2.409141984
174150,4,2.409193017
174160,4,2.409239251
174170,4,2.409289001
174180,4,2.409335105
174190,4,2.409385459
174200,4,2.409432931
174210,4,2.409482019
174220,4,2.409528568
174230,4,2.409578297
174240,4,2.409624671
174250,4,2.409674887
174260,4,2.409723231
174270,4,2.409771145
174280,4,2.409818739
174290,4,2.40986645
174300,4,2.409914768
174310,4,2.409962027
174320,4,2.41000874
174330,4,2.410056773
174340,4,2.410107164
174350,4,2.410155127
174360,4,2.410202294
174370,4,2.410250173
174380,4,2.410298311
174390,4,2.410346716
174400,4,2.410394929
174410,4,2.410442586
174420,4,2.410489333
174430,4,2.410538704
174440,4,2.410585839
174450,4,2.41063196
174460,4,2.410679375
174470,4,2.410727915
174480,4,2.410775391
174490,4,2.410823627
174500,4,2.410871382
174510,4,2.410918692
174520,4,2.410966569
174530,4,2.411013726
174540,4,2.411062172
174550,4,2.411110644
174560,4,2.411157137
174570,4,2.411204817
174580,4,2.411252503
174590,4,2.411299545
174600,4,2.411346362
174610,4,2.411393639
174620,4,2.411441176
174630,4,2.41148729
174640,4,2.411534898
174650,4,2.411583436
174660,4,2.411629103
174670,4,2.411675887
174680,4,2.411725806
174690,4,2.41177642
174700,4,2.411820402
174710,4,2.411866786
174720,4,2.411913314
174730,4,2.41195933
174740,4,2.412009393
174750,4,2.41205559
174760,4,2.412103001
174770,4,2.412148437
174780,4,2.412196388
174790,4,2.412243839
174800,4,2.41229227
174810,4,2.412337418
174820,4,2.412384392
174830,4,2.41243175
174840,4,2.41247796
174850,4,2.412526151
174860,4,2.412572255
174870,4,2.412617739
174880,4,2.412666575
174890,4,2.412712792
174900,4,2.412759129
174910,4,2.412806506
174920,4,2.412854642
174930,4,2.412898845
174940,4,2.412947
174950,4,2.412993397
174960,4,2.413038442
174970,4,2.413086833
174980,4,2.413134016
174990,4,2.413179791
175000,4,2.413227175
175010,4,2.413272613
175020,4,2.413318262
175030,4,2.413365846
175040,4,2.413412502
175050,4,2.413458947
175060,4,2.413504726
175070,4,2.413551466
175080,4,2.413599732
175090,4,2.413644321
175100,4,2.413692258
175110,4,2.41373703
175120,4,2.413782539
175130,4,2.413830332
175140,4,2.413873395
175150,4,2.413923124
175160,4,2.41397037
175170,4,2.414015093
175180,4,2.414060151
175190,4,2.414108431
175200,4,2.414152778
175210,4,2.414200956
175220,4,2.414243381
175230,4,2.414292957
175240,4,2.414338227
175250,4,2.41438184
175260,4,2.414429124
175270,4,2.414476115
175280,4,2.414522342
175290,4,2.414568056
175300,4,2.414613696
175310,4,2.414656726
175320,4,2.414707207
175330,4,2.414752493
175340,4,2.414796005
175350,4,2.414842889
175360,4,2.414889033
175370,4,2.414935302
175380,4,2.414980736
175390,4,2.415026895
175400,4,2.415071865
175410,4,2.415117213
175420,4,2.415162306
175430,4,2.415207916
175440,4,2.415254525
175450,4,2.415300669
175460,4,2.415346461
175470,4,2.41539207
175480,4,2.415435806
175490,4,2.415481801
175500,4,2.415526747
175510,4,2.415571447
175520,4,2.415618192
175530,4,2.415662869
175540,4,2.415707753
175550,4,2.41575317
175560,4,2.415798791
175570,4,2.415843675
175580,4,2.415890585
175590,4,2.415936236
175600,4,2.415980255
175610,4,2.416025003
175620,4,2.416071735
175630,4,2.416116954
175640,4,2.416160441
175650,4,2.416206843
175660,4,2.416252913
175670,4,2.416296388
175680,4,2.416340916
175690,4,2.416385662
175700,4,2.416430857
175710,4,2.416477055
175720,4,2.416522596
175730,4,2.416565257
175740,4,2.416609951
175750,4,2.416656644
175760,4,2.416701027
175770,4,2.416746954
175780,4,2.416792027
175790,4,2.416835801
175800,4,2.416882245
175810,4,2.416926905
175820,4,2.41696934
175830,4,2.41701268
175840,4,2.417057918
175850,4,2.41710394
175860,4,2.417144809
175870,4,2.417191151
175880,4,2.417235926
175890,4,2.417279965
175900,4,2.417326076
175910,4,2.417370298
175920,4,2.417414191
175930,4,2.417459421
175940,4,2.417502536
175950,4,2.41754843
175960,4,2.417591251
175970,4,2.417635683
175980,4,2.417679817
175990,4,2.417727071
176000,4,2.417769094
176010,4,2.417814097
176020,4,2.417856359
176030,4,2.417901696
176040,4,2.417946722
176050,4,2.417989615
176060,4,2.41803586
176070,4,2.418079829
176080,4,2.418122591
176090,4,2.418165184
176100,4,2.418208892
176110,4,2.418253937
176120,4,2.418298491
176130,4,2.418342997
176140,4,2.418386882
176150,4,2.418429355
176160,4,2.418473008
176170,4,2.418519328
176180,4,2.41856101
176190,4,2.41860503
176200,4,2.418649559
176210,4,2.418693114
176220,4,2.418737123
176230,4,2.418780722
176240,4,2.41882348
176250,4,2.418869422
176260,4,2.418912612
176270,4,2.418956469
176280,4,2.418999268
176290,4,2.419042144
176300,4,2.419085926
176310,4,2.419130267
176320,4,2.419173209
176330,4,2.419216046
176340,4,2.419256684
176350,4,2.419303512
176360,4,2.419347921
176370,4,2.419389421
176380,4,2.419432745
176390,4,2.419474729
176400,4,2.419519004
176410,4,2.419561643
176420,4,2.419607887
176430,4,2.419649909
176440,4,2.419692522
176450,4,2.419735238
176460,4,2.419780131
176470,4,2.419819209
176480,4,2.419864246
176490,4,2.419907427
176500,4,2.419950604
176510,4,2.41999419
176520,4,2.42003634
176530,4,2.420079453
176540,4,2.420121276
176550,4,2.42016496
176560,4,2.420208252
176570,4,2.420250425
176580,4,2.4202938
176590,4,2.420336736
176600,4,2.420377868
176610,4,2.420421708
176620,4,2.420464617
176630,4,2.420506515
176640,4,2.420550048
176650,4,2.420592411
176660,4,2.420634971
176670,4,2.420678131
176680,4,2.420719293
176690,4,2.420762406
176700,4,2.420803951
176710,4,2.420844881
176720,4,2.420888593
176730,4,2.420932534
176740,4,2.420974943
176750,4,2.421016589
176760,4,2.421059925
176770,4,2.421100816
176780,4,2.42114583
176790,4,2.42118315
176800,4,2.421228834
176810,4,2.421269408
176820,4,2.421313618
176830,4,2.421354414
176840,4,2.421397432
176850,4,2.421438928
176860,4,2.421480441
176870,4,2.421523568
176880,4,2.421565718
176890,4,2.421607373
176900,4,2.421648236
176910,4,2.421690877
176920,4,2.421732783
176930,4,2.421774537
176940,4,2.421817162
176950,4,2.421855783
176960,4,2.42190081
176970,4,2.421940707
176980,4,2.421981384
176990,4,2.42202408
177000,4,2.42206751
177010,4,2.422108983
177020,4,2.422146617
177030,4,2.422189496
177040,4,2.422231843
177050,4,2.422273404
177060,4,2.422315163
177070,4,2.422356613
177080,4,2.422398077
177090,4,2.422440172
177100,4,2.422480143
177110,4,2.422521829
177120,4,2.422563968
177130,4,2.422604816
177140,4,2.422647093
177150,4,2.422685984
177160,4,2.422730178
177170,4,2.422769942
177180,4,2.422812905
177190,4,2.422852243
177200,4,2.422894092
177210,4,2.42293504
177220,4,2.422974514
177230,4,2.423017898
177240,4,2.423058863
177250,4,2.423100751
177260,4,2.423141883
177270,4,2.423181114
177280,4,2.423223118
177290,4,2.423263324
177300,4,2.423303903
177310,4,2.423343051
177320,4,2.423386575
177330,4,2.423426467
177340,4,2.423467211
177350,4,2.423505875
177360,4,2.423547754
177370,4,2.423590069
177380,4,2.423630661
177390,4,2.423669482
177400,4,2.423710216
177410,4,2.423750308
177420,4,2.423791063
177430,4,2.423833012
177440,4,2.423875089
177450,4,2.423914354
177460,4,2.423952694
177470,4,2.423995192
177480,4,2.424033611
177490,4,2.424076308
177500,4,2.424114663
177510,4,2.424155484
177520,4,2.42419477
177530,4,2.424235126
177540,4,2.424274057
177550,4,2.424315578
177560,4,2.424356878
177570,4,2.424398197
177580,4,2.424434956
177590,4,2.424476404
177600,4,2.424516724
177610,4,2.424555936
177620,4,2.424595146
177630,4,2.424636336
177640,4,2.424675299
177650,4,2.424715641
177660,4,2.42475406
177670,4,2.424794755
177680,4,2.424834098
177690,4,2.42487515
177700,4,2.42491536
177710,4,2.424954524
177720,4,2.424995231
177730,4,2.425032609
177740,4,2.425072548
177750,4,2.425112397
177760,4,2.425151034
177770,4,2.425191638
177780,4,2.425231358
177790,4,2.425271353
177800,4,2.42530824
177810,4,2.425350058
177820,4,2.425388094
177830,4,2.425429295
177840,4,2.425469104
177850,4,2.425507386
177860,4,2.425546386
177870,4,2.425585882
177880,4,2.425625375
177890,4,2.425665168
177900,4,2.425703718
177910,4,2.425742068
177920,4,2.425781058
177930,4,2.425821389
177940,4,2.42585686
177950,4,2.425898136
177960,4,2.425936694
177970,4,2.425976842
177980,4,2.426015994
177990,4,2.426054936
178000,4,2.426091306
178010,4,2.426130617
178020,4,2.426170033
178030,4,2.426208558
178040,4,2.426248644
178050,4,2.426286692
178060,4,2.426325309
178070,4,2.426363764
178080,4,2.426402834
178090,4,2.426443108
178100,4,2.426480768
178110,4,2.426518021
178120,4,2.426557424
178130,4,2.426595121
178140,4,2.426634209
178150,4,2.426670831
178160,4,2.426709569
178170,4,2.426750553
178180,4,2.426787175
178190,4,2.426826256
178200,4,2.426863511
178210,4,2.426902347
178220,4,2.42694013
178230,4,2.426979252
178240,4,2.427015821
178250,4,2.427053193
178260,4,2.427092679
178270,4,2.427130073
178280,4,2.427168845
178290,4,2.427208447
178300,4,2.427245614
178310,4,2.427281833
178320,4,2.427320888
178330,4,2.427358593
178340,4,2.427395867
178350,4,2.427433609
178360,4,2.427472635
178370,4,2.427507038
178380,4,2.427546895
178390,4,2.427584485
178400,4,2.427622371
178410,4,2.427659634
178420,4,2.427699261
178430,4,2.427734031
178440,4,2.42777306
178450,4,2.427810838
178460,4,2.427847474
178470,1,2.014281076
178480,1,2.014364445
178490,1,2.014447918
178500,1,2.014531506
178510,1,2.014615595
178520,1,2.01469956
178530,1,2.014783856
178540,1,2.01486824
178550,1,2.014953069
178560,1,2.015037852
178570,1,2.015122766
178580,1,2.015207892
178590,1,2.015293312
178600,1,2.015378751
178610,1,2.015464545
178620,1,2.01555063
178630,1,2.015636497
178640,1,2.015723052
178650,1,2.015809635
178660,1,2.015896119
178670,1,2.015983206
178680,1,2.016069977
178690,1,2.016157348
178700,1,2.016245006
178710,1,2.016332411
178720,1,2.016420156
178730,1,2.016508259
178740,1,2.016596339
178750,1,2.01668479
178760,1,2.016773614
178770,1,2.016862092
178780,1,2.016951171
178790,1,2.017040178
178800,1,2.017129436
178810,1,2.017219005
178820,1,2.017308642
178830,1,2.017398668
178840,1,2.017488476
178850,1,2.017578792
178860,1,2.017669328
178870,1,2.017760032
178880,1,2.017850719
178890,1,2.017941753
178900,1,2.018032973
178910,1,2.018124088
178920,1,2.018215799
178930,1,2.018307591
178940,1,2.018399565
178950,1,2.018491409
178960,1,2.018583795
178970,1,2.018676244
178980,1,2.018769024
178990,1,2.018861839
179000,1,2.018954846
179010,1,2.019048104
179020,1,2.019141456
179030,1,2.019235353
179040,1,2.01932891
179050,1,2.019422959
179060,1,2.019517052
179070,1,2.019611395
179080,1,2.019706024
179090,1,2.019800468
179100,1,2.019895558
179110,1,2.019990742
179120,1,2.020085862
179130,1,2.020181298
179140,1,2.020276849
179150,1,2.020372654
179160,1,2.020468685
179170,1,2.020564887
179180,1,2.020661266
179190,1,2.020757877
179200,1,2.020854602
179210,1,2.020951334
179220,1,2.021048602
179230,1,2.021145891
179240,1,2.021243313
179250,1,2.021341068
179260,1,2.021438848
179270,1,2.02153685
179280,1,2.021634853
179290,1,2.021733581
179300,1,2.021832136
179310,1,2.021930865
179320,1,2.02202979
179330,1,2.022128988
179340,1,2.022228434
179350,1,2.022327861
179360,1,2.022427476
179370,1,2.022527238
179380,1,2.022627427
179390,1,2.022727641
179400,1,2.022828117
179410,1,2.022928659
179420,1,2.023029373
179430,1,2.023130352
179440,1,2.023231491
179450,1,2.02333293
179460,1,2.023434412
179470,1,2.023536195
179480,1,2.023637813
179490,1,2.023740214
179500,1,2.023842511
179510,1,2.02394482
179520,1,2.024047394
179530,1,2.024150141
179540,1,2.024253162
179550,1,2.02435638
179560,1,2.024459827
179570,1,2.024563225
179580,1,2.024666788
179590,1,2.024770747
179600,1,2.024874854
179610,1,2.024979516
179620,1,2.02508367
179630,1,2.025188654
179640,1,2.025293163
179650,1,2.025397994
179660,1,2.025503172
179670,1,2.025608626
179680,1,2.025714256
179690,1,2.025819736
179700,1,2.025925603
179710,1,2.026031825
179720,1,2.026138134
179730,1,2.026244814
179740,1,2.026351374
179750,1,2.026458061
179760,1,2.026565187
179770,1,2.026672191
179780,1,2.026779516
179790,1,2.026887147
179800,1,2.026994733
179810,1,2.027102693
179820,1,2.027210876
179830,1,2.027318979
179840,1,2.027427657
179850,1,2.027536105
179860,1,2.027645058
179870,1,2.027753869
179880,1,2.027863081
179890,1,2.027972535
179900,1,2.028081983
179910,1,2.028191678
179920,1,2.028301489
179930,1,2.028411526
179940,1,2.028521918
179950,1,2.028632242
179960,1,2.028743117
179970,1,2.028853773
179980,1,2.028964738
179990,1,2.029075878
180000,1,2.029187178
180010,1,2.029298786
180020,1,2.029410433
180030,1,2.029522302
180040,1,2.029634326
180050,1,2.029746594
180060,1,2.029859103
180070,1,2.029971574
180080,1,2.030084408
180090,1,2.030197304
180100,1,2.030310375
180110,1,2.0304238
180120,1,2.030537424
180130,1,2.030650897
180140,1,2.030764665
180150,1,2.030878879
180160,1,2.030992826
180170,1,2.031107401
180180,1,2.031221966
180190,1,2.031336703
180200,1,2.031451607
180210,1,2.031566756
180220,1,2.031682106
180230,1,2.031797546
180240,1,2.031913245
180250,1,2.032028841
180260,1,2.032145045
180270,1,2.032261243
180280,1,2.032377428
180290,1,2.032494044
180300,1,2.032610799
180310,1,2.032727597
180320,1,2.032844578
180330,1,2.032961761
180340,1,2.033079098
180350,1,2.033196917
180360,1,2.033314759
180370,1,2.033432667
180380,1,2.033550849
180390,1,2.033668945
180400,1,2.03378754
180410,1,2.033906146
180420,1,2.034025135
180430,1,2.034144014
180440,1,2.034263295
180450,1,2.034382821
180460,1,2.034502068
180470,1,2.034621939
180480,1,2.034741944
180490,1,2.03486179
180500,1,2.034982253
180510,1,2.035102625
180520,1,2.035223223
180530,1,2.035344039
180540,1,2.035465069
180550,1,2.035586209
180560,1,2.035707587
180570,1,2.03582891
180580,1,2.035950561
180590,1,2.036072607
180600,1,2.03619471
180610,1,2.036316584
180620,1,2.036439031
180630,1,2.036561654
180640,1,2.036684252
180650,1,2.036807216
180660,1,2.036930374
180670,1,2.037053519
180680,1,2.037177028
180690,1,2.03730074
180700,1,2.03742451
180710,1,2.037548413
180720,1,2.037672566
180730,1,2.037796669
180740,1,2.037921457
180750,1,2.038045968
180760,1,2.03817105
180770,1,2.038295812
180780,1,2.038421139
180790,1,2.038546332
180800,1,2.038672185
180810,1,2.038797718
180820,1,2.038923585
180830,1,2.039049608
180840,1,2.039175944
180850,1,2.039302152
180860,1,2.039428758
180870,1,2.039555541
180880,1,2.03968235
180890,1,2.039809633
180900,1,2.039936896
180910,1,2.040064427
180920,1,2.04019211
180930,1,2.04031977
180940,1,2.040447828
180950,1,2.040576039
180960,1,2.040704321
180970,1,2.040832821
180980,1,2.040961429
180990,1,2.041090459
181000,1,2.041219599
181010,1,2.041348513
181020,1,2.041477963
181030,1,2.04160769
181040,1,2.041737184
181050,1,2.041867281
181060,1,2.041997198
181070,1,2.042127439
181080,1,2.0422578
181090,1,2.042388279
181100,1,2.042519124
181110,1,2.042650193
181120,1,2.042781155
181130,1,2.042912348
181140,1,2.043043885
181150,1,2.043175559
181160,1,2.043307384
181170,1,2.043439299
181180,1,2.043571249
181190,1,2.043703829
181200,1,2.043836121
181210,1,2.04396877
181220,1,2.044101665
181230,1,2.044234843
181240,1,2.044367913
181250,1,2.044501412
181260,1,2.044634725
181270,1,2.044768383
181280,1,2.044902336
181290,1,2.045036349
181300,1,2.045170541
181310,1,2.045304803
181320,1,2.045439442
181330,1,2.045574211
181340,1,2.045708972
181350,1,2.045844015
181360,1,2.045979384
181370,1,2.04611468
181380,1,2.046250373
181390,1,2.046385988
181400,1,2.046521986
181410,1,2.046657916
181420,1,2.046794203
181430,1,2.046930673
181440,1,2.047067392
181450,1,2.047204081
181460,1,2.047340974
181470,1,2.047477978
181480,1,2.047615392
181490,1,2.047752668
181500,1,2.047890296
181510,1,2.04802809
181520,1,2.048166191
181530,1,2.048304349
181540,1,2.048442477
181550,1,2.048580734
181560,1,2.048719474
181570,1,2.048858407
181580,1,2.048997355
181590,1,2.049136456
181600,1,2.04927573
181610,1,2.049415338
181620,1,2.049554862
181630,1,2.049694862
181640,1,2.049834657
181650,1,2.049974907
181660,1,2.050115192
181670,1,2.050255764
181680,1,2.050396363
181690,1,2.050537147
181700,1,2.050678155
181710,1,2.050819285
181720,1,2.050960716
181730,1,2.051102005
181740,1,2.051243707
181750,1,2.051385696
181760,1,2.051527679
181770,1,2.051669835
181780,1,2.051812154
181790,1,2.051954613
181800,1,2.052097296
181810,1,2.052240232
181820,1,2.052383248
181830,1,2.0525264
181840,1,2.052669653
181850,1,2.052813152
181860,1,2.052956797
181870,1,2.053100904
181880,1,2.053244703
181890,1,2.053388802
181900,1,2.053533341
181910,1,2.053677999
181920,1,2.053822553
181930,1,2.053967271
181940,1,2.054112395
181950,1,2.054257453
181960,1,2.054402793
181970,1,2.05454848
181980,1,2.054693976
181990,1,2.054840004
182000,1,2.054986118
182010,1,2.055132128
182020,1,2.055278548
182030,1,2.05542504
182040,1,2.055571757
182050,1,2.055718599
182060,1,2.055865565
182070,1,2.056012667
182080,1,2.056160002
182090,1,2.056307448
182100,1,2.056455383
182110,1,2.056603019
182120,1,2.056751061
182130,1,2.056899351
182140,1,2.05704748
182150,1,2.057196119
182160,1,2.057344667
182170,1,2.057493547
182180,1,2.057642576
182190,1,2.057791621
182200,1,2.057940812
182210,1,2.058090496
182220,1,2.058240116
182230,1,2.05838996
182240,1,2.058539984
182250,1,2.058689984
182260,1,2.058840297
182270,1,2.058990616
182280,1,2.059141347
182290,1,2.059292141
182300,1,2.059443326
182310,1,2.059594202
182320,1,2.059745757
182330,1,2.059897065
182340,1,2.060048648
182350,1,2.060200193
182360,1,2.060352298
182370,1,2.060504251
182380,1,2.060656893
182390,1,2.060809037
182400,1,2.060961717
182410,1,2.061114662
182420,1,2.061267339
182430,1,2.061420762
182440,1,2.061573737
182450,1,2.061727077
182460,1,2.061880761
182470,1,2.062034522
182480,1,2.062188233
182490,1,2.062342474
182500,1,2.06249669
182510,1,2.062650895
182520,1,2.062805576
182530,1,2.062960095
182540,1,2.063115337
182550,1,2.063270101
182560,1,2.063425462
182570,1,2.063580567
182580,1,2.063736114
182590,1,2.063891946
182600,1,2.064047557
182610,1,2.06420364
182620,1,2.064359894
182630,1,2.06451602
182640,1,2.064672636
182650,1,2.064829109
182660,1,2.06498601
182670,1,2.065142926
182680,1,2.065300198
182690,1,2.065457207
182700,1,2.065614758
182710,1,2.065772199
182720,1,2.065930094
182730,1,2.066088311
182740,1,2.066246112
182750,1,2.066404375
182760,1,2.066562804
182770,1,2.066721172
182780,1,2.066880055
182790,1,2.06703898
182800,1,2.067197961
182810,1,2.067357174
182820,1,2.067516675
182830,1,2.067676039
182840,1,2.067835701
182850,1,2.067995587
182860,1,2.068155478
182870,1,2.068315696
182880,1,2.068476006
182890,1,2.068636591
182900,1,2.068797115
182910,1,2.068958038
182920,1,2.069118951
182930,1,2.069279866
182940,1,2.069441178
182950,1,2.069602615
182960,1,2.069764155
182970,1,2.069925885
182980,1,2.070087913
182990,1,2.070249833
183000,1,2.070412061
183010,1,2.07057449
183020,1,2.070737171
183030,1,2.070899724
183040,1,2.071062522
183050,1,2.071225557
183060,1,2.071388667
183070,1,2.071552025
183080,1,2.071715527
183090,1,2.071878989
183100,1,2.072042807
183110,1,2.072206823
183120,1,2.072370862
183130,1,2.072535182
183140,1,2.072699656
183150,1,2.072864076
183160,1,2.07302871
183170,1,2.073193714
183180,1,2.073358864
183190,1,2.073523757
183200,1,2.073689395
183210,1,2.073854814
183220,1,2.074020481
183230,1,2.074186256
183240,1,2.074352309
183250,1,2.07451844
183260,1,2.074684831
183270,1,2.074851002
183280,1,2.075017778
183290,1,2.075184442
183300,1,2.07535139
183310,1,2.075518607
183320,1,2.075685487
183330,1,2.075852919
183340,1,2.076020351
183350,1,2.076188201
183360,1,2.076355973
183370,1,2.076523948
183380,1,2.076691912
183390,1,2.076860406
183400,1,2.077028951
183410,1,2.077197489
183420,1,2.077366178
183430,1,2.077535178
183440,1,2.077704322
183450,1,2.077873361
183460,1,2.078042798
183470,1,2.078212468
183480,1,2.078381952
183490,1,2.078551934
183500,1,2.078721856
183510,1,2.07889194
183520,1,2.079062118
183530,1,2.079232588
183540,1,2.079403162
183550,1,2.079574041
183560,1,2.079744901
183570,1,2.07991608
183580,1,2.080087198
183590,1,2.080258569
183600,1,2.080430142
183610,1,2.080601781
183620,1,2.080773527
183630,1,2.080945647
183640,1,2.081117695
183650,1,2.081290116
183660,1,2.081462095
183670,1,2.081634876
183680,1,2.081807789
183690,1,2.081980269
183700,1,2.082153525
183710,1,2.082326788
183720,1,2.082499968
183730,1,2.082673484
183740,1,2.082847256
183750,1,2.083021155
183760,1,2.083194812
183770,1,2.083368871
183780,1,2.083543113
183790,1,2.083717603
183800,1,2.083892311
183810,1,2.084066956
183820,1,2.084241673
183830,1,2.084416698
183840,1,2.084591879
183850,1,2.084767058
183860,1,2.08494251
183870,1,2.085118002
183880,1,2.085294158
183890,1,2.085469844
183900,1,2.085646001
183910,1,2.085822052
183920,1,2.085998461
183930,1,2.086174915
183940,1,2.086351629
183950,1,2.086528296
183960,1,2.086705244
183970,1,2.086882327
183980,1,2.087059515
183990,1,2.087236858
184000,1,2.087414343
184010,1,2.087592169
184020,1,2.087769974
184030,1,2.087947779
184040,1,2.088125882
184050,1,2.088304142
184060,1,2.088482695
184070,1,2.088661249
184080,1,2.088840058
184090,1,2.089018775
184100,1,2.089197883
184110,1,2.089377096
184120,1,2.089556233
184130,1,2.089735766
184140,1,2.0899154
184150,1,2.090095291
184160,1,2.09027501
184170,1,2.090455106
184180,1,2.090635342
184190,1,2.090815731
184200,1,2.090996172
184210,1,2.091176755
184220,1,2.091357214
184230,1,2.091538429
184240,1,2.091719539
184250,1,2.091900729
184260,1,2.092082141
184270,1,2.092263762
184280,1,2.092445349
184290,1,2.092627218
184300,1,2.092808853
184310,1,2.092991169
184320,1,2.093173369
184330,1,2.09335578
184340,1,2.093538121
184350,1,2.093720944
184360,1,2.093903714
184370,1,2.094086708
184380,1,2.094269732
184390,1,2.094452845
184400,1,2.094636324
184410,1,2.094819874
184420,1,2.095003764
184430,1,2.095187468
184440,1,2.095371405
184450,1,2.095555524
184460,1,2.09574002
184470,1,2.095924089
184480,1,2.096108702
184490,1,2.096293367
184500,1,2.096478408
184510,1,2.096663052
184520,1,2.096848408
184530,1,2.097033712
184540,1,2.09721892
184550,1,2.097404599
184560,1,2.097590517
184570,1,2.097776139
184580,1,2.097962245
184590,1,2.09814828
184600,1,2.098334442
184610,1,2.098520884
184620,1,2.098707542
184630,1,2.098894141
184640,1,2.099080988
184650,1,2.099268075
184660,1,2.099455011
184670,1,2.099642354
184680,1,2.099829885
184690,1,2.10001721
184700,1,2.100204854
184710,1,2.100392786
184720,1,2.100580768
184730,1,2.100768802
184740,1,2.100957235
184750,1,2.101145652
184760,1,2.101334008
184770,1,2.101522891
184780,1,2.101711647
184790,1,2.101900589
184800,1,2.102089603
184810,1,2.102278789
184820,1,2.102468266
184830,1,2.102657745
184840,1,2.102847403
184850,1,2.103037398
184860,1,2.103227156
184870,1,2.103417247
184880,1,2.103607618
184890,1,2.10379786
184900,1,2.103988151
184910,1,2.104178959
184920,1,2.104370065
184930,1,2.104560672
184940,1,2.104751814
184950,1,2.10494308
184960,1,2.105134365
184970,1,2.105325867
184980,1,2.105517372
184990,1,2.105709286
185000,1,2.105900995
185010,1,2.106093176
185020,1,2.106285204
185030,1,2.10647738
185040,1,2.106669908
185050,1,2.10686251
185060,1,2.107055173
185070,1,2.107248119
185080,1,2.107441076
185090,1,2.107634305
185100,1,2.107827659
185110,1,2.108020893
185120,1,2.108214708
185130,1,2.108408149
185140,1,2.108602175
185150,1,2.108796254
185160,1,2.108990106
185170,1,2.109184336
185180,1,2.109378782
185190,1,2.109573221
185200,1,2.10976796
185210,1,2.109962626
185220,1,2.110157556
185230,1,2.110352787
185240,1,2.110547715
185250,1,2.11074317
185260,1,2.110938593
185270,1,2.111134178
185280,1,2.11132993
185290,1,2.111525868
185300,1,2.111721777
185310,1,2.111917889
185320,1,2.112114263
185330,1,2.112310535
185340,1,2.11250723
185350,1,2.112703748
185360,1,2.112900683
185370,1,2.113097697
185380,1,2.113294671
185390,1,2.113491829
185400,1,2.113689292
185410,1,2.113886599
185420,1,2.114084529
185430,1,2.114282259
185440,1,2.114480035
185450,1,2.114677967
185460,1,2.114876093
185470,1,2.115074417
185480,1,2.11527279
185490,1,2.115471579
185500,1,2.115670166
185510,1,2.115868887
185520,1,2.116067885
185530,1,2.116267161
185540,1,2.116466205
185550,1,2.11666559
185560,1,2.11686509
185570,1,2.117064868
185580,1,2.117264337
185590,1,2.117464229
185600,1,2.11766437
185610,1,2.117864648
185620,1,2.118064842
185630,1,2.118265219
185640,1,2.118465835
185650,1,2.118666211
185660,1,2.118867363
185670,1,2.119068212
185680,1,2.119269281
185690,1,2.119470368
185700,1,2.119671765
185710,1,2.1198735
185720,1,2.120074946
185730,1,2.120276516
185740,1,2.12047844
185750,1,2.120680409
185760,1,2.120882325
185770,1,2.121084725
185780,1,2.121287026
185790,1,2.12148946
185800,1,2.121692219
185810,1,2.121895034
185820,1,2.122097912
185830,1,2.122301075
185840,1,2.122504295
185850,1,2.122707486
185860,1,2.12291105
185870,1,2.123114584
185880,1,2.123318027
185890,1,2.123521875
185900,1,2.12372589
185910,1,2.12392997
185920,1,2.124134058
185930,1,2.124338441
185940,1,2.124542821
185950,1,2.124747588
185960,1,2.124952053
185970,1,2.125157137
185980,1,2.125361753
185990,1,2.12556718
186000,1,2.125772087
186010,1,2.125977638
186020,1,2.126183021
186030,1,2.126388731
186040,1,2.126594336
186050,1,2.126800448
186060,1,2.127006468
186070,1,2.127212613
186080,1,2.127418717
186090,1,2.127625067
186100,1,2.127831336
186110,1,2.128038206
186120,1,2.128244871
186130,1,2.128451621
186140,1,2.128658676
186150,1,2.128865898
186160,1,2.129072976
186170,1,2.129280577
186180,1,2.129487797
186190,1,2.129695634
186200,1,2.129903478
186210,1,2.130111282
186220,1,2.130319285
186230,1,2.130527325
186240,1,2.13073566
186250,1,2.130944044
186260,1,2.131152377
186270,1,2.131360976
186280,1,2.131570029
186290,1,2.131778767
186300,1,2.131987691
186310,1,2.132197028
186320,1,2.132406396
186330,1,2.132615597
186340,1,2.132824976
186350,1,2.133034779
186360,1,2.133244568
186370,1,2.13345425
186380,1,2.133664419
186390,1,2.133874581
186400,1,2.134084863
186410,1,2.13429503
186420,1,2.134505751
186430,1,2.134716084
186440,1,2.134926709
186450,1,2.135137782
186460,1,2.135348883
186470,1,2.135559995
186480,1,2.135771159
186490,1,2.135982498
186500,1,2.136193859
186510,1,2.136405261
186520,1,2.136617388
186530,1,2.136829134
186540,1,2.137041119
186550,1,2.13725319
186560,1,2.137465526
186570,1,2.137677724
186580,1,2.137890015
186590,1,2.138102742
186600,1,2.13831532
186610,1,2.138528155
186620,1,2.138741266
186630,1,2.138953988
186640,1,2.139167512
186650,1,2.139380619
186660,1,2.139594027
186670,1,2.13980753
186680,1,2.140021337
186690,1,2.140235264
186700,1,2.140448978
186710,1,2.140662962
186720,1,2.140877224
186730,1,2.141091448
186740,1,2.141305668
186750,1,2.141520454
186760,1,2.141734854
186770,1,2.141949595
186780,1,2.142164641
186790,1,2.14237935
186800,1,2.142594381
186810,1,2.142809878
186820,1,2.143024975
186830,1,2.143240511
186840,1,2.14345595
186850,1,2.143671542
186860,1,2.143887597
186870,1,2.144103454
186880,1,2.144319471
186890,1,2.144535488
186900,1,2.14475177
186910,1,2.144968202
186920,1,2.14518481
186930,1,2.145401324
186940,1,2.1456181
186950,1,2.145835071
186960,1,2.146052156
186970,1,2.146269191
186980,1,2.146486306
186990,1,2.146703448
187000,1,2.146920904
187010,1,2.147138639
187020,1,2.147356336
187030,1,2.147574029
187040,1,2.147792023
187050,1,2.148010107
187060,1,2.148228373
187070,1,2.148446557
187080,1,2.148664884
187090,1,2.148883136
187100,1,2.149101949
187110,1,2.149320518
187120,1,2.149539547
187130,1,2.149758542
187140,1,2.14997733
187150,1,2.150196571
187160,1,2.150415949
187170,1,2.150635255
187180,1,2.150855025
187190,1,2.151074538
187200,1,2.151294482
187210,1,2.151514134
187220,1,2.151734136
187230,1,2.151954162
187240,1,2.152174324
187250,1,2.152394875
187260,1,2.152615098
187270,1,2.152835674
187280,1,2.15305628
187290,1,2.153277276
187300,1,2.153497722
187310,1,2.153719057
187320,1,2.153940168
187330,1,2.154161406
187340,1,2.154382645
187350,1,2.154604088
187360,1,2.154825769
187370,1,2.15504738
187380,1,2.155269094
187390,1,2.155490962
187400,1,2.155713112
187410,1,2.155935206
187420,1,2.156157545
187430,1,2.156379753
187440,1,2.156602067
187450,1,2.156824716
187460,1,2.157047215
187470,1,2.157270131
187480,1,2.157493097
187490,1,2.157716041
187500,1,2.157939202
187510,1,2.158162556
187520,1,2.158385905
187530,1,2.15860924
187540,1,2.158832867
187550,1,2.159056373
187560,1,2.159280274
187570,1,2.159504031
187580,1,2.159728341
187590,1,2.159952307
187600,1,2.160176701
187610,1,2.160400734
187620,1,2.160625296
187630,1,2.160849735
187640,1,2.161074426
187650,1,2.16129925
187660,1,2.161524013
187670,1,2.161749019
187680,1,2.161974352
187690,1,2.162199449
187700,1,2.162424774
187710,1,2.162650293
187720,1,2.162875685
187730,1,2.163101208
187740,1,2.163327058
187750,1,2.163552842
187760,1,2.163779033
187770,1,2.16400498
187780,1,2.16423106
187790,1,2.164457366
187800,1,2.164683738
187810,1,2.164910187
187820,1,2.16513681
187830,1,2.165363472
187840,1,2.165590073
187850,1,2.165817182
187860,1,2.16604435
187870,1,2.166271522
187880,1,2.166498619
187890,1,2.166725939
187900,1,2.166953452
187910,1,2.167180926
187920,1,2.167408361
187930,1,2.167636368
187940,1,2.167864124
187950,1,2.168092253
187960,1,2.168320349
187970,1,2.168548345
187980,1,2.168776746
187990,1,2.169005191
188000,1,2.169233588
188010,1,2.169462416
188020,1,2.169691048
188030,1,2.169919736
188040,1,2.170148739
188050,1,2.170377817
188060,1,2.170606985
188070,1,2.170836083
188080,1,2.171065257
188090,1,2.171294683
188100,1,2.171524423
188110,1,2.171753963
188120,1,2.171983692
188130,1,2.172213562
188140,1,2.172443582
188150,1,2.172673637
188160,1,2.172903551
188170,1,2.17313393
188180,1,2.173364278
188190,1,2.173594749
188200,1,2.173825252
188210,1,2.174056183
188220,1,2.174286738
188230,1,2.174517819
188240,1,2.174748775
188250,1,2.174979412
188260,1,2.175210949
188270,1,2.175442083
188280,1,2.175673539
188290,1,2.175904938
188300,1,2.176136509
188310,1,2.176368221
188320,1,2.176599826
188330,1,2.176831956
188340,1,2.177063967
188350,1,2.17729624
188360,1,2.177528203
188370,1,2.177760521
188380,1,2.177992861
188390,1,2.178225178
188400,1,2.178457869
188410,1,2.178690624
188420,1,2.178923317
188430,1,2.179156194
188440,1,2.179388995
188450,1,2.179622228
188460,1,2.1798553
188470,1,2.18008868
188480,1,2.180321994
188490,1,2.180555466
188500,1,2.180788934
188510,1,2.181022691
188520,1,2.181256417
188530,1,2.181490221
188540,1,2.18172439
188550,1,2.181958373
188560,1,2.182192494
188570,1,2.182426921
188580,1,2.182661135
188590,1,2.182895538
188600,1,2.183130233
188610,1,2.183364546
188620,1,2.183599487
188630,1,2.183834311
188640,1,2.184069327
188650,1,2.184304223
188660,1,2.18453922
188670,1,2.184774806
188680,1,2.185009965
188690,1,2.185245415
188700,1,2.185480699
188710,1,2.185716502
188720,1,2.185952067
188730,1,2.18618801
188740,1,2.186423854
188750,1,2.186659807
188760,1,2.186895773
188770,1,2.187132003
188780,1,2.187368203
188790,1,2.187604719
188800,1,2.187841259
188810,1,2.188077746
188820,1,2.188314281
188830,1,2.188551121
188840,1,2.188787588
188850,1,2.18902463
188860,1,2.189261833
188870,1,2.189499084
188880,1,2.189736228
188890,1,2.189973364
188900,1,2.190210837
188910,1,2.190448388
188920,1,2.190686095
188930,1,2.190923672
188940,1,2.191161417
188950,1,2.191399353
188960,1,2.191637153
188970,1,2.191875436
188980,1,2.192113361
188990,1,2.192351605
189000,1,2.192589998
189010,1,2.192828346
189020,1,2.193066895
189030,1,2.193305526
189040,1,2.193544213
189050,1,2.193783013
189060,1,2.194021715
189070,1,2.194260796
189080,1,2.194499909
189090,1,2.194738999
189100,1,2.194978261
189110,1,2.195217619
189120,1,2.195457094
189130,1,2.195696248
189140,1,2.19593595
189150,1,2.19617584
189160,1,2.196415354
189170,1,2.196655331
189180,1,2.196895453
189190,1,2.19713537
189200,1,2.197375412
189210,1,2.197615693
189220,1,2.197855915
189230,1,2.198096488
189240,1,2.198336923
189250,1,2.198577754
189260,1,2.198818188
189270,1,2.199059042
189280,1,2.199299894
189290,1,2.199540698
189300,1,2.199781835
189310,1,2.20002297
189320,1,2.200264181
189330,1,2.200505401
189340,1,2.200746711
189350,1,2.200988161
189360,1,2.201229644
189370,1,2.201471344
189380,1,2.20171331
189390,1,2.201954887
189400,1,2.202196942
189410,1,2.202438729
189420,1,2.202680779
189430,1,2.202922938
189440,1,2.203165219
189450,1,2.203407646
189460,1,2.203650012
189470,1,2.203892644
189480,1,2.204135159
189490,1,2.204378037
189500,1,2.204620635
189510,1,2.204863421
189520,1,2.205106503
189530,1,2.205349227
189540,1,2.205592419
189550,1,2.205835639
189560,1,2.206078982
189570,1,2.206322357
189580,1,2.206565734
189590,1,2.206809252
189600,1,2.207052937
189610,1,2.20729657
189620,1,2.207540295
189630,1,2.207784064
189640,1,2.208028225
189650,1,2.208272069
189660,1,2.208516229
189670,1,2.208760262
189680,1,2.209004797
189690,1,2.209249188
189700,1,2.209493428
189710,1,2.209737943
189720,1,2.209982422
189730,1,2.210227401
189740,1,2.210472144
189750,1,2.210716815
189760,1,2.210961869
189770,1,2.211206857
189780,1,2.211452198
189790,1,2.211697048
189800,1,2.21194253
189810,1,2.212187842
189820,1,2.212433094
189830,1,2.212678637
189840,1,2.212924226
189850,1,2.213170119
189860,1,2.213415681
189870,1,2.213661602
189880,1,2.213907367
189890,1,2.214153297
189900,1,2.214399658
189910,1,2.214645525
189920,1,2.21489175
189930,1,2.215138114
189940,1,2.21538465
189950,1,2.215631092
189960,1,2.215877518
189970,1,2.216124194
189980,1,2.216371022
189990,1,2.216617666
190000,1,2.216864523
190010,1,2.217111488
190020,1,2.217358635
190030,1,2.217605814
190040,1,2.217852892
190050,1,2.218100178
190060,1,2.218347457
190070,1,2.218594931
190080,1,2.218842372
190090,1,2.219089838
190100,1,2.219337556
190110,1,2.21958541
190120,1,2.219832966
190130,1,2.220081097
190140,1,2.220328973
190150,1,2.220577093
190160,1,2.220825094
190170,1,2.221073304
190180,1,2.221321348
190190,1,2.221569958
190200,1,2.22181838
190210,1,2.222066994
190220,1,2.222315489
190230,1,2.222563968
190240,1,2.222812704
190250,1,2.223061661
190260,1,2.223310446
190270,1,2.22355946
190280,1,2.223808516
190290,1,2.224057546
190300,1,2.224306668
190310,1,2.224556005
190320,1,2.224805385
190330,1,2.225054577
190340,1,2.225304113
190350,1,2.225553817
190360,1,2.225803374
190370,1,2.226053147
190380,1,2.226302853
190390,1,2.226552554
190400,1,2.226802523
190410,1,2.227052666
190420,1,2.22730238
190430,1,2.227552676
190440,1,2.227802875
190450,1,2.228053114
190460,1,2.228303685
190470,1,2.228553936
190480,1,2.228804664
190490,1,2.229055149
190500,1,2.229305854
190510,1,2.229556498
190520,1,2.22980729
190530,1,2.230058004
190540,1,2.230308948
190550,1,2.230559901
190560,1,2.230811245
190570,1,2.231062249
190580,1,2.23131342
190590,1,2.231564638
190600,1,2.231816216
190610,1,2.232067572
190620,1,2.232319216
190630,1,2.232570629
190640,1,2.232822348
190650,1,2.233073992
190660,1,2.233325779
190670,1,2.233577912
190680,1,2.233829552
190690,1,2.234081432
190700,1,2.23433359
190710,1,2.234585699
190720,1,2.234837946
190730,1,2.235090182
190740,1,2.235342526
190750,1,2.235594994
190760,1,2.235847398
190770,1,2.236099959
190780,1,2.236352483
190790,1,2.236605455
190800,1,2.236857975
190810,1,2.237110693
190820,1,2.237363637
190830,1,2.237616764
190840,1,2.237869515
190850,1,2.238122685
190860,1,2.23837597
190870,1,2.238629148
190880,1,2.238882464
190890,1,2.239135729
190900,1,2.23938916
190910,1,2.239642843
190920,1,2.239896401
190930,1,2.24014996
190940,1,2.240403426
190950,1,2.24065735
190960,1,2.24091109
190970,1,2.241165167
190980,1,2.241418933
190990,1,2.241673115
191000,1,2.241927115
191010,1,2.242181334
191020,1,2.24243551
191030,1,2.24268975
191040,1,2.242944011
191050,1,2.243198679
191060,1,2.243452968
191070,1,2.243707578
191080,1,2.243962107
191090,1,2.244216836
191100,1,2.244471727
191110,1,2.244726423
191120,1,2.244981198
191130,1,2.245236172
191140,1,2.245491111
191150,1,2.245746296
191160,1,2.246001304
191170,1,2.246256705
191180,1,2.246511829
191190,1,2.246767099
191200,1,2.247022549
191210,1,2.247277936
191220,1,2.247533395
191230,1,2.247788808
191240,1,2.248044716
191250,1,2.24830016
191260,1,2.24855602
191270,1,2.248811655
191280,1,2.249067605
191290,1,2.249323546
191300,1,2.249579554
191310,1,2.249835781
191320,1,2.250091943
191330,1,2.250347916
191340,1,2.250604355
191350,1,2.250860422
191360,1,2.251116904
191370,1,2.251373141
191380,1,2.251629653
191390,1,2.251886225
191400,1,2.25214289
191410,1,2.252399459
191420,1,2.252656305
191430,1,2.252912744
191440,1,2.253169556
191450,1,2.253426497
191460,1,2.253683584
191470,1,2.253940635
191480,1,2.254197504
191490,1,2.254454777
191500,1,2.254711964
191510,1,2.254969142
191520,1,2.255226339
191530,1,2.255484122
191540,1,2.255741299
191550,1,2.255998827
191560,1,2.256256244
191570,1,2.256513975
191580,1,2.256771652
191590,1,2.257029307
191600,1,2.257287079
191610,1,2.25754494
191620,1,2.257802705
191630,1,2.258060827
191640,1,2.258318732
191650,1,2.258576591
191660,1,2.258834734
191670,1,2.25909303
191680,1,2.259351367
191690,1,2.259609421
191700,1,2.259867983
191710,1,2.26012637
191720,1,2.260384711
191730,1,2.26064318
191740,1,2.260901797
191750,1,2.261160352
191760,1,2.261418984
191770,1,2.261677774
191780,1,2.261936491
191790,1,2.26219531
191800,1,2.262454111
191810,1,2.262713225
191820,1,2.262972213
191830,1,2.26323126
191840,1,2.263490322
191850,1,2.263749445
191860,1,2.264008817
191870,1,2.26426792
191880,1,2.264527282
191890,1,2.264786514
191900,1,2.265046005
191910,1,2.26530561
191920,1,2.265565072
191930,1,2.265824645
191940,1,2.266084282
191950,1,2.266344066
191960,1,2.266603697
191970,1,2.266863334
191980,1,2.267123236
191990,1,2.267383199
192000,1,2.267643065
192010,1,2.267903086
192020,1,2.268163169
192030,1,2.268423294
192040,1,2.268683513
192050,1,2.268943665
192060,1,2.26920381
192070,1,2.26946405
192080,1,2.269724628
192090,1,2.269984782
192100,1,2.270245519
192110,1,2.270505848
192120,1,2.270766609
192130,1,2.271026949
192140,1,2.271287446
192150,1,2.271548426
192160,1,2.271808977
192170,1,2.272070181
192180,1,2.272330718
192190,1,2.272591519
192200,1,2.272852544
192210,1,2.273113557
192220,1,2.273374656
192230,1,2.273635879
192240,1,2.273897001
192250,1,2.274158054
192260,1,2.274419504
192270,1,2.274680652
192280,1,2.274941893
192290,1,2.275203211
192300,1,2.275464678
192310,1,2.275726103
192320,1,2.275987726
192330,1,2.27624928
192340,1,2.276511013
192350,1,2.276772673
192360,1,2.277034392
192370,1,2.277296016
192380,1,2.277557767
192390,1,2.277819809
192400,1,2.278081639
192410,1,2.278343479
192420,1,2.278605473
192430,1,2.278867597
192440,1,2.279129775
192450,1,2.279391773
192460,1,2.279654097
192470,1,2.279916185
192480,1,2.280178285
192490,1,2.280440582
192500,1,2.280703084
192510,1,2.280965422
192520,1,2.281227902
192530,1,2.281490429
192540,1,2.281753114
192550,1,2.282015599
192560,1,2.282278214
192570,1,2.282540644
192580,1,2.282803513
192590,1,2.283066357
192600,1,2.283328785
192610,1,2.283592069
192620,1,2.283854817
192630,1,2.284117623
192640,1,2.284380567
192650,1,2.284643604
192660,1,2.284906543
192670,1,2.285169668
192680,1,2.285432831
192690,1,2.285695877
192700,1,2.285959277
192710,1,2.286222468
192720,1,2.286485854
192730,1,2.286749201
192740,1,2.287012559
192750,1,2.287275971
192760,1,2.287539335
192770,1,2.287802975
192780,1,2.288066321
192790,1,2.288330059
192800,1,2.288593488
192810,1,2.288857285
192820,1,2.289120853
192830,1,2.289384733
192840,1,2.289648801
192850,1,2.289912327
192860,1,2.290176145
192870,1,2.290440161
192880,1,2.290704231
192890,1,2.290968251
192900,1,2.291232083
192910,1,2.291495994
192920,1,2.291760229
192930,1,2.29202433
192940,1,2.292288559
192950,1,2.292552813
192960,1,2.292816988
192970,1,2.293081221
192980,1,2.293345648
192990,1,2.293610073
193000,1,2.293874336
193010,1,2.294138778
193020,1,2.29440347
193030,1,2.294667833
193040,1,2.294932505
193050,1,2.295196891
193060,1,2.295461468
193070,1,2.295726269
193080,1,2.295990973
193090,1,2.296255682
193100,1,2.296520552
193110,1,2.296785484
193120,1,2.297050123
193130,1,2.297315164
193140,1,2.297579878
193150,1,2.297844991
193160,1,2.298110035
193170,1,2.298374933
193180,1,2.298640067
193190,1,2.298904953
193200,1,2.299170159
193210,1,2.299435324
193220,1,2.299700499
193230,1,2.299965693
193240,1,2.300230976
193250,1,2.300496362
193260,1,2.300761703
193270,1,2.301027069
193280,1,2.301292409
193290,1,2.301557824
193300,1,2.301823229
193310,1,2.3020888
193320,1,2.302354354
193330,1,2.302619954
193340,1,2.302885532
193350,1,2.30315101
193360,1,2.303416793
193370,1,2.303682542
193380,1,2.303948301
193390,1,2.304214044
193400,1,2.304479822
193410,1,2.304745615
193420,1,2.305011565
193430,1,2.305277329
193440,1,2.305543175
193450,1,2.305809144
193460,1,2.306075175
193470,1,2.30634135
193480,1,2.306607127
193490,1,2.306873313
193500,1,2.30713947
193510,1,2.30740557
193520,1,2.307671695
193530,1,2.30793788
193540,1,2.308204213
193550,1,2.30847045
193560,1,2.308736712
193570,1,2.309003028
193580,1,2.309269372
193590,1,2.309535713
193600,1,2.309802112
193610,1,2.310068584
193620,1,2.310335004
193630,1,2.310601513
193640,1,2.310868239
193650,1,2.311134538
193660,1,2.311401223
193670,1,2.311667792
193680,1,2.31193433
193690,1,2.31220096
193700,1,2.312467539
193710,1,2.312734281
193720,1,2.313001146
193730,1,2.313267917
193740,1,2.313534909
193750,1,2.313801474
193760,1,2.314068297
193770,1,2.314335201
193780,1,2.314602186
193790,1,2.314868817
193800,1,2.315135881
193810,1,2.315402957
193820,1,2.315670072
193830,1,2.315937091
193840,1,2.316204222
193850,1,2.316471075
193860,1,2.316738052
193870,1,2.317005227
193880,1,2.317272578
193890,1,2.317539801
193900,1,2.317806972
193910,1,2.31807419
193920,1,2.318341288
193930,1,2.318608453
193940,1,2.318875992
193950,1,2.319143249
193960,1,2.319410779
193970,1,2.31967814
193980,1,2.319945447
193990,1,2.32021285
194000,1,2.320480217
194010,1,2.32074775
194020,1,2.32101527
194030,1,2.321282835
194040,1,2.321550174
194050,1,2.321817647
194060,1,2.322085537
194070,1,2.322353101
194080,1,2.322620584
194090,1,2.32288852
194100,1,2.323155955
194110,1,2.32342378
194120,1,2.323691484
194130,1,2.323959289
194140,1,2.324226934
194150,1,2.32449474
194160,1,2.32476246
194170,1,2.325030247
194180,1,2.325298026
194190,1,2.325566024
194200,1,2.325833916
194210,1,2.326101758
194220,1,2.326369755
194230,1,2.326637519
194240,1,2.326905574
194250,1,2.327173587
194260,1,2.327441681
194270,1,2.32770959
194280,1,2.32797775
194290,1,2.328245692
194300,1,2.328513841
194310,1,2.328781889
194320,1,2.32905003
194330,1,2.329318343
194340,1,2.329586318
194350,1,2.329854675
194360,1,2.330122771
194370,1,2.330391028
194380,1,2.33065912
194390,1,2.330927373
194400,1,2.331195589
194410,1,2.331463874
194420,1,2.331732148
194430,1,2.332000617
194440,1,2.332268883
194450,1,2.332537204
194460,1,2.332805639
194470,1,2.333073869
194480,1,2.333342178
194490,1,2.333610671
194500,1,2.333879234
194510,1,2.334147767
194520,1,2.334416191
194530,1,2.334684752
194540,1,2.334953065
194550,1,2.335221669
194560,1,2.335490143
194570,1,2.335758498
194580,1,2.336027276
194590,1,2.336295825
194600,1,2.336564287
194610,1,2.336832991
194620,1,2.337101614
194630,1,2.337370539
194640,1,2.33763886
194650,1,2.337907389
194660,1,2.338176159
194670,1,2.338444971
194680,1,2.338713428
194690,1,2.338982356
194700,1,2.339251119
194710,1,2.339519797
194720,1,2.339788467
194730,1,2.34005727
194740,1,2.340325877
194750,1,2.340594956
194760,1,2.340863832
194770,1,2.341132393
194780,1,2.341401072
194790,1,2.341670073
194800,1,2.341938954
194810,1,2.34220778
194820,1,2.342476792
194830,1,2.342745559
194840,1,2.343014617
194850,1,2.343283249
194860,1,2.343552386
194870,1,2.343821299
194880,1,2.344090028
194890,1,2.344359125
194900,1,2.344628023
194910,1,2.344897062
194920,1,2.345165799
194930,1,2.345435005
194940,1,2.345703975
194950,1,2.345972932
194960,1,2.346242098
194970,1,2.346511065
194980,1,2.346780124
194990,1,2.347049136
195000,1,2.347318222
195010,1,2.347587206
195020,1,2.347856278
195030,1,2.348125385
195040,1,2.348394366
195050,1,2.348663719
195060,1,2.348932687
195070,1,2.34920171
195080,1,2.349470861
195090,1,2.349739994
195100,1,2.35000927
195110,1,2.350278354
195120,1,2.350547274
195130,1,2.350816652
195140,1,2.351085759
195150,1,2.3513549
195160,1,2.351623979
195170,1,2.351893269
195180,1,2.352162349
195190,1,2.352431875
195200,1,2.35270098
195210,1,2.352970004
195220,1,2.35323911
195230,1,2.353508601
195240,1,2.353777523
195250,1,2.354046868
195260,1,2.354316264
195270,1,2.354585536
195280,1,2.354854648
195290,1,2.355123912
195300,1,2.355393155
195310,1,2.355662586
195320,1,2.355931656
195330,1,2.356201146
195340,1,2.356470454
195350,1,2.356739628
195360,1,2.357008852
195370,1,2.357278072
195380,1,2.357547491
195390,1,2.357816724
195400,1,2.358085889
195410,1,2.358355331
195420,1,2.358624567
195430,1,2.358893863
195440,1,2.359163272
195450,1,2.359432568
195460,1,2.359701657
195470,1,2.359971114
195480,1,2.36024042
195490,1,2.360509855
195500,1,2.360779137
195510,1,2.361048361
195520,1,2.361317917
195530,1,2.361587199
195540,1,2.361856251
195550,1,2.362125731
195560,1,2.362395023
195570,1,2.362664379
195580,1,2.36293376
195590,1,2.3632028
195600,1,2.363472383
195610,1,2.363741684
195620,1,2.364010828
195630,1,2.364280445
195640,1,2.364549658
195650,1,2.364818969
195660,1,2.365088299
195670,1,2.36535739
195680,1,2.365626735
195690,1,2.365896391
195700,1,2.366165511
195710,1,2.36643497
195720,1,2.366704222
195730,1,2.366973561
195740,1,2.367242684
195750,1,2.367512111
195760,1,2.367781504
195770,1,2.368050723
195780,1,2.368319827
195790,1,2.368589499
195800,1,2.368858903
195810,1,2.369127912
195820,1,2.369397261
195830,1,2.369666514
195840,1,2.369935938
195850,1,2.370205238
195860,1,2.370474323
195870,1,2.370743709
195880,1,2.371012836
195890,1,2.371282291
195900,1,2.371551603
195910,1,2.371820833
195920,1,2.372089977
195930,1,2.37235938
195940,1,2.372628429
195950,1,2.372897913
195960,1,2.373167257
195970,1,2.373436139
195980,1,2.373705593
195990,1,2.373974881
196000,1,2.374243975
196010,1,2.374512969
196020,1,2.374782354
196030,1,2.375051566
196040,1,2.375320784
196050,1,2.375589754
196060,1,2.375859165
196070,1,2.376128194
196080,1,2.376397292
196090,1,2.376666615
196100,1,2.376935717
196110,1,2.377205065
196120,1,2.377474037
196130,1,2.377743362
196140,1,2.378012346
196150,1,2.378281403
196160,1,2.378550618
196170,1,2.378819659
196180,1,2.379088637
196190,1,2.379357815
196200,1,2.379627012
196210,1,2.379896079
196220,1,2.380165242
196230,1,2.380434192
196240,1,2.380703229
196250,1,2.380972175
196260,1,2.381241388
196270,1,2.381510273
196280,1,2.381779433
196290,1,2.382048281
196300,1,2.382317216
196310,1,2.382586157
196320,1,2.382855126
196330,1,2.383124162
196340,1,2.38339314
196350,1,2.38366201
196360,1,2.383931023
196370,1,2.384199932
196380,1,2.384468882
196390,1,2.384737727
196400,1,2.385006313
196410,1,2.385275447
196420,1,2.385544239
196430,1,2.385813259
196440,1,2.386081844
196450,1,2.386350694
196460,1,2.386619547
196470,1,2.386888461
196480,1,2.387157316
196490,1,2.387425771
196500,1,2.38769466
196510,1,2.38796346
196520,1,2.388232169
196530,1,2.388501029
196540,1,2.388769461
196550,1,2.389038409
196560,1,2.389306914
196570,1,2.389575722
196580,1,2.389844162
196590,1,2.390113017
196600,1,2.390381576
196610,1,2.390650192
196620,1,2.390918834
196630,1,2.391187323
196640,1,2.391456046
196650,1,2.391724452
196660,1,2.391993065
196670,1,2.392261566
196680,1,2.392529929
196690,1,2.392798477
196700,1,2.393066864
196710,1,2.393335406
196720,1,2.393604154
196730,1,2.39387221
196740,1,2.394140576
196750,1,2.394409243
196760,1,2.394677509
196770,1,2.394946012
196780,1,2.395214186
196790,1,2.395482583
196800,1,2.39575094
196810,1,2.396019087
196820,1,2.396287555
196830,1,2.396555839
196840,1,2.396824096
196850,1,2.397092111
196860,1,2.397360307
196870,1,2.397628427
196880,1,2.397896726
196890,1,2.398164955
196900,1,2.398433007
196910,1,2.398701465
196920,1,2.398969176
196930,1,2.399237436
196940,1,2.399505242
196950,1,2.399773387
196960,1,2.400041444
196970,1,2.400309506
196980,1,2.400577539
196990,1,2.400845322
197000,1,2.401113244
197010,1,2.401381061
197020,1,2.401649305
197030,1,2.401916877
197040,1,2.402184748
197050,1,2.402452671
197060,1,2.402720514
197070,1,2.402988245
197080,1,2.403256036
197090,1,2.403524022
197100,1,2.403791298
197110,1,2.404059255
197120,1,2.404326852
197130,1,2.404594744
197140,1,2.404862394
197150,1,2.405129851
197160,1,2.405397579
197170,1,2.40566493
197180,1,2.405932648
197190,1,2.40620003
197200,1,2.406467564
197210,1,2.406735164
197220,1,2.407002855
197230,1,2.407270044
197240,1,2.407537369
197250,1,2.407805029
197260,1,2.408072217
197270,1,2.408339676
197280,1,2.408606954
197290,1,2.408874372
197300,1,2.409141479
197310,1,2.409408669
197320,1,2.409675912
197330,1,2.409943065
197340,1,2.410210433
197350,1,2.41047756
197360,1,2.410744611
197370,1,2.411011855
197380,1,2.411278863
197390,1,2.411545831
197400,1,2.411812893
197410,1,2.412079938
197420,1,2.41234668
197430,1,2.41261388
197440,1,2.412880589
197450,1,2.413147579
197460,1,2.413414429
197470,1,2.413681349
197480,1,2.413948117
197490,1,2.414214801
197500,1,2.414481596
197510,1,2.414748328
197520,1,2.415015025
197530,1,2.415281864
197540,1,2.415548563
197550,1,2.415815017
197560,1,2.416081817
197570,1,2.416348335
197580,1,2.416614732
197590,1,2.416881214
197600,1,2.41714776
197610,1,2.417414285
197620,1,2.417680757
197630,1,2.417947085
197640,1,2.418213431
197650,1,2.418479842
197660,1,2.418746005
197670,1,2.419012369
197680,1,2.41927862
197690,1,2.41954477
197700,1,2.419811036
197710,1,2.420077129
197720,1,2.420343271
197730,1,2.420609437
197740,1,2.420875411
197750,1,2.421141637
197760,1,2.421407421
197770,1,2.421673433
197780,1,2.421939261
197790,1,2.422205369
197800,1,2.422471044
197810,1,2.422737211
197820,1,2.423002854
197830,1,2.42326854
197840,1,2.423534511
197850,1,2.423800112
197860,1,2.424065818
197870,1,2.424331293
197880,1,2.42459712
197890,1,2.42486275
197900,1,2.425128135
197910,1,2.425393475
197920,1,2.425659072
197930,1,2.425924747
197940,1,2.426190145
197950,1,2.426455582
197960,1,2.426720955
197970,1,2.42698627
197980,1,2.427251587
197990,1,2.427516532
198000,1,2.427782077
198010,1,2.428047112
198020,1,2.428312288
198030,1,2.428577474
198040,1,2.428842665
198050,1,2.429107711
198060,1,2.429372457
198070,1,2.4296375
198080,1,2.429902654
198090,1,2.430167305
198100,1,2.43043239
198110,1,2.430697013
198120,1,2.430961889
198130,1,2.43122659
198140,1,2.431491423
198150,1,2.431756243
198160,1,2.432020778
198170,1,2.43228535
198180,1,2.432550057
198190,1,2.432814635
198200,1,2.433078955
198210,1,2.433343538
198220,1,2.433608054
198230,1,2.433872326
198240,1,2.43413673
198250,1,2.434400966
198260,1,2.434665225
198270,1,2.434929588
198280,1,2.435193832
198290,1,2.435457904
198300,1,2.435722019
198310,1,2.435986119
198320,1,2.436250178
198330,1,2.436514161
198340,1,2.436778194
198350,1,2.437042116
198360,1,2.437306041
198370,1,2.437569908
198380,1,2.437833637
198390,1,2.43809726
198400,1,2.438361213
198410,1,2.438624797
198420,1,2.43888884
198430,1,2.4391522
198440,1,2.439415676
198450,1,2.439679273
198460,1,2.439942682
198470,1,2.440206184
198480,1,2.44046971
198490,1,2.440732935
198500,1,2.440996245
198510,1,2.441259635
198520,1,2.441522828
198530,1,2.441786136
198540,1,2.442049218
198550,1,2.442312398
198560,1,2.442575567
198570,1,2.442838597
198580,1,2.443101662
198590,1,2.443364303
198600,1,2.443627292
198610,1,2.443890149
198620,1,2.44415326
198630,1,2.444415793
198640,1,2.444678457
198650,1,2.444941215
198660,1,2.445204089
198670,1,2.445466607
198680,1,2.445729212
198690,1,2.445991641
198700,1,2.446254312
198710,1,2.44651663
198720,1,2.446778992
198730,1,2.447041319
198740,1,2.447303468
198750,1,2.447565757
198760,1,2.447827938
198770,1,2.448090233
198780,1,2.448352213
198790,1,2.44861439
198800,1,2.448876385
198810,1,2.449138373
198820,1,2.449400408
198830,1,2.449662195
198840,1,2.449923885
198850,1,2.450185668
198860,1,2.450447674
198870,1,2.450709387
198880,1,2.450970758
198890,1,2.451232618
198900,1,2.45149396
198910,1,2.451755593
198920,1,2.452017032
198930,1,2.452278581
198940,1,2.452539741
198950,1,2.452801187
198960,1,2.453062379
198970,1,2.453323546
198980,1,2.453584797
198990,1,2.45384583
199000,1,2.454107141
199010,1,2.454368181
199020,1,2.454629104
199030,1,2.454890161
199040,1,2.455151005
199050,1,2.455411778
199060,1,2.455672421
199070,1,2.455933442
199080,1,2.456193906
199090,1,2.456454574
199100,1,2.456715243
199110,1,2.456975716
199120,1,2.457236096
199130,1,2.457496584
199140,1,2.457756997
199150,1,2.458017408
199160,1,2.458277786
199170,1,2.458538044
199180,1,2.458798075
199190,1,2.459058249
199200,1,2.459318444
199210,1,2.459578507
199220,1,2.459838439
199230,1,2.460098245
199240,1,2.46035831
199250,1,2.460617997
199260,1,2.460877707
199270,1,2.461137496
199280,1,2.461397313
199290,1,2.461656789
199300,1,2.46191651
199310,1,2.462175875
199320,1,2.462435356
199330,1,2.462694847
199340,1,2.462954237
199350,1,2.463213263
199360,1,2.46347275
199370,1,2.463731869
199380,1,2.463991018
199390,1,2.464249995
199400,1,2.464508886
199410,1,2.464768135
199420,1,2.465026995
199430,1,2.465285881
199440,1,2.465544769
199450,1,2.465803533
199460,1,2.466062298
199470,1,2.466320908
199480,1,2.466579339
199490,1,2.466838003
199500,1,2.467096495
199510,1,2.467354875
199520,1,2.467613325
199530,1,2.467871547
199540,1,2.468129961
199550,1,2.468388101
199560,1,2.468646306
199570,1,2.468904528
199580,1,2.469162369
199590,1,2.469420431
199600,1,2.469678093
199610,1,2.469936042
199620,1,2.47019395
199630,1,2.470451815
199640,1,2.470709531
199650,1,2.470967102
199660,1,2.471224551
199670,1,2.471482264
199680,1,2.47173964
199690,1,2.471997058
199700,1,2.472254414
199710,1,2.472511519
199720,1,2.472768817
199730,1,2.473026118
199740,1,2.473283362
199750,1,2.473540175
199760,1,2.473797279
199770,1,2.474054226
199780,1,2.474311129
199790,1,2.474568128
199800,1,2.474824718
199810,1,2.475081402
199820,1,2.475338041
199830,1,2.475594757
199840,1,2.475851166
199850,1,2.476107707
199860,1,2.476363992
199870,1,2.476620308
199880,1,2.476876613
199890,1,2.477132726
199900,1,2.477388793
199910,1,2.477645235
199920,1,2.477901152
199930,1,2.478156981
199940,1,2.478412866
199950,1,2.47866892
199960,1,2.478924499
199970,1,2.479180287
199980,1,2.479436025
199990,1,2.479691853
200000,1,2.479946904
200010,1,2.480202671
200020,1,2.480458242
200030,1,2.480713385
200040,1,2.480968704
200050,1,2.481223899
200060,1,2.481479182
200070,1,2.481734472
200080,1,2.481989341
200090,1,2.482244082
200100,1,2.482499068
200110,1,2.482754026
200120,1,2.483008987
200130,1,2.483263609
200140,1,2.483518198
200150,1,2.483772911
200160,1,2.484027287
200170,1,2.484281837
200180,1,2.484536209
200190,1,2.484790514
200200,1,2.485044937
200210,1,2.485298988
200220,1,2.485553038
200230,1,2.485807206
200240,1,2.486061018
200250,1,2.486315018
200260,1,2.486569127
200270,1,2.486822877
200280,1,2.48707671
200290,1,2.487330303
200300,1,2.487583881
200310,1,2.487837316
200320,1,2.488091014
200330,1,2.488344248
200340,1,2.488597507
200350,1,2.488850875
200360,1,2.489104279
200370,1,2.489357297
200380,1,2.489610254
200390,1,2.489863362
200400,1,2.490116292
200410,1,2.490369185
200420,1,2.490621961
200430,1,2.490874768
200440,1,2.491127297
200450,1,2.491380056
200460,1,2.491632519
200470,1,2.491884943
200480,1,2.492137504
200490,1,2.49238963
200500,1,2.492642057
200510,1,2.492894235
200520,1,2.493146173
200530,1,2.493398493
200540,1,2.493650272
200550,1,2.493902346
200560,1,2.49415398
200570,1,2.494405796
200580,1,2.494657695
200590,1,2.494909213
200600,1,2.495160584
200610,1,2.49541213
200620,1,2.495663683
200630,1,2.495914935
200640,1,2.496166379
200650,1,2.496417576
200660,1,2.496668655
200670,1,2.496919563
200680,1,2.49717072
200690,1,2.497421488
200700,1,2.497672281
200710,1,2.49792323
200720,1,2.49817388
200730,1,2.498424417
200740,1,2.498674999
200750,1,2.498925569
200760,1,2.49917597
200770,1,2.499426257
200780,1,2.499676365
200790,1,2.499926592
200800,1,2.500176843
200810,1,2.500426939
200820,1,2.500677013
200830,1,2.500926805
200840,1,2.501176757
200850,1,2.50142635
200860,1,2.501676045
200870,1,2.501925695
200880,1,2.502175091
200890,1,2.502424693
200900,1,2.502673968
200910,1,2.502923248
200920,1,2.503172529
200930,1,2.503421724
200940,1,2.503670893
200950,1,2.503919828
200960,1,2.504168824
200970,1,2.504417684
200980,1,2.50466631
200990,1,2.50491516
201000,1,2.505163672
201010,1,2.505412485
201020,1,2.50566082
201030,1,2.50590897
201040,1,2.506157576
201050,1,2.506405628
201060,1,2.506653948
201070,1,2.506902024
201080,1,2.50715008
201090,1,2.507397978
201100,1,2.50764577
201110,1,2.507893564
201120,1,2.508141263
201130,1,2.508389043
201140,1,2.508636461
201150,1,2.508884043
201160,1,2.509131565
201170,1,2.50937876
201180,1,2.509625909
201190,1,2.509873018
201200,1,2.510120181
201210,1,2.510367349
201220,1,2.510613993
201230,1,2.510860965
201240,1,2.511107878
201250,1,2.511354656
201260,1,2.511600809
201270,1,2.511847445
201280,1,2.512094051
201290,1,2.512340469
201300,1,2.51258674
201310,1,2.512832971
201320,1,2.51307919
201330,1,2.51332521
201340,1,2.513571302
201350,1,2.513816943
201360,1,2.51406269
201370,1,2.514308496
201380,1,2.514554185
201390,1,2.514799705
201400,1,2.515045376
201410,1,2.515290695
201420,1,2.515536066
201430,1,2.515781331
201440,1,2.516026411
201450,1,2.516271658
201460,1,2.516516489
201470,1,2.516761482
201480,1,2.517006334
201490,1,2.517251096
201500,1,2.517495782
201510,1,2.517740323
201520,1,2.5179849
201530,1,2.518229241
201540,1,2.518473644
201550,1,2.518717883
201560,1,2.518961962
201570,1,2.519206046
201580,1,2.519450049
201590,1,2.519694215
201600,1,2.519937817
201610,1,2.520181678
201620,1,2.520425425
201630,1,2.52066891
201640,1,2.520912361
201650,1,2.521155886
201660,1,2.521399105
201670,1,2.521642356
201680,1,2.521885582
201690,1,2.522128698
201700,1,2.522371513
201710,1,2.522614608
201720,1,2.522857454
201730,1,2.523100273
201740,1,2.52334267
201750,1,2.523585283
201760,1,2.523827774
201770,1,2.524070074
201780,1,2.524312379
201790,1,2.524554484
201800,1,2.524796894
201810,1,2.525038929
201820,1,2.525280884
201830,1,2.525522718
201840,1,2.525764486
201850,1,2.526006373
201860,1,2.526247911
201870,1,2.52648943
201880,1,2.526730874
201890,1,2.5269724
201900,1,2.5272135
201910,1,2.527454699
201920,1,2.527695637
201930,1,2.52793664
201940,1,2.528177571
201950,1,2.528418407
201960,1,2.528659234
201970,1,2.528899821
201980,1,2.529140252
201990,1,2.529381096
202000,1,2.529621361
202010,1,2.529861638
202020,1,2.530101743
202030,1,2.530341982
202040,1,2.530581783
202050,1,2.530821797
202060,1,2.531061744
202070,1,2.531301393
202080,1,2.531541045
202090,1,2.531780687
202100,1,2.532020186
202110,1,2.532259559
202120,1,2.532498944
202130,1,2.532738156
202140,1,2.532977142
202150,1,2.533216056
202160,1,2.533455206
202170,1,2.533694161
202180,1,2.533932885
202190,1,2.534171597
202200,1,2.534410054
202210,1,2.534648615
202220,1,2.534886945
202230,1,2.535125476
202240,1,2.535363574
202250,1,2.535601628
202260,1,2.535839614
202270,1,2.53607744
202280,1,2.5363153
202290,1,2.536553088
202300,1,2.536790706
202310,1,2.537028393
202320,1,2.537265836
202330,1,2.537503117
202340,1,2.537740513
202350,1,2.537977677
202360,1,2.538214808
202370,1,2.538451994
202380,1,2.538688676
202390,1,2.538925477
202400,1,2.53916231
202410,1,2.539398942
202420,1,2.539635467
202430,1,2.539871947
202440,1,2.540108086
202450,1,2.540344576
202460,1,2.540580645
202470,1,2.540816558
202480,1,2.541052657
202490,1,2.541288599
202500,1,2.541524173
202510,1,2.541759797
202520,1,2.541995666
202530,1,2.542230789
202540,1,2.542466221
202550,1,2.542701643
202560,1,2.542936934
202570,1,2.543171992
202580,1,2.5434068
202590,1,2.543641813
202600,1,2.543876548
202610,1,2.544111432
202620,1,2.544345899
202630,1,2.544580601
202640,1,2.544814798
202650,1,2.545049263
202660,1,2.545283452
202670,1,2.545517649
202680,1,2.545751748
202690,1,2.545985543
202700,1,2.546219468
202710,1,2.54645323
202720,1,2.546686851
202730,1,2.546920546
202740,1,2.547153634
202750,1,2.547387295
202760,1,2.547620381
202770,1,2.547853706
202780,1,2.548086668
202790,1,2.548319693
202800,1,2.548552559
202810,1,2.548785144
202820,1,2.549017852
202830,1,2.549250397
202840,1,2.549482927
202850,1,2.549715222
202860,1,2.549947502
202870,1,2.550179603
202880,1,2.550411562
202890,1,2.5506436
202900,1,2.550875551
202910,1,2.551107328
202920,1,2.551339047
202930,1,2.551570588
202940,1,2.551801777
202950,1,2.552033045
202960,1,2.552264529
202970,1,2.552495748
202980,1,2.552726489
202990,1,2.552957742
203000,1,2.553188508
203010,1,2.553419195
203020,1,2.553649818
203030,1,2.553880457
203040,1,2.5541107
203050,1,2.554341295
203060,1,2.554571483
203070,1,2.554801521
203080,1,2.555031663
203090,1,2.555261617
203100,1,2.555491318
203110,1,2.555721102
203120,1,2.555950688
203130,1,2.556180204
203140,1,2.556409705
203150,1,2.556638885
203160,1,2.556868202
203170,1,2.557097261
203180,1,2.557326082
203190,1,2.557555145
203200,1,2.557783876
203210,1,2.558012675
203220,1,2.558241075
203230,1,2.558469727
203240,1,2.558697818
203250,1,2.558926209
203260,1,2.559154529
203270,1,2.559382525
203280,1,2.559610554
203290,1,2.559838243
203300,1,2.56006601
203310,1,2.560293522
203320,1,2.560521088
203330,1,2.560748532
203340,1,2.560975861
203350,1,2.561203064
203360,1,2.561430366
203370,1,2.561657219
203380,1,2.561884212
203390,1,2.562110803
203400,1,2.562337748
203410,1,2.562564068
203420,1,2.562790606
203430,1,2.563016974
203440,1,2.563243269
203450,1,2.563469247
203460,1,2.563695281
203470,1,2.563921371
203480,1,2.564147153
203490,1,2.564372863
203500,1,2.564598342
203510,1,2.564823916
203520,1,2.565049422
203530,1,2.565274665
203540,1,2.565500004
203550,1,2.565724815
203560,1,2.565949836
203570,1,2.566174654
203580,1,2.566399537
203590,1,2.566624189
203600,1,2.566848597
203610,1,2.567072844
203620,1,2.567297347
203630,1,2.567521563
203640,1,2.56774553
203650,1,2.567969655
203660,1,2.568193441
203670,1,2.568417173
203680,1,2.56864083
203690,1,2.56886438
203700,1,2.569087634
203710,1,2.569311163
203720,1,2.56953427
203730,1,2.569757324
203740,1,2.569980373
203750,1,2.570203261
203760,1,2.570426139
203770,1,2.570648582
203780,1,2.570871327
203790,1,2.571093837
203800,1,2.571315928
203810,1,2.571538246
203820,1,2.571760314
203830,1,2.571982212
203840,1,2.572204197
203850,1,2.572425727
203860,1,2.572647614
203870,1,2.572869183
203880,1,2.573090458
203890,1,2.573311718
203900,1,2.573532967
203910,1,2.573754065
203920,1,2.573975177
203930,1,2.574195913
203940,1,2.574416718
203950,1,2.574637419
203960,1,2.574857914
203970,1,2.575078154
203980,1,2.575298519
203990,1,2.57551865
204000,1,2.575738804
204010,1,2.575958644
204020,1,2.576178595
204030,1,2.57639825
204040,1,2.576617967
204050,1,2.576837595
204060,1,2.57705666
204070,1,2.577276098
204080,1,2.577495078
204090,1,2.577714171
204100,1,2.577933307
204110,1,2.578152023
204120,1,2.578370423
204130,1,2.578589263
204140,1,2.578807694
204150,1,2.579026144
204160,1,2.579244196
204170,1,2.579462374
204180,1,2.579680431
204190,1,2.579898254
204200,1,2.580115893
204210,1,2.580333601
204220,1,2.580551096
204230,1,2.580768635
204240,1,2.580985907
204250,1,2.581203131
204260,1,2.581420189
204270,1,2.581636965
204280,1,2.581853922
204290,1,2.582070514
204300,1,2.582287108
204310,1,2.582503663
204320,1,2.582720015
204330,1,2.582936258
204340,1,2.583152442
204350,1,2.5833685
204360,1,2.583584451
204370,1,2.583800068
204380,1,2.584015899
204390,1,2.584231284
204400,1,2.58444666
204410,1,2.584662106
204420,1,2.584877211
204430,1,2.585092268
204440,1,2.585307276
204450,1,2.585522168
204460,1,2.585736779
204470,1,2.585951418
204480,1,2.586166005
204490,1,2.586380378
204500,1,2.586594436
204510,1,2.586808673
204520,1,2.587022399
204530,1,2.587236492
204540,1,2.58745013
204550,1,2.587663619
204560,1,2.587877321
204570,1,2.588090751
204580,1,2.588303722
204590,1,2.588517071
204600,1,2.588730102
204610,1,2.588943196
204620,1,2.58915583
204630,1,2.589368429
204640,1,2.589580901
204650,1,2.589793264
204660,1,2.590005717
204670,1,2.59021793
204680,1,2.590429911
204690,1,2.590641621
204700,1,2.59085369
204710,1,2.591065309
204720,1,2.59127693
204730,1,2.59148843
204740,1,2.591699642
204750,1,2.591910976
204760,1,2.592122016
204770,1,2.592332993
204780,1,2.592543814
204790,1,2.592754354
204800,1,2.592964966
204810,1,2.593175551
204820,1,2.593385805
204830,1,2.593596163
204840,1,2.593806132
204850,1,2.594016224
204860,1,2.594225894
204870,1,2.59443558
204880,1,2.594645254
204890,1,2.594854703
204900,1,2.595064088
204910,1,2.595273292
204920,1,2.595482301
204930,1,2.595691479
204940,1,2.595900288
204950,1,2.596109024
204960,1,2.596317676
204970,1,2.59652608
204980,1,2.596734394
204990,1,2.596942633
205000,1,2.597150693
205010,1,2.597358843
205020,1,2.597566375
205030,1,2.597774302
205040,1,2.597982062
205050,1,2.59818947
205060,1,2.598396835
205070,1,2.598603854
205080,1,2.598810912
205090,1,2.599017879
205100,1,2.599224829
205110,1,2.599431462
205120,1,2.5996383
205130,1,2.599844462
205140,1,2.60005113
205150,1,2.600256972
205160,1,2.600463255
205170,1,2.600669169
205180,1,2.600875275
205190,1,2.601080696
205200,1,2.601286382
205210,1,2.601491739
205220,1,2.601697199
205230,1,2.601902343
205240,1,2.602107309
205250,1,2.602312368
205260,1,2.602517054
205270,1,2.602721878
205280,1,2.602926154
205290,1,2.603130732
205300,1,2.603335139
205310,1,2.603539302
205320,1,2.603743307
205330,1,2.603947185
205340,1,2.604150816
205350,1,2.604354506
205360,1,2.604558148
205370,1,2.6047616
205380,1,2.604964723
205390,1,2.60516786
205400,1,2.605370937
205410,1,2.605573789
205420,1,2.605776461
205430,1,2.605978995
205440,1,2.606181538
205450,1,2.606383914
205460,1,2.606586012
205470,1,2.606788057
205480,1,2.606990057
205490,1,2.607191939
205500,1,2.607393664
205510,1,2.607595385
205520,1,2.607796575
205530,1,2.607998039
205540,1,2.608199141
205550,1,2.608400088
205560,1,2.608600779
205570,1,2.608801743
205580,1,2.609002696
205590,1,2.609202969
205600,1,2.609403463
205610,1,2.609603564
205620,1,2.609803808
205630,1,2.61000358
205640,1,2.610203667
205650,1,2.610403233
205660,1,2.610602794
205670,1,2.610802278
205680,1,2.61100172
205690,1,2.611200852
205700,1,2.611400026
205710,1,2.611598774
205720,1,2.611797682
205730,1,2.611996174
205740,1,2.612194738
205750,1,2.612393452
205760,1,2.612591304
205770,1,2.612789527
205780,1,2.61298766
205790,1,2.613185579
205800,1,2.613383267
205810,1,2.613580583
205820,1,2.613778182
205830,1,2.61397558
205840,1,2.614172476
205850,1,2.614369641
205860,1,2.61456661
205870,1,2.614763436
205880,1,2.614960044
205890,1,2.615156602
205900,1,2.615352978
205910,1,2.615549146
205920,1,2.615745501
205930,1,2.615941315
205940,1,2.616137057
205950,1,2.616332736
205960,1,2.616528337
205970,1,2.616723779
205980,1,2.616919029
205990,1,2.617114242
206000,1,2.617309361
206010,1,2.617504249
206020,1,2.617698845
206030,1,2.617893242
206040,1,2.618088108
206050,1,2.618282352
206060,1,2.618476576
206070,1,2.61867054
206080,1,2.618864348
206090,1,2.619058389
206100,1,2.619251847
206110,1,2.619445475
206120,1,2.619638724
206130,1,2.619832163
206140,1,2.620025308
206150,1,2.620217982
206160,1,2.620410898
206170,1,2.620603669
206180,1,2.62079608
206190,1,2.620988577
206200,1,2.62118082
206210,1,2.621373037
206220,1,2.621564946
206230,1,2.621756896
206240,1,2.621948574
206250,1,2.622140147
206260,1,2.622331467
206270,1,2.622522899
206280,1,2.622714043
206290,1,2.622905063
206300,1,2.623095808
206310,1,2.623286671
206320,1,2.623477394
206330,1,2.623667836
206340,1,2.623857882
206350,1,2.62404826
206360,1,2.624238459
206370,1,2.624428344
206380,1,2.624617916
206390,1,2.624807674
206400,1,2.624997124
206410,1,2.625186464
206420,1,2.62537566
206430,1,2.625564585
206440,1,2.6257536
206450,1,2.62594235
206460,1,2.626131087
206470,1,2.626319739
206480,1,2.626507935
206490,1,2.626696201
206500,1,2.626884268
206510,1,2.627072231
206520,1,2.627260032
206530,1,2.62744759
206540,1,2.6276352
206550,1,2.627822439
206560,1,2.628009747
206570,1,2.628196823
206580,1,2.628383732
206590,1,2.628570639
206600,1,2.628757053
206610,1,2.628943502
206620,1,2.629130077
206630,1,2.629316305
206640,1,2.629502419
206650,1,2.629688493
206660,1,2.629874196
206670,1,2.630059796
206680,1,2.63024534
206690,1,2.630430735
206700,1,2.630615791
206710,1,2.630800945
206720,1,2.630986106
206730,1,2.631170611
206740,1,2.631355314
206750,1,2.631539998
206760,1,2.631724403
206770,1,2.631908544
206780,1,2.632092535
206790,1,2.632276437
206800,1,2.632460395
206810,1,2.632644015
206820,1,2.632827455
206830,1,2.633010825
206840,1,2.633193911
206850,1,2.633377296
206860,1,2.633560067
206870,1,2.633742915
206880,1,2.633925312
206890,1,2.634107934
206900,1,2.634290195
206910,1,2.634472452
206920,1,2.634654397
206930,1,2.634836437
206940,1,2.635018162
206950,1,2.635199691
206960,1,2.63538116
206970,1,2.63556249
206980,1,2.635743594
206990,1,2.635924893
207000,1,2.63610559
207010,1,2.636286395
207020,1,2.636467145
207030,1,2.636647388
207040,1,2.636827748
207050,1,2.637007719
207060,1,2.637187954
207070,1,2.637367616
207080,1,2.637547345
207090,1,2.637727068
207100,1,2.637906428
207110,1,2.638085745
207120,1,2.638264794
207130,1,2.638443776
207140,1,2.638622641
207150,1,2.638801342
207160,1,2.638979802
207170,1,2.63915818
207180,1,2.639336514
207190,1,2.639514465
207200,1,2.639692573
207210,1,2.639870177
207220,1,2.64004798
207230,1,2.640225329
207240,1,2.640402767
207250,1,2.640579856
207260,1,2.640757071
207270,1,2.640933655
207280,1,2.641110482
207290,1,2.641286982
207300,1,2.641463488
207310,1,2.641639868
207320,1,2.64181603
207330,1,2.641992186
207340,1,2.642167863
207350,1,2.642343461
207360,1,2.642519062
207370,1,2.642694569
207380,1,2.642869909
207390,1,2.643044866
207400,1,2.643219921
207410,1,2.64339474
207420,1,2.643569289
207430,1,2.64374395
207440,1,2.643918339
207450,1,2.644092306
207460,1,2.644266473
207470,1,2.644440393
207480,1,2.644613912
207490,1,2.644787655
207500,1,2.644961075
207510,1,2.645134363
207520,1,2.64530761
207530,1,2.645480375
207540,1,2.645653568
207550,1,2.645825901
207560,1,2.64599864
207570,1,2.646171068
207580,1,2.64634298
207590,1,2.646515281
207600,1,2.646687437
207610,1,2.646859033
207620,1,2.647030531
207630,1,2.647202113
207640,1,2.647373458
207650,1,2.647544511
207660,1,2.647715234
207670,1,2.647886442
207680,1,2.648057125
207690,1,2.648227834
207700,1,2.648398101
207710,1,2.648568444
207720,1,2.648738549
207730,1,2.648908304
207740,1,2.649078203
207750,1,2.6492478
207760,1,2.649417185
207770,1,2.649586652
207780,1,2.649755638
207790,1,2.649924811
207800,1,2.650093815
207810,1,2.65026224
207820,1,2.650430923
207830,1,2.650599388
207840,1,2.650767448
207850,1,2.650935528
207860,1,2.651103627
207870,1,2.65127152
207880,1,2.651439093
207890,1,2.651606496
207900,1,2.651773852
207910,1,2.651941095
207920,1,2.652108161
207930,1,2.65227485
207940,1,2.652441505
207950,1,2.652608137
207960,1,2.652774458
207970,1,2.652940738
207980,1,2.653106859
207990,1,2.653272918
208000,1,2.653438661
208010,1,2.653604124
208020,1,2.653769838
208030,1,2.653934823
208040,1,2.654100281
208050,1,2.654265058
208060,1,2.654429825
208070,1,2.654594502
208080,1,2.654758991
208090,1,2.654923581
208100,1,2.655087658
208110,1,2.655251796
208120,1,2.655415782
208130,1,2.655579173
208140,1,2.65574302
208150,1,2.655906286
208160,1,2.656069644
208170,1,2.656232871
208180,1,2.656395897
208190,1,2.656558558
208200,1,2.656721398
208210,1,2.65688366
208220,1,2.6570461
208230,1,2.657208154
208240,1,2.65737014
208250,1,2.657531921
208260,1,2.657693675
208270,1,2.657855083
208280,1,2.658016654
208290,1,2.658177782
208300,1,2.658338826
208310,1,2.658499803
208320,1,2.658660334
208330,1,2.658821044
208340,1,2.658981401
208350,1,2.659141539
208360,1,2.659301854
208370,1,2.659461778
208380,1,2.659621589
208390,1,2.659781223
208400,1,2.659940782
208410,1,2.660100082
208420,1,2.660259252
208430,1,2.66041816
208440,1,2.660576926
208450,1,2.660735664
208460,1,2.660894184
208470,1,2.661052695
208480,1,2.661210738
208490,1,2.661368806
208500,1,2.661526588
208510,1,2.661684407
208520,1,2.661841954
208530,1,2.661999533
208540,1,2.662156583
208550,1,2.662313666
208560,1,2.662470679
208570,1,2.662627259
208580,1,2.662783798
208590,1,2.662940353
208600,1,2.66309647
208610,1,2.663252646
208620,1,2.663408569
208630,1,2.663564392
208640,1,2.663720064
208650,1,2.663875671
208660,1,2.664030729
208670,1,2.664185846
208680,1,2.664340787
208690,1,2.664495687
208700,1,2.66465038
208710,1,2.664804801
208720,1,2.664959142
208730,1,2.665113335
208740,1,2.665267405
208750,1,2.665421387
208760,1,2.665574853
208770,1,2.665728452
208780,1,2.665881826
208790,1,2.666034915
208800,1,2.666188023
208810,1,2.666340955
208820,1,2.66649348
208830,1,2.666646065
208840,1,2.666798671
208850,1,2.666950657
208860,1,2.667102833
208870,1,2.66725475
208880,1,2.667406312
208890,1,2.667557969
208900,1,2.667709175
208910,1,2.66786072
208920,1,2.668011628
208930,1,2.668162591
208940,1,2.668313482
208950,1,2.668464022
208960,1,2.668614552
208970,1,2.6687646
208980,1,2.668914674
208990,1,2.669064441
209000,1,2.6692146
209010,1,2.669363904
209020,1,2.669513382
209030,1,2.669662744
209040,1,2.669811847
209050,1,2.669960803
209060,1,2.670109417
209070,1,2.670258059
209080,1,2.670406568
209090,1,2.670554668
209100,1,2.67070291
209110,1,2.670850995
209120,1,2.670998718
209130,1,2.671146196
209140,1,2.671293665
209150,1,2.671441077
209160,1,2.671588006
209170,1,2.671735033
209180,1,2.671882069
209190,1,2.672028462
209200,1,2.67217503
209210,1,2.672321252
209220,1,2.672467585
209230,1,2.672613536
209240,1,2.672759145
209250,1,2.672904764
209260,1,2.673050192
209270,1,2.673195588
209280,1,2.673340644
209290,1,2.673485516
209300,1,2.673630585
209310,1,2.673775182
209320,1,2.673919639
209330,1,2.674063912
209340,1,2.674207982
209350,1,2.674351948
209360,1,2.674495784
209370,1,2.674639337
209380,1,2.674782809
209390,1,2.674926218
209400,1,2.675069172
209410,1,2.675212267
209420,1,2.675355031
209430,1,2.675497783
209440,1,2.675640349
209450,1,2.675782421
209460,1,2.675924493
209470,1,2.676066591
209480,1,2.676208289
209490,1,2.676349846
209500,1,2.676491557
209510,1,2.676632683
209520,1,2.676773761
209530,1,2.676914525
209540,1,2.677055504
209550,1,2.677196137
209560,1,2.677336438
209570,1,2.677476745
209580,1,2.677617032
209590,1,2.677756823
209600,1,2.677896714
209610,1,2.678036128
209620,1,2.678175825
209630,1,2.678314747
209640,1,2.67845385
209650,1,2.678593011
209660,1,2.678731817
209670,1,2.678870088
209680,1,2.679008504
209690,1,2.67914686
209700,1,2.679284934
209710,1,2.679422709
209720,1,2.679560588
209730,1,2.679698013
209740,1,2.679835426
209750,1,2.679972712
209760,1,2.680109617
209770,1,2.680246619
209780,1,2.680383425
209790,1,2.680519849
209800,1,2.680656346
209810,1,2.680792419
209820,1,2.680928333
209830,1,2.681064313
209840,1,2.681200072
209850,1,2.681335462
209860,1,2.681470989
209870,1,2.681605946
209880,1,2.681741097
209890,1,2.681876002
209900,1,2.68201067
209910,1,2.682145084
209920,1,2.68227911
209930,1,2.682413309
209940,1,2.682547355
209950,1,2.682681284
209960,1,2.682814714
209970,1,2.682948236
209980,1,2.683081697
209990,1,2.683214637
210000,1,2.683347481
210010,1,2.683480372
210020,1,2.683613164
210030,1,2.683745408
210040,1,2.683877647
210050,1,2.68400965
210060,1,2.684141704
210070,1,2.684273575
210080,1,2.684404976
210090,1,2.684536503
210100,1,2.684667544
210110,1,2.684798598
210120,1,2.684929408
210130,1,2.685060269
210140,1,2.685190775
210150,1,2.685321147
210160,1,2.68545126
210170,1,2.685581361
210180,1,2.685711088
210190,1,2.685840735
210200,1,2.685970487
210210,1,2.686099761
210220,1,2.686228705
210230,1,2.686357631
210240,1,2.686486584
210250,1,2.686615237
210260,1,2.686743435
210270,1,2.686871804
210280,1,2.687000135
210290,1,2.687128036
210300,1,2.687255565
210310,1,2.687383114
210320,1,2.687510815
210330,1,2.687637912
210340,1,2.687764995
210350,1,2.687891784
210360,1,2.688018323
210370,1,2.688144849
210380,1,2.688271468
210390,1,2.68839755
210400,1,2.688523559
210410,1,2.688649505
210420,1,2.688774893
210430,1,2.688900827
210440,1,2.68902594
210450,1,2.689151034
210460,1,2.689276079
210470,1,2.689400803
210480,1,2.689525372
210490,1,2.689649743
210500,1,2.689774104
210510,1,2.689897994
210520,1,2.690021956
210530,1,2.690145653
210540,1,2.690269251
210550,1,2.690392709
210560,1,2.690515856
210570,1,2.69063896
210580,1,2.690761803
210590,1,2.690884327
210600,1,2.691006924
210610,1,2.691129366
210620,1,2.69125149
210630,1,2.691373281
210640,1,2.691495027
210650,1,2.691616718
210660,1,2.691738453
210670,1,2.691859499
210680,1,2.691980588
210690,1,2.692101378
210700,1,2.692222114
210710,1,2.692342761
210720,1,2.692463141
210730,1,2.692583443
210740,1,2.692703343
210750,1,2.692823407
210760,1,2.692942969
210770,1,2.693062383
210780,1,2.693181833
210790,1,2.693300775
210800,1,2.693419652
210810,1,2.693538801
210820,1,2.693657283
210830,1,2.693775567
210840,1,2.693893817
210850,1,2.69401208
210860,1,2.6941299
210870,1,2.694247684
210880,1,2.694365373
210890,1,2.694482674
210900,1,2.694599532
210910,1,2.694716685
210920,1,2.694833582
210930,1,2.69495018
210940,1,2.695066611
210950,1,2.695183218
210960,1,2.695299101
210970,1,2.695414986
210980,1,2.695530769
210990,1,2.695646422
211000,1,2.69576161
211010,1,2.695876967
211020,1,2.695992016
211030,1,2.696106992
211040,1,2.696221562
211050,1,2.696336266
211060,1,2.696450459
211070,1,2.696564398
211080,1,2.696678258
211090,1,2.696792258
211100,1,2.696906066
211110,1,2.697019328
211120,1,2.697132625
211130,1,2.697245747
211140,1,2.697358492
211150,1,2.69747131
211160,1,2.697583881
211170,1,2.697696041
211180,1,2.697808236
211190,1,2.697920264
211200,1,2.698032062
211210,1,2.698143912
211220,1,2.698255227
211230,1,2.698366481
211240,1,2.69847743
211250,1,2.698588567
211260,1,2.698699199
211270,1,2.69880972
211280,1,2.698920196
211290,1,2.699030165
211300,1,2.699140263
211310,1,2.699250273
211320,1,2.699359905
211330,1,2.699469285
211340,1,2.699578581
211350,1,2.69968769
211360,1,2.699796529
211370,1,2.699905458
211380,1,2.700014004
211390,1,2.700122269
211400,1,2.70023043
211410,1,2.700338362
211420,1,2.70044636
211430,1,2.700553997
211440,1,2.700661609
211450,1,2.700768813
211460,1,2.700875984
211470,1,2.700983003
211480,1,2.701089731
211490,1,2.701196081
211500,1,2.701302422
211510,1,2.701408886
211520,1,2.70151479
211530,1,2.701620549
211540,1,2.701726181
211550,1,2.701831851
211560,1,2.701937121
211570,1,2.702042124
211580,1,2.702147112
211590,1,2.702251766
211600,1,2.702356663
211610,1,2.702460725
211620,1,2.702564928
211630,1,2.70266915
211640,1,2.702772912
211650,1,2.702876457
211660,1,2.702980019
211670,1,2.703083371
211680,1,2.703186387
211690,1,2.70328919
211700,1,2.703392056
211710,1,2.703494717
211720,1,2.703596912
211730,1,2.703699258
211740,1,2.703801084
211750,1,2.703903101
211760,1,2.704004865
211770,1,2.704105917
211780,1,2.704207431
211790,1,2.704308521
211800,1,2.704409473
211810,1,2.704509975
211820,1,2.704610565
211830,1,2.704711149
211840,1,2.704811356
211850,1,2.704911045
211860,1,2.70501101
211870,1,2.705110628
211880,1,2.705210243
211890,1,2.705309322
211900,1,2.70540851
211910,1,2.705507339
211920,1,2.705606045
211930,1,2.705704434
211940,1,2.705802704
211950,1,2.705900851
211960,1,2.705998909
211970,1,2.706096877
211980,1,2.706194362
211990,1,2.706291719
212000,1,2.706388904
212010,1,2.706485859
212020,1,2.706583101
212030,1,2.706679554
212040,1,2.70677591
212050,1,2.706872175
212060,1,2.706968473
212070,1,2.707064321
212080,1,2.707160193
212090,1,2.707255622
212100,1,2.707351058
212110,1,2.707446304
212120,1,2.707541523
212130,1,2.707636147
212140,1,2.707730853
212150,1,2.707825157
212160,1,2.707919464
212170,1,2.708013709
212180,1,2.708107417
212190,1,2.70820112
212200,1,2.708294613
212210,1,2.708388012
212220,1,2.708481245
212230,1,2.708574285
212240,1,2.708666985
212250,1,2.708759495
212260,1,2.708852053
212270,1,2.708944411
212280,1,2.709036219
212290,1,2.709128097
212300,1,2.709219855
212310,1,2.709311175
212320,1,2.709402648
212330,1,2.709493862
212340,1,2.709584652
212350,1,2.709675398
212360,1,2.70976594
212370,1,2.709856179
212380,1,2.70994646
212390,1,2.710036389
212400,1,2.710126346
212410,1,2.710215986
212420,1,2.710305266
212430,1,2.710394691
212440,1,2.71048354
212450,1,2.710572523
212460,1,2.710661202
212470,1,2.710749782
212480,1,2.710838094
212490,1,2.710926068
212500,1,2.711014096
212510,1,2.71110164
212520,1,2.711189291
212530,1,2.71127663
212540,1,2.711363968
212550,1,2.711450778
212560,1,2.711537762
212570,1,2.711624305
212580,1,2.711710648
212590,1,2.71179719
212600,1,2.711882998
212610,1,2.711969022
212620,1,2.712054598
212630,1,2.712140016
212640,1,2.712225391
212650,1,2.712310605
212660,1,2.712395362
212670,1,2.712480155
212680,1,2.71256492
212690,1,2.712649437
212700,1,2.712733365
212710,1,2.712817335
212720,1,2.712901226
212730,1,2.71298473
212740,1,2.713068263
212750,1,2.713151387
212760,1,2.713234552
242830,4,2.289239053
242840,4,2.289277908
242850,4,2.289315753
242860,4,2.289350553
242870,4,2.289387336
242880,4,2.289424927
242890,4,2.289463755
242900,4,2.289498905
242910,4,2.289536991
242920,4,2.289574393
242930,4,2.289613064
242940,4,2.289649204
242950,4,2.289687598
242960,4,2.289723054
242970,4,2.289763319
242980,4,2.289799141
242990,4,2.28983657
243000,4,2.289875796
243010,4,2.289913656
243020,4,2.289948514
243030,4,2.289987052
243040,4,2.290025324
243050,4,2.29006346
243060,4,2.290101546
243070,4,2.290136048
243080,4,2.2901775
243090,4,2.290215303
243100,4,2.290252597
243110,4,2.290291684
243120,4,2.290327302
243130,4,2.290367684
243140,4,2.290401987
243150,4,2.2904434
243160,4,2.290478823
243170,4,2.290517997
243180,4,2.290557106
243190,4,2.290594692
243200,4,2.290632239
243210,4,2.290668973
243220,4,2.290709437
243230,4,2.290746192
243240,4,2.290784133
243250,4,2.290825607
243260,4,2.290863264
243270,4,2.290899519
243280,4,2.290939034
243290,4,2.290978037
243300,4,2.291016139
243310,4,2.291054207
243320,4,2.291093666
243330,4,2.291131782
243340,4,2.291170077
243350,4,2.291208057
243360,4,2.291248109
243370,4,2.29128552
243380,4,2.291324769
243390,4,2.291364699
243400,4,2.291400842
243410,4,2.291440294
243420,4,2.291479796
243430,4,2.291518435
243440,4,2.291557098
243450,4,2.291597285
243460,4,2.291634992
243470,4,2.291674265
243480,4,2.291713772
243490,4,2.291754937
243500,4,2.291791752
243510,4,2.291829706
243520,4,2.29187066
243530,4,2.291907941
243540,4,2.291947166
243550,4,2.291985365
243560,4,2.292027222
243570,4,2.292065351
243580,4,2.292103671
243590,4,2.292143318
243600,4,2.292184079
243610,4,2.292222985
243620,4,2.292264034
243630,4,2.292300579
243640,4,2.292341354
243650,4,2.292380413
243660,4,2.29242077
243670,4,2.292459182
243680,4,2.292499189
243690,4,2.292539295
243700,4,2.292576848
243710,4,2.292619057
243720,4,2.292658454
243730,4,2.292696853
243740,4,2.292736805
243750,4,2.292776936
243760,4,2.292817719
243770,4,2.292856634
243780,4,2.292897588
243790,4,2.292938249
243800,4,2.292975788
243810,4,2.293015359
243820,4,2.293056019
243830,4,2.293097002
243840,4,2.29313702
243850,4,2.293176289
243860,4,2.293215346
243870,4,2.293258021
243880,4,2.293296875
243890,4,2.293338256
243900,4,2.293377413
243910,4,2.293416864
243920,4,2.293458284
243930,4,2.293499219
243940,4,2.293536749
243950,4,2.293577263
243960,4,2.293618412
243970,4,2.29365809
243980,4,2.2936996
243990,4,2.293739444
244000,4,2.293781062
244010,4,2.293820221
244020,4,2.293862214
244030,4,2.293902901
244040,4,2.293944957
244050,4,2.293985067
244060,4,2.294023434
244070,4,2.294064456
244080,4,2.294106037
244090,4,2.29414623
244100,4,2.294187932
244110,4,2.294226956
244120,4,2.294269757
244130,4,2.294309074
244140,4,2.294348688
244150,4,2.294390795
244160,4,2.294430211
244170,4,2.294474206
244180,4,2.29451344
244190,4,2.294555075
244200,4,2.294597932
244210,4,2.294638623
244220,4,2.294680024
244230,4,2.294717581
244240,4,2.294762249
244250,4,2.29480457
244260,4,2.294844075
244270,4,2.29488449
244280,4,2.294926033
244290,4,2.294966591
244300,4,2.295007539
244310,4,2.295048305
244320,4,2.295090362
244330,4,2.295131445
244340,4,2.295175053
244350,4,2.295214874
244360,4,2.29525707
244370,4,2.295299558
244380,4,2.295339736
244390,4,2.295381116
244400,4,2.295421862
244410,4,2.295464165
244420,4,2.295507149
244430,4,2.295549237
244440,4,2.295589622
244450,4,2.295631875
244460,4,2.295672383
244470,4,2.295714282
244480,4,2.295755558
244490,4,2.295797816
244500,4,2.295840397
244510,4,2.295883419
244520,4,2.295923701
244530,4,2.295963718
244540,4,2.296009087
244550,4,2.296051858
244560,4,2.296092828
244570,4,2.296133062
244580,4,2.296175972
244590,4,2.296219244
244600,4,2.296261854
244610,4,2.296301155
244620,4,2.296346964
244630,4,2.2963877
244640,4,2.296430533
244650,4,2.296473273
244660,4,2.296515257
244670,4,2.296557333
244680,4,2.296597304
244690,4,2.296641261
244700,4,2.296684197
244710,4,2.296726094
244720,4,2.296768975
244730,4,2.29680998
244740,4,2.296854061
244750,4,2.29689683
244760,4,2.296938092
244770,4,2.296981214
244780,4,2.297023862
244790,4,2.297067094
244800,4,2.297108613
244810,4,2.297151644
244820,4,2.297193929
244830,4,2.297239529
244840,4,2.297281447
244850,4,2.297323883
244860,4,2.297364846
244870,4,2.297409561
244880,4,2.297450207
244890,4,2.297495346
244900,4,2.297537015
244910,4,2.297581701
244920,4,2.297622785
244930,4,2.297665968
244940,4,2.297709419
244950,4,2.297752629
244960,4,2.297795306
244970,4,2.297837942
244980,4,2.297879331
244990,4,2.297923676
245000,4,2.297966997
245010,4,2.298009137
245020,4,2.29805309
245030,4,2.298097983
245040,4,2.298141967
245050,4,2.2981853
245060,4,2.29822858
245070,4,2.298269881
245080,4,2.298313984
245090,4,2.298357255
245100,4,2.298401591
245110,4,2.298445125
245120,4,2.298489103
245130,4,2.298529421
245140,4,2.29857579
245150,4,2.298618158
245160,4,2.298662578
245170,4,2.298704469
245180,4,2.298749195
245190,4,2.298793129
245200,4,2.29883582
245210,4,2.298879818
245220,4,2.298925789
245230,4,2.298968741
245240,4,2.299012409
245250,4,2.299055619
245260,4,2.29909982
245270,4,2.299144856
245280,4,2.299188684
245290,4,2.299231215
245300,4,2.299275319
245310,4,2.299319338
245320,4,2.299363168
245330,4,2.299407892
245340,4,2.299450974
245350,4,2.299495249
245360,4,2.29953865
245370,4,2.299582317
245380,4,2.299627546
245390,4,2.29967151
245400,4,2.299717751
245410,4,2.299761916
245420,4,2.299803058
245430,4,2.299849816
245440,4,2.29989345
245450,4,2.299937715
245460,4,2.299981723
245470,4,2.300026035
245480,4,2.300071093
245490,4,2.300115958
245500,4,2.300159469
245510,4,2.300205653
245520,4,2.300247338
245530,4,2.300293648
245540,4,2.30033555
245550,4,2.300382018
245560,4,2.300426483
245570,4,2.300471532
245580,4,2.300516128
245590,4,2.300559584
245600,4,2.300604782
245610,4,2.300649861
245620,4,2.300695228
245630,4,2.300739617
245640,4,2.300785488
245650,4,2.300829226
245660,4,2.300874363
245670,4,2.300918239
245680,4,2.300964387
245690,4,2.301008922
245700,4,2.301055063
245710,4,2.301099502
245720,4,2.301145083
245730,4,2.301188406
245740,4,2.301233675
245750,4,2.301276439
245760,4,2.301322114
245770,4,2.301368466
245780,4,2.301412463
245790,4,2.301458468
245800,4,2.301505057
245810,4,2.301549963
245820,4,2.301594333
245830,4,2.30164048
245840,4,2.301684647
245850,4,2.301728763
245860,4,2.301775947
245870,4,2.301821648
245880,4,2.301865673
245890,4,2.301910223
245900,4,2.301957608
245910,4,2.302003512
245920,4,2.302048727
245930,4,2.302093849
245940,4,2.302137882
245950,4,2.302183469
245960,4,2.302229292
245970,4,2.302275042
245980,4,2.302320318
245990,4,2.302367487
246000,4,2.302411016
246010,4,2.302458306
246020,4,2.302505183
246030,4,2.302550233
246040,4,2.302596498
246050,4,2.302640208
246060,4,2.302687286
246070,4,2.302733914
246080,4,2.302779153
246090,4,2.302823047
246100,4,2.302869179
246110,4,2.302914941
246120,4,2.302961871
246130,4,2.303007275
246140,4,2.303054202
246150,4,2.303100107
246160,4,2.30314637
246170,4,2.303193394
246180,4,2.303236681
246190,4,2.303282342
246200,4,2.303329767
246210,4,2.3033778
246220,4,2.303422011
246230,4,2.30346732
246240,4,2.303515741
246250,4,2.303560792
246260,4,2.303607622
246270,4,2.303652919
246280,4,2.303699858
246290,4,2.303745193
246300,4,2.303791432
246310,4,2.3038392
246320,4,2.303883298
246330,4,2.30393332
246340,4,2.303977899
246350,4,2.304023391
246360,4,2.304070183
246370,4,2.304116568
246380,4,2.304164459
246390,4,2.304210186
246400,4,2.304256553
246410,4,2.304303141
246420,4,2.30435167
246430,4,2.304397368
246440,4,2.30444391
246450,4,2.304489595
246460,4,2.304535328
246470,4,2.304582341
246480,4,2.304628529
246490,4,2.304675448
246500,4,2.304724513
246510,4,2.304770685
246520,4,2.304818254
246530,4,2.304862107
246540,4,2.304909869
246550,4,2.304958878
246560,4,2.30500383
246570,4,2.305053277
246580,4,2.305098424
246590,4,2.305148258
246600,4,2.305190061
246610,4,2.305239651
246620,4,2.305287137
246630,4,2.305331053
246640,4,2.30538124
246650,4,2.305428076
246660,4,2.305475072
246670,4,2.305523134
246680,4,2.305570107
246690,4,2.305616181
246700,4,2.305665146
246710,4,2.305711162
246720,4,2.305757273
246730,4,2.305803626
246740,4,2.305852968
246750,4,2.305900291
246760,4,2.305947749
246770,4,2.305994609
246780,4,2.306042277
246790,4,2.306087707
246800,4,2.30613555
246810,4,2.306183456
246820,4,2.306231076
246830,4,2.30627918
246840,4,2.306326481
246850,4,2.306372679
246860,4,2.306421748
246870,4,2.306470118
246880,4,2.306517586
246890,4,2.306564108
246900,4,2.30661221
246910,4,2.306660945
246920,4,2.306708943
246930,4,2.306755216
246940,4,2.306803731
246950,4,2.30684928
246960,4,2.306898032
246970,4,2.306946696
246980,4,2.306993848
246990,4,2.30704097
247000,4,2.307087878
247010,4,2.307136812
247020,4,2.307185876
247030,4,2.307232408
247040,4,2.307279466
247050,4,2.307329096
247060,4,2.30737609
247070,4,2.307424826
247080,4,2.307473151
247090,4,2.3075207
247100,4,2.307569953
247110,4,2.307615007
247120,4,2.30766484
247130,4,2.307712947
247140,4,2.307759638
247150,4,2.307809407
247160,4,2.30785508
247170,4,2.307904346
247180,4,2.307954262
247190,4,2.308000935
247200,4,2.308049081
247210,4,2.308097756
247220,4,2.308147429
247230,4,2.308194483
247240,4,2.308242947
247250,4,2.308290762
247260,4,2.308338224
247270,4,2.308387184
247280,4,2.30843589
247290,4,2.308485052
247300,4,2.3085327
247310,4,2.30858098
247320,4,2.30862926
247330,4,2.308678597
247340,4,2.308726821
247350,4,2.308775295
247360,4,2.308824064
247370,4,2.308872893
247380,4,2.308922223
247390,4,2.308970304
247400,4,2.309017618
247410,4,2.309066515
247420,4,2.309115951
247430,4,2.30916466
247440,4,2.309210877
247450,4,2.309260207
247460,4,2.309312035
247470,4,2.309359563
247480,4,2.309407419
247490,4,2.309458101
247500,4,2.309505653
247510,4,2.309554259
247520,4,2.309603329
247530,4,2.309652294
247540,4,2.309699955
247550,4,2.309751431
247560,4,2.309800871
247570,4,2.309848745
247580,4,2.309896705
247590,4,2.30994522
247600,4,2.309993183
247610,4,2.310043842
247620,4,2.310092645
247630,4,2.310144716
247640,4,2.31018976
247650,4,2.310240629
247660,4,2.310289666
247670,4,2.310338832
247680,4,2.310387159
247690,4,2.310436351
247700,4,2.310487158
247710,4,2.310536096
247720,4,2.310584727
247730,4,2.310632839
247740,4,2.310680786
247750,4,2.310730734
247760,4,2.310782381
247770,4,2.310832982
247780,4,2.310879977
247790,4,2.310929834
247800,4,2.310981186
247810,4,2.311029224
247820,4,2.311078866
247830,4,2.311129451
247840,4,2.31117662
247850,4,2.311226769
247860,4,2.31127558
247870,4,2.311326821
247880,4,2.311375822
247890,4,2.311425994
247900,4,2.311473987
247910,4,2.311523868
247920,4,2.311573809
247930,4,2.311624204
247940,4,2.31167244
247950,4,2.311721927
247960,4,2.311769654
247970,4,2.311822552
247980,4,2.31187009
247990,4,2.31191838
248000,4,2.311971954
248010,4,2.312020063
248020,4,2.312071416
248030,4,2.312119837
248040,4,2.312170981
248050,4,2.312218118
248060,4,2.312270006
248070,4,2.312320054
248080,4,2.312368727
248090,4,2.312420246
248100,4,2.312470622
248110,4,2.312520574
248120,4,2.312569921
248130,4,2.312622744
248140,4,2.312669888
248150,4,2.312715874
248160,4,2.312768671
248170,4,2.312818547
248180,4,2.312868451
248190,4,2.31291794
248200,4,2.312969497
248210,4,2.313020861
248220,4,2.313069411
248230,4,2.313117332
248240,4,2.313169418
248250,4,2.313218232
248260,4,2.313269402
248270,4,2.313318603
248280,4,2.313369715
248290,4,2.313419248
248300,4,2.313473279
248310,4,2.313521979
248320,4,2.313571531
248330,4,2.313622598
248340,4,2.313672808
248350,4,2.313722248
248360,4,2.313772469
248370,4,2.313822809
248380,4,2.313873633
248390,4,2.313922472
248400,4,2.313975848
248410,4,2.314025969
248420,4,2.314074708
248430,4,2.314125957
248440,4,2.314176582
248450,4,2.314224909
248460,4,2.314277544
248470,4,2.314330404
248480,4,2.314379637
248490,4,2.314430613
248500,4,2.3144769
248510,4,2.314529484
248520,4,2.314582835
248530,4,2.314632204
248540,4,2.314682941
248550,4,2.314733252
248560,4,2.314783904
248570,4,2.314834955
248580,4,2.314885824
248590,4,2.314936043
248600,4,2.314986801
248610,4,2.31503537
248620,4,2.315088601
248630,4,2.315141578
248640,4,2.315190509
248650,4,2.315239783
248660,4,2.31529344
248670,4,2.315341944
248680,4,2.315391612
248690,4,2.315443341
248700,4,2.315497771
248710,4,2.315546786
248720,4,2.31559865
248730,4,2.31564824
248740,4,2.315697972
248750,4,2.315748663
248760,4,2.315800098
248770,4,2.315851761
248780,4,2.315903165
248790,4,2.315954776
248800,4,2.316005739
248810,4,2.316056457
248820,4,2.316110862
248830,4,2.316158092
248840,4,2.316210246
248850,4,2.316263057
248860,4,2.316313392
248870,4,2.316363612
248880,4,2.316412599
248890,4,2.316466254
248900,4,2.316517863
248910,4,2.316567581
248920,4,2.316618711
248930,4,2.316669966
248940,4,2.316723521
248950,4,2.316773483
248960,4,2.316823303
248970,4,2.316875081
248980,4,2.316926845
248990,4,2.316979233
249000,4,2.317030495
249010,4,2.317080075
249020,4,2.317135285
249030,4,2.317184317
249040,4,2.317234215
249050,4,2.317287844
249060,4,2.317338611
249070,4,2.31739097
249080,4,2.317442445
249090,4,2.317493129
249100,4,2.317545125
249110,4,2.317595345
249120,4,2.317646993
249130,4,2.317699074
249140,4,2.317748906
249150,4,2.317802554
249160,4,2.317854679
249170,4,2.317906812
249180,4,2.317957861
249190,4,2.318008151
249200,4,2.318061255
249210,4,2.318112594
249220,4,2.318165134
249230,4,2.318213655
249240,4,2.318265523
249250,4,2.318318545
249260,4,2.318369398
249270,4,2.318422052
249280,4,2.318474167
249290,4,2.318526035
249300,4,2.31857813
249310,4,2.318630593
249320,4,2.318681263
249330,4,2.318735055
249340,4,2.318783485
249350,4,2.318837844
249360,4,2.31888907
249370,4,2.318942282
249380,4,2.318992843
249390,4,2.319043624
249400,4,2.319097244
249410,4,2.319147695
249420,4,2.319199981
249430,4,2.319253028
249440,4,2.31930624
249450,4,2.319356445
249460,4,2.319409675
249470,4,2.319461611
249480,4,2.319511924
249490,4,2.319565083
249500,4,2.319616386
249510,4,2.319669462
249520,4,2.319721149
249530,4,2.3197739
249540,4,2.319827239
249550,4,2.319879322
249560,4,2.319929869
249570,4,2.319983626
249580,4,2.320033094
249590,4,2.320088241
249600,4,2.320139866
249610,4,2.320192376
249620,4,2.320242103
249630,4,2.320294351
249640,4,2.32034903
249650,4,2.320399446
249660,4,2.320452024
249670,4,2.320507259
249680,4,2.320556283
249690,4,2.320609231
249700,4,2.3206632
249710,4,2.320713026
249720,4,2.320766518
249730,4,2.320819319
249740,4,2.320870492
249750,4,2.320924567
249760,4,2.320976104
249770,4,2.321028628
249780,4,2.321082411
249790,4,2.321133758
249800,4,2.321187237
249810,4,2.321239817
249820,4,2.32129114
249830,4,2.321345891
249840,4,2.321397194
249850,4,2.321449373
249860,4,2.321502202
249870,4,2.321553958
249880,4,2.321607117
249890,4,2.321659945
249900,4,2.321711752
249910,4,2.321764386
249920,4,2.321815722
249930,4,2.321869233
249940,4,2.321922771
249950,4,2.321973233
249960,4,2.322027289
249970,4,2.322076909
249980,4,2.322132119
249990,4,2.322185622
250000,4,2.322236424
250010,4,2.322290952
250020,4,2.322344183
250030,4,2.322395027
250040,4,2.322450272
250050,4,2.32250165
250060,4,2.322556981
250070,4,2.32260768
250080,4,2.322661386
250090,4,2.322713582
250100,4,2.322766228
250110,4,2.322817673
250120,4,2.322872089
250130,4,2.322926775
250140,4,2.322977301
250150,4,2.32303156
250160,4,2.323082724
250170,4,2.323135918
250180,4,2.323189694
250190,4,2.323242936
250200,4,2.323293898
250210,4,2.323347926
250220,4,2.323400483
250230,4,2.323455367
250240,4,2.323507271
250250,4,2.323560982
250260,4,2.32361453
250270,4,2.323665913
250280,4,2.3237203
250290,4,2.323771856
250300,4,2.323825898
250310,4,2.323878432
250320,4,2.323932135
250330,4,2.323982747
250340,4,2.324037968
250350,4,2.324091252
250360,4,2.324145661
250370,4,2.324196582
250380,4,2.324250124
250390,4,2.324303972
250400,4,2.324355469
250410,4,2.324410557
250420,4,2.324461121
250430,4,2.324516332
250440,4,2.324569537
250450,4,2.324622217
250460,4,2.324677156
250470,4,2.32472911
250480,4,2.324781458
250490,4,2.324837144
250500,4,2.324889258
250510,4,2.324941732
250520,4,2.324996484
250530,4,2.325052409
250540,4,2.325101854
250550,4,2.32515583
250560,4,2.325210056
250570,4,2.325262428
250580,4,2.325314176
250590,4,2.325368367
250600,4,2.325421959
250610,4,2.325474931
250620,4,2.325529007
250630,4,2.325584288
250640,4,2.32563545
250650,4,2.325688517
250660,4,2.325743609
250670,4,2.325794807
250680,4,2.325849066
250690,4,2.325902801
250700,4,2.325956906
250710,4,2.326010116
250720,4,2.326065706
250730,4,2.326117072
250740,4,2.326172686
250750,4,2.326223615
250760,4,2.32627674
250770,4,2.326331571
250780,4,2.326385454
250790,4,2.326438802
250800,4,2.326492436
250810,4,2.326546638
250820,4,2.326599054
250830,4,2.326654961
250840,4,2.326705979
250850,4,2.326760718
250860,4,2.326815571
250870,4,2.326866918
250880,4,2.326921423
250890,4,2.32697462
250900,4,2.327028654
250910,4,2.327082593
250920,4,2.327135386
250930,4,2.327189984
250940,4,2.327243895
250950,4,2.327298957
250960,4,2.327349737
250970,4,2.327405872
250980,4,2.327459348
250990,4,2.327511852
251000,4,2.327566079
251010,4,2.327620867
251020,4,2.32767199
251030,4,2.327725369
251040,4,2.327780964
251050,4,2.327834169
251060,4,2.327887994
251070,4,2.327942342
251080,4,2.327995973
251090,4,2.328050346
251100,4,2.32810342
251110,4,2.328156526
251120,4,2.328210239
251130,4,2.328265383
251140,4,2.328319838
251150,4,2.328373934
251160,4,2.328427837
251170,4,2.328483401
251180,4,2.328535098
251190,4,2.328589658
251200,4,2.328643601
251210,4,2.328698132
251220,4,2.328751428
251230,4,2.328805418
251240,4,2.328859383
251250,4,2.328914133
251260,4,2.328966993
251270,4,2.329020975
251280,4,2.32907352
251290,4,2.32912866
251300,4,2.329182189
251310,4,2.329237137
251320,4,2.3292918
251330,4,2.329342061
251340,4,2.329398379
251350,4,2.329452991
251360,4,2.329508462
251370,4,2.329562885
251380,4,2.329615967
251390,4,2.329669999
251400,4,2.329722619
251410,4,2.329777543
251420,4,2.329830942
251430,4,2.329885908
251440,4,2.329938658
251450,4,2.329994848
251460,4,2.330049065
251470,4,2.330102905
251480,4,2.330156072
251490,4,2.330212872
251500,4,2.330265315
251510,4,2.330317714
251520,4,2.330373502
251530,4,2.330427657
251540,4,2.330481766
251550,4,2.330535879
251560,4,2.330589751
251570,4,2.330645982
251580,4,2.330699798
251590,4,2.330752806
251600,4,2.330808724
251610,4,2.330862811
251620,4,2.330915895
251630,4,2.330970988
251640,4,2.33102351
251650,4,2.331078398
251660,4,2.331131894
251670,4,2.331187071
251680,4,2.331240808
251690,4,2.331295193
251700,4,2.331350436
251710,4,2.331403102
251720,4,2.331458431
251730,4,2.331513244
251740,4,2.33156745
251750,4,2.331622159
251760,4,2.331676819
251770,4,2.331730281
251780,4,2.331785013
251790,4,2.331837138
251800,4,2.331893709
251810,4,2.331948736
251820,4,2.332002333
251830,4,2.332057125
251840,4,2.332111335
251850,4,2.332165261
251860,4,2.332219303
251870,4,2.332276779
251880,4,2.332328466
251890,4,2.332381992
251900,4,2.332439752
251910,4,2.332493184
251920,4,2.332547408
251930,4,2.332601802
251940,4,2.332655309
251950,4,2.332710893
251960,4,2.332766199
251970,4,2.332819837
251980,4,2.332874128
251990,4,2.332928118
252000,4,2.332981018
252010,4,2.3330383
252020,4,2.333090357
252030,4,2.33314794
252040,4,2.333199127
252050,4,2.33325749
252060,4,2.333310642
252070,4,2.333363171
252080,4,2.333417402
252090,4,2.333474759
252100,4,2.333527794
252110,4,2.333581964
252120,4,2.333636318
252130,4,2.33369418
252140,4,2.333747393
252150,4,2.333800566
252160,4,2.333856197
252170,4,2.333910059
252180,4,2.333966612
252190,4,2.334021568
252200,4,2.33407404
252210,4,2.334128554
252220,4,2.334184146
252230,4,2.334238023
252240,4,2.334294491
252250,4,2.334350099
252260,4,2.334401953
252270,4,2.334457257
252280,4,2.334511779
252290,4,2.334566489
252300,4,2.334619691
252310,4,2.334675929
252320,4,2.33473068
252330,4,2.334785181
252340,4,2.334839253
252350,4,2.334894072
252360,4,2.334947633
252370,4,2.335003787
252380,4,2.33505723
252390,4,2.335112921
252400,4,2.335166273
252410,4,2.335223404
252420,4,2.335277685
252430,4,2.33533262
252440,4,2.335386931
252450,4,2.335441156
252460,4,2.335496658
252470,4,2.33555059
252480,4,2.335605302
252490,4,2.335660786
252500,4,2.335716006
252510,4,2.335770842
252520,4,2.335825837
252530,4,2.335879902
252540,4,2.335935213
252550,4,2.335990466
252560,4,2.336043661
252570,4,2.336099341
252580,4,2.336154093
252590,4,2.336207534
252600,4,2.336264067
252610,4,2.33631975
252620,4,2.336373726
252630,4,2.336425706
252640,4,2.33648315
252650,4,2.336538193
252660,4,2.336591599
252670,4,2.336645982
252680,4,2.336702854
252690,4,2.336757887
252700,4,2.336811138
252710,4,2.336865722
252720,4,2.336921574
252730,4,2.336974501
252740,4,2.337030981
252750,4,2.337084411
252760,4,2.33714028
252770,4,2.337195174
252780,4,2.337250076
252790,4,2.337306191
252800,4,2.337360102
252810,4,2.337415393
252820,4,2.337470128
252830,4,2.337523397
252840,4,2.337579043
252850,4,2.337633109
252860,4,2.337690356
252870,4,2.33774435
252880,4,2.337799281
252890,4,2.337854581
252900,4,2.337909969
252910,4,2.337963927
252920,4,2.338018912
252930,4,2.338073802
252940,4,2.338130241
252950,4,2.338184206
252960,4,2.338237877
252970,4,2.338295793
252980,4,2.338347875
252990,4,2.338405014
253000,4,2.338458567
253010,4,2.338514453
253020,4,2.338566134
253030,4,2.338621676
253040,4,2.338679619
253050,4,2.338734058
253060,4,2.33878898
253070,4,2.338844111
253080,4,2.338900149
253090,4,2.338953437
253100,4,2.339007563
253110,4,2.339061556
253120,4,2.339118088
253130,4,2.339173076
253140,4,2.339229492
253150,4,2.339283063
253160,4,2.339338821
253170,4,2.339394485
253180,4,2.339447193
253190,4,2.339505609
253200,4,2.339559052
253210,4,2.339614205
253220,4,2.339668675
253230,4,2.339723825
253240,4,2.33977929
253250,4,2.339833712
253260,4,2.339890193
253270,4,2.339945162
253280,4,2.339998304
253290,4,2.340054676
253300,4,2.340110073
253310,4,2.340163322
253320,4,2.340218185
253330,4,2.340275045
253340,4,2.34032715
253350,4,2.340383578
253360,4,2.340438714
253370,4,2.340494844
253380,4,2.340548769
253390,4,2.34060463
253400,4,2.340658927
253410,4,2.340714693
253420,4,2.340768193
253430,4,2.340824207
253440,4,2.340877788
253450,4,2.340934917
253460,4,2.340987196
253470,4,2.341043753
253480,4,2.341097837
253490,4,2.341154192
253500,4,2.34121036
253510,4,2.341263642
253520,4,2.34131987
253530,4,2.341375173
253540,4,2.341430161
253550,4,2.341486234
253560,4,2.341539645
253570,4,2.341595576
253580,4,2.341650622
253590,4,2.34170649
253600,4,2.341760557
253610,4,2.341815442
253620,4,2.341871341
253630,4,2.341926639
253640,4,2.341978679
253650,4,2.342034493
253660,4,2.342087638
253670,4,2.34214637
253680,4,2.342201163
253690,4,2.342256559
253700,4,2.342311681
253710,4,2.34236488
253720,4,2.342420019
253730,4,2.342473418
253740,4,2.34253152
253750,4,2.342585878
253760,4,2.342640135
253770,4,2.342695791
253780,4,2.342753112
253790,4,2.342806046
253800,4,2.342861952
253810,4,2.342915523
253820,4,2.342970879
253830,4,2.343026191
253840,4,2.343081253
253850,4,2.343137785
253860,4,2.343191475
253870,4,2.343245794
253880,4,2.343302451
253890,4,2.343356518
253900,4,2.343411211
253910,4,2.343468188
253920,4,2.343523054
253930,4,2.343577147
253940,4,2.343633375
253950,4,2.343686551
253960,4,2.343742516
253970,4,2.343796922
253980,4,2.343852452
253990,4,2.343906789
254000,4,2.343962095
254010,4,2.344018499
254020,4,2.344071914
254030,4,2.344127105
254040,4,2.34418405
254050,4,2.344236835
254060,4,2.344292102
254070,4,2.34434889
254080,4,2.344403
254090,4,2.344457895
254100,4,2.344514594
254110,4,2.344567517
254120,4,2.344622797
254130,4,2.344680584
254140,4,2.34473405
254150,4,2.344790306
254160,4,2.344843234
254170,4,2.344899559
254180,4,2.344954175
254190,4,2.345010865
254200,4,2.345064238
254210,4,2.345120178
254220,4,2.345171627
254230,4,2.345230903
254240,4,2.345282383
254250,4,2.345338249
254260,4,2.345391855
254270,4,2.345448899
254280,4,2.345506099
254290,4,2.345560808
254300,4,2.345614901
254310,4,2.345670566
254320,4,2.345726153
254330,4,2.345778375
254340,4,2.345834437
254350,4,2.345891298
254360,4,2.345944995
254370,4,2.346000583
254380,4,2.346055478
254390,4,2.346110129
254400,4,2.346165323
254410,4,2.346219853
254420,4,2.346274276
254430,4,2.346329631
254440,4,2.346384348
254450,4,2.346441277
254460,4,2.346495548
254470,4,2.34655013
254480,4,2.346606338
254490,4,2.346657438
254500,4,2.346715553
254510,4,2.346769137
254520,4,2.346827681
254530,4,2.346880835
254540,4,2.346935583
254550,4,2.346991351
254560,4,2.347046238
254570,4,2.347100427
254580,4,2.347155977
254590,4,2.347211312
254600,4,2.34726523
254610,4,2.347321807
254620,4,2.347375259
254630,4,2.347432663
254640,4,2.347484452
254650,4,2.347539994
254660,4,2.347595026
254670,4,2.34765029
254680,4,2.347704496
254690,4,2.347762587
254700,4,2.347815583
254710,4,2.347868804
254720,4,2.347925991
254730,4,2.347981842
254740,4,2.348034418
254750,4,2.348092046
254760,4,2.348145563
254770,4,2.34819968
254780,4,2.348253812
254790,4,2.348309112
254800,4,2.348366154
254810,4,2.348421293
254820,4,2.348476333
254830,4,2.348531948
254840,4,2.348584686
254850,4,2.348638829
254860,4,2.348695274
254870,4,2.348746615
254880,4,2.348804646
254890,4,2.348858914
254900,4,2.348913692
254910,4,2.348968765
254920,4,2.349023583
254930,4,2.349079351
254940,4,2.34913541
254950,4,2.349191875
254960,4,2.349242102
254970,4,2.349298236
254980,4,2.349353522
254990,4,2.349408506
255000,4,2.349463267
255010,4,2.349518712
255020,4,2.349574612
255030,4,2.349629565
255040,4,2.349683485
255050,4,2.349736247
255060,4,2.34979369
255070,4,2.349847168
255080,4,2.349902708
255090,4,2.34995858
255100,4,2.35001309
255110,4,2.350066092
255120,4,2.350121464
255130,4,2.350177671
255140,4,2.350232103
255150,4,2.350287342
255160,4,2.350340918
255170,4,2.350396027
255180,4,2.350450267
255190,4,2.35050433
255200,4,2.350560702
255210,4,2.350615607
255220,4,2.350669688
255230,4,2.350723014
255240,4,2.350778621
255250,4,2.350834349
255260,4,2.350889499
255270,4,2.350943836
255280,4,2.35099979
255290,4,2.351055204
255300,4,2.351108616
255310,4,2.351164756
255320,4,2.351217747
255330,4,2.351273406
255340,4,2.351327687
255350,4,2.351382393
255360,4,2.35143785
255370,4,2.351491458
255380,4,2.351546973
255390,4,2.351602954
255400,4,2.351655205
255410,4,2.351712178
255420,4,2.351765845
255430,4,2.35181927
255440,4,2.351875144
255450,4,2.351930324
255460,4,2.351984669
255470,4,2.352039588
255480,4,2.352093716
255490,4,2.35214913
255500,4,2.352202685
255510,4,2.352257539
255520,4,2.352310423
255530,4,2.352368202
255540,4,2.352420886
255550,4,2.352477288
255560,4,2.352533168
255570,4,2.352585889
255580,4,2.352641001
255590,4,2.352695319
255600,4,2.352748147
255610,4,2.352805024
255620,4,2.35285869
255630,4,2.352912794
255640,4,2.352967814
255650,4,2.353023138
255660,4,2.353076209
255670,4,2.353132758
255680,4,2.353187991
255690,4,2.353243126
255700,4,2.353296243
255710,4,2.353350436
255720,4,2.353405546
255730,4,2.353459888
255740,4,2.353514509
255750,4,2.353568146
255760,4,2.353623062
255770,4,2.353678985
255780,4,2.353732255
255790,4,2.353785879
255800,4,2.353840949
255810,4,2.353895931
255820,4,2.353949656
255830,4,2.354004067
255840,4,2.354059625
255850,4,2.354113184
255860,4,2.354166933
255870,4,2.354223265
255880,4,2.354277831
255890,4,2.354332246
255900,4,2.354386859
255910,4,2.35444007
255920,4,2.354496686
255930,4,2.354547905
255940,4,2.354604467
255950,4,2.354658576
255960,4,2.354712617
255970,4,2.35476794
255980,4,2.354819641
255990,4,2.354874735
256000,4,2.35493062
256010,4,2.354985732
256020,4,2.355038374
256030,4,2.355092707
256040,4,2.355149688
256050,4,2.355202464
256060,4,2.355258558
256070,4,2.355312398
256080,4,2.355366173
256090,4,2.355420299
256100,4,2.355475595
256110,4,2.355530335
256120,4,2.3555834
256130,4,2.355635534
256140,4,2.355690822
256150,4,2.355746439
256160,4,2.355800185
256170,4,2.355854367
256180,4,2.355908435
256190,4,2.355963618
256200,4,2.35601651
256210,4,2.356070854
256220,4,2.356126016
256230,4,2.356179685
256240,4,2.356234657
256250,4,2.356287726
256260,4,2.356341288
256270,4,2.356397281
256280,4,2.356451109
256290,4,2.35650521
256300,4,2.356560834
256310,4,2.35661281
256320,4,2.356668168
256330,4,2.356722033
256340,4,2.356775505
256350,4,2.356829322
256360,4,2.35688386
256370,4,2.356939182
256380,4,2.356993889
256390,4,2.357045198
256400,4,2.357101617
256410,4,2.357153275
256420,4,2.357207556
256430,4,2.357263127
256440,4,2.357316489
256450,4,2.357370366
256460,4,2.357423685
256470,4,2.357479039
256480,4,2.357532296
256490,4,2.357587178
256500,4,2.357641889
256510,4,2.357693927
256520,4,2.357749175
256530,4,2.357804091
256540,4,2.357856589
256550,4,2.357910792
256560,4,2.357963871
256570,4,2.358019445
256580,4,2.358074162
256590,4,2.358127361
256600,4,2.358179658
256610,4,2.358234824
256620,4,2.358287874
256630,4,2.358342952
256640,4,2.358397727
256650,4,2.358451535
256660,4,2.358507307
256670,4,2.358559635
256680,4,2.358613346
256690,4,2.358665849
256700,4,2.358720688
256710,4,2.358774355
256720,4,2.358825285
256730,4,2.35888419
256740,4,2.358935389
256750,4,2.358988429
256760,4,2.359042646
256770,4,2.3590973
256780,4,2.359150934
256790,4,2.359205167
256800,4,2.3592611
256810,4,2.359312722
256820,4,2.359365521
256830,4,2.359420335
256840,4,2.359473377
256850,4,2.35952735
256860,4,2.359580942
256870,4,2.359634494
256880,4,2.359687053
256890,4,2.359741814
256900,4,2.359794859
256910,4,2.359850111
256920,4,2.359903819
256930,4,2.359955904
256940,4,2.360008609
256950,4,2.360062911
256960,4,2.360117187
256970,4,2.360170745
256980,4,2.360225219
256990,4,2.360279234
257000,4,2.360332585
257010,4,2.360386801
257020,4,2.36043956
257030,4,2.360493778
257040,4,2.360546285
257050,4,2.360598935
257060,4,2.360654534
257070,4,2.360707323
257080,4,2.360760951
257090,4,2.360815607
257100,4,2.360869387
257110,4,2.360919223
257120,4,2.360974107
257130,4,2.361027306
257140,4,2.361081573
257150,4,2.361135539
257160,4,2.361189327
257170,4,2.361241467
257180,4,2.36129671
257190,4,2.361351608
257200,4,2.361402722
257210,4,2.361453992
257220,4,2.361507763
257230,4,2.361562655
257240,4,2.361614649
257250,4,2.361666881
257260,4,2.361723037
257270,4,2.361775851
257280,4,2.361829265
257290,4,2.361880729
257300,4,2.361935853
257310,4,2.361988447
257320,4,2.362042794
257330,4,2.362096658
257340,4,2.362149695
257350,4,2.36220102
257360,4,2.362255513
257370,4,2.362309214
257380,4,2.362361854
257390,4,2.3624149
257400,4,2.362465577
257410,4,2.362522389
257420,4,2.362574413
257430,4,2.362628005
257440,4,2.362681086
257450,4,2.362734139
257460,4,2.362786538
257470,4,2.362840658
257480,4,2.362893151
257490,4,2.36294663
257500,4,2.363000942
257510,4,2.36305256
257520,4,2.363106088
257530,4,2.36315741
257540,4,2.36321014
257550,4,2.363262334
257560,4,2.363319721
257570,4,2.363370853
257580,4,2.363423083
257590,4,2.363476211
257600,4,2.363529496
257610,4,2.363583261
257620,4,2.363635975
257630,4,2.363689342
257640,4,2.363742887
257650,4,2.363793608
257660,4,2.363847555
257670,4,2.363899402
257680,4,2.363954837
257690,4,2.364008082
257700,4,2.364058425
257710,4,2.364112128
257720,4,2.364164968
257730,4,2.364217102
257740,4,2.364270965
257750,4,2.364323808
257760,4,2.364376034
257770,4,2.364430059
257780,4,2.364479808
257790,4,2.364531978
257800,4,2.364586765
257810,4,2.364640441
257820,4,2.364694853
257830,4,2.364744038
257840,4,2.364797622
257850,4,2.364851337
257860,4,2.364903199
257870,4,2.364955265
257880,4,2.36500734
257890,4,2.365059268
257900,4,2.365113673
257910,4,2.365166675
257920,4,2.3652208
257930,4,2.365271518
257940,4,2.365323472
257950,4,2.365378138
257960,4,2.365429914
257970,4,2.36548105
257980,4,2.365534799
257990,4,2.36558679
258000,4,2.365639525
258010,4,2.365691646
258020,4,2.365744082
258030,4,2.365795625
258040,4,2.365848757
258050,4,2.365900577
258060,4,2.365953522
258070,4,2.366006458
258080,4,2.366058376
258090,4,2.366112957
258100,4,2.366164356
258110,4,2.366214623
258120,4,2.366266952
258130,4,2.366320099
258140,4,2.366372178
258150,4,2.3664264
258160,4,2.366475911
258170,4,2.366531011
258180,4,2.366580539
258190,4,2.366634658
258200,4,2.366686953
258210,4,2.366738728
258220,4,2.366790268
258230,4,2.366843413
258240,4,2.36689459
258250,4,2.366947634
258260,4,2.367000624
258270,4,2.367052414
258280,4,2.367103346
258290,4,2.367155035
258300,4,2.367208656
258310,4,2.367260028
258320,4,2.367313221
258330,4,2.367364753
258340,4,2.367415408
258350,4,2.367468767
258360,4,2.367519467
258370,4,2.367573198
258380,4,2.367624397
258390,4,2.367676518
258400,4,2.367729563
258410,4,2.367782659
258420,4,2.367832712
258430,4,2.367884161
258440,4,2.367936959
258450,4,2.367987632
258460,4,2.368039295
258470,4,2.36809292
258480,4,2.368143521
258490,4,2.368195373
258500,4,2.368246035
258510,4,2.368301227
258520,4,2.368350613
258530,4,2.368403211
258540,4,2.368455441
258550,4,2.368506561
258560,4,2.368556975
258570,4,2.36861067
258580,4,2.368659447
258590,4,2.36871292
258600,4,2.368763289
258610,4,2.368816325
258620,4,2.368867524
258630,4,2.368918622
258640,4,2.368972943
258650,4,2.36902367
258660,4,2.36907473
258670,4,2.369125036
258680,4,2.369177506
258690,4,2.369230371
258700,4,2.369280536
258710,4,2.369333491
258720,4,2.369384832
258730,4,2.369435927
258740,4,2.369485635
258750,4,2.369539738
258760,4,2.369591033
258770,4,2.369641426
258780,4,2.369692144
258790,4,2.369743544
258800,4,2.369795561
258810,4,2.369846657
258820,4,2.369898082
258830,4,2.36995086
258840,4,2.370001465
258850,4,2.37005481
258860,4,2.370104074
258870,4,2.370155831
258880,4,2.370207535
258890,4,2.370256549
258900,4,2.370309188
258910,4,2.37036218
258920,4,2.370412036
258930,4,2.370463937
258940,4,2.370511994
258950,4,2.370565898
258960,4,2.370616313
258970,4,2.370668303
258980,4,2.370718338
258990,4,2.370770033
259000,4,2.370821188
259010,4,2.370871813
259020,4,2.370920988
259030,4,2.370974782
259040,4,2.371027304
259050,4,2.371076166
259060,4,2.371125172
259070,4,2.371176714
259080,4,2.371230528
259090,4,2.371278201
259100,4,2.37133029
259110,4,2.371380753
259120,4,2.371433674
259130,4,2.371484407
259140,4,2.371534133
259150,4,2.37158583
259160,4,2.371636021
259170,4,2.371687368
259180,4,2.371738567
259190,4,2.371789208
259200,4,2.371840271
259210,4,2.37189292
259220,4,2.371941129
259230,4,2.371991101
259240,4,2.372042556
259250,4,2.372094335
259260,4,2.372144038
259270,4,2.372194473
259280,4,2.372245372
259290,4,2.372295033
259300,4,2.372345568
259310,4,2.372397482
259320,4,2.372446344
259330,4,2.372500462
259340,4,2.372548928
259350,4,2.372598577
259360,4,2.372650534
259370,4,2.372700489
259380,4,2.372749575
259390,4,2.372800434
259400,4,2.372851968
259410,4,2.372901647
259420,4,2.372953409
259430,4,2.373001571
259440,4,2.373053529
259450,4,2.373105086
259460,4,2.373154512
259470,4,2.373204336
259480,4,2.373253829
259490,4,2.373304817
259500,4,2.373355282
259510,4,2.3734051
259520,4,2.373455647
259530,4,2.373505681
259540,4,2.373556309
259550,4,2.373606704
259560,4,2.373658604
259570,4,2.37370588
259580,4,2.373759819
259590,4,2.373807552
259600,4,2.373857332
259610,4,2.373908453
259620,4,2.373958411
259630,4,2.374007073
259640,4,2.3740567
259650,4,2.37410701
259660,4,2.374159549
259670,4,2.374206466
259680,4,2.374258972
259690,4,2.374308266
259700,4,2.37435631
259710,4,2.374406742
259720,4,2.374457414
259730,4,2.374507249
259740,4,2.374556978
259750,4,2.374606695
259760,4,2.374656903
259770,4,2.374707496
259780,4,2.374756799
259790,4,2.374806329
259800,4,2.374856071
259810,4,2.374905879
259820,4,2.374953826
259830,4,2.375004835
259840,4,2.37505512
259850,4,2.375104538
259860,4,2.375154835
259870,4,2.375204342
259880,4,2.37525444
259890,4,2.375303394
259900,4,2.375353776
259910,4,2.375402103
259920,4,2.3754519
259930,4,2.375500455
259940,4,2.375550135
259950,4,2.375600321
259960,4,2.375651453
259970,4,2.375699129
259980,4,2.375750198
259990,4,2.37579822
260000,4,2.375848017
260010,4,2.375897563
260020,4,2.375946971
260030,4,2.375996196
260040,4,2.376044946
260050,4,2.37609632
260060,4,2.376144925
260070,4,2.376193102
260080,4,2.376243081
260090,4,2.376291449
260100,4,2.376340695
260110,4,2.37639004
260120,4,2.376437823
260130,4,2.376488388
260140,4,2.376537485
260150,4,2.376586944
260160,4,2.376637699
260170,4,2.376684825
260180,4,2.376733378
260190,4,2.376783255
260200,4,2.376831493
260210,4,2.376882593
260220,4,2.376929278
260230,4,2.376978167
260240,4,2.377026854
260250,4,2.377076231
260260,4,2.377125684
260270,4,2.377175893
260280,4,2.377223755
260290,4,2.377272612
260300,4,2.377321363
260310,4,2.37736858
260320,4,2.377417623
260330,4,2.377467417
260340,4,2.37751462
260350,4,2.377565108
260360,4,2.377614373
260370,4,2.377663031
260380,4,2.377713179
260390,4,2.377759885
260400,4,2.377808543
260410,4,2.37785719
260420,4,2.377906039
260430,4,2.377954459
260440,4,2.378002763
260450,4,2.378051928
260460,4,2.378100535
260470,4,2.378149611
260480,4,2.378198255
260490,4,2.37824578
260500,4,2.378292871
260510,4,2.378343019
260520,4,2.378391226
260530,4,2.378439192
260540,4,2.37849005
260550,4,2.378535125
260560,4,2.378584044
260570,4,2.378632175
260580,4,2.378680808
260590,4,2.37872941
260600,4,2.378778576
260610,4,2.378826951
260620,4,2.378873125
260630,4,2.378920771
260640,4,2.378971655
260650,4,2.37901899
260660,4,2.379068506
260670,4,2.37911439
260680,4,2.379162397
260690,4,2.379211949
260700,4,2.379257742
260710,4,2.379307664
260720,4,2.379353897
260730,4,2.379402898
260740,4,2.379451809
260750,4,2.379498892
260760,4,2.379547652
260770,4,2.379596182
260780,4,2.379643369
260790,4,2.379689022
260800,4,2.379738645
260810,4,2.379786558
260820,4,2.379835442
260830,4,2.37988254
260840,4,2.379932282
260850,4,2.379975535
260860,4,2.380024751
260870,4,2.380073281
260880,4,2.380120396
260890,4,2.38016726
260900,4,2.380216479
260910,4,2.380263016
260920,4,2.380312015
260930,4,2.38036038
260940,4,2.380403385
260950,4,2.380454879
260960,4,2.380503288
260970,4,2.380550355
260980,4,2.380595341
260990,4,2.380642738
261000,4,2.380690822
261010,4,2.380737882
261020,4,2.38078616
261030,4,2.380834471
261040,4,2.380881315
261050,4,2.380930059
261060,4,2.380974628
261070,4,2.381022886
261080,4,2.381069496
261090,4,2.381116954
261100,4,2.381164108
261110,4,2.381210634
261120,4,2.381260217
261130,4,2.381306197
261140,4,2.381350736
261150,4,2.381399235
261160,4,2.381447536
261170,4,2.381495783
261180,4,2.381543322
261190,4,2.381587673
261200,4,2.381636013
261210,4,2.381683405
261220,4,2.381731492
261230,4,2.381775268
261240,4,2.381824159
261250,4,2.381870282
261260,4,2.38191793
261270,4,2.381965169
261280,4,2.382011763
261290,4,2.382059213
261300,4,2.382103653
261310,4,2.382151766
261320,4,2.382199449
261330,4,2.382246361
261340,4,2.382291588
261350,4,2.382339955
261360,4,2.382385063
261370,4,2.382431349
261380,4,2.382479399
261390,4,2.382526629
261400,4,2.382570258
261410,4,2.382617267
261420,4,2.382663648
261430,4,2.382709795
261440,4,2.382756992
261450,4,2.382803308
261460,4,2.382850952
261470,4,2.38289721
261480,4,2.382943367
261490,4,2.382989992
261500,4,2.383037549
261510,4,2.3830831
261520,4,2.383129779
261530,4,2.383176382
261540,4,2.383221578
261550,4,2.383266699
261560,4,2.383313931
261570,4,2.383360006
261580,4,2.383405292
261590,4,2.383451726
261600,4,2.383499506
261610,4,2.383543962
261620,4,2.383590431
261630,4,2.383636986
261640,4,2.383683693
261650,4,2.383727191
261660,4,2.383774766
261670,4,2.383819939
261680,4,2.383866543
261690,4,2.383910754
261700,4,2.383957109
261710,4,2.3840061
261720,4,2.384051519
261730,4,2.384096941
261740,4,2.384141686
261750,4,2.384185539
261760,4,2.384232924
261770,4,2.384278665
261780,4,2.38432502
261790,4,2.384369627
261800,4,2.384415837
261810,4,2.384462945
261820,4,2.384507335
261830,4,2.384552669
261840,4,2.384597906
261850,4,2.384644911
261860,4,2.384690246
261870,4,2.384737908
261880,4,2.384779628
261890,4,2.384826818
261900,4,2.384872594
261910,4,2.384916383
261920,4,2.384961798
261930,4,2.385007487
261940,4,2.385053972
261950,4,2.385099757
261960,4,2.385144156
261970,4,2.385189104
261980,4,2.385235212
261990,4,2.385280675
262000,4,2.385322938
262010,4,2.38537074
262020,4,2.385414801
262030,4,2.385460187
262040,4,2.385504615
262050,4,2.385550114
262060,4,2.385597077
262070,4,2.385639094
262080,4,2.385685693
262090,4,2.385730299
262100,4,2.385774721
262110,4,2.38582037
262120,4,2.38586649
262130,4,2.385910445
262140,4,2.385953204
262150,4,2.385999965
262160,4,2.386045156
262170,4,2.386090187
262180,4,2.386133516
262190,4,2.386179669
262200,4,2.386222955
262210,4,2.386267676
262220,4,2.386314197
262230,4,2.386358942
262240,4,2.386402327
262250,4,2.386446888
262260,4,2.386490498
262270,4,2.386535235
262280,4,2.386580399
262290,4,2.386625816
262300,4,2.386670528
262310,4,2.386714405
262320,4,2.386756985
262330,4,2.386799533
262340,4,2.386847349
262350,4,2.386891824
262360,4,2.386934675
262370,4,2.38697943
262380,4,2.387026024
262390,4,2.387069404
262400,4,2.387113246
262410,4,2.387157767
262420,4,2.387203884
262430,4,2.387244347
262440,4,2.38729104
262450,4,2.387334536
262460,4,2.387377779
262470,4,2.387422329
262480,4,2.387464274
262490,4,2.387509792
262500,4,2.387553243
262510,4,2.387598797
262520,4,2.387643309
262530,4,2.387683731
262540,4,2.387730102
262550,4,2.387775124
262560,4,2.387817923
262570,4,2.387861633
262580,4,2.387906759
262590,4,2.387948304
262600,4,2.387992719
262610,4,2.388034355
262620,4,2.388080671
262630,4,2.388123752
262640,4,2.38816618
262650,4,2.388210797
262660,4,2.388255659
262670,4,2.388297637
262680,4,2.388340501
262690,4,2.388385407
262700,4,2.388428264
262710,4,2.388470287
262720,4,2.388516125
262730,4,2.388558803
262740,4,2.388603317
262750,4,2.388645936
262760,4,2.388691637
262770,4,2.388731318
262780,4,2.388775484
262790,4,2.38881726
262800,4,2.388860051
262810,4,2.388905227
262820,4,2.388948988
262830,4,2.388991854
262840,4,2.389034688
262850,4,2.389078081
262860,4,2.389119508
262870,4,2.389164019
262880,4,2.389207158
262890,4,2.389249931
262900,4,2.389292821
262910,4,2.389336116
262920,4,2.389377688
262930,4,2.389418293
262940,4,2.389464073
262950,4,2.389508315
262960,4,2.389552197
262970,4,2.389591277
262980,4,2.38963492
262990,4,2.389678854
263000,4,2.389720362
263010,4,2.389763821
263020,4,2.389806169
263030,4,2.389849407
263040,4,2.389889992
263050,4,2.389933567
263060,4,2.38997717
263070,4,2.390021773
263080,4,2.39006236
263090,4,2.390103848
263100,4,2.390145304
263110,4,2.39019024
263120,4,2.390231013
263130,4,2.390274542
263140,4,2.390317738
263150,4,2.390359858
263160,4,2.39039938
263170,4,2.390443255
263180,4,2.390484414
263190,4,2.39052727
263200,4,2.390569992
263210,4,2.390611052
263220,4,2.390652909
263230,4,2.39069623
263240,4,2.390737352
263250,4,2.390781204
263260,4,2.390821168
263270,4,2.39086325
263280,4,2.390906219
263290,4,2.390949205
263300,4,2.390991438
263310,4,2.39103125
263320,4,2.391072771
263330,4,2.391114971
263340,4,2.391158381
263350,4,2.391199635
263360,4,2.391239615
263370,4,2.391284486
263380,4,2.391325362
263390,4,2.391366204
263400,4,2.391407546
263410,4,2.391449224
263420,4,2.391489235
263430,4,2.391531476
263440,4,2.391575322
263450,4,2.391615641
263460,4,2.391656025
263470,4,2.391697469
263480,4,2.391740833
263490,4,2.391782021
263500,4,2.391821974
263510,4,2.391865119
263520,4,2.39190469
263530,4,2.39194606
263540,4,2.391988852
263550,4,2.392028447
263560,4,2.392069706
263570,4,2.392110521
263580,4,2.392152806
263590,4,2.39219354
263600,4,2.392233637
263610,4,2.39227631
263620,4,2.392317995
263630,4,2.392358178
263640,4,2.392399037
263650,4,2.392439129
263660,4,2.392478623
263670,4,2.392522212
263680,4,2.392564587
263690,4,2.392603513
263700,4,2.392642606
263710,4,2.392685214
263720,4,2.392725231
263730,4,2.39276808
263740,4,2.392806529
263750,4,2.392846887
263760,4,2.39288948
263770,4,2.392928775
263780,4,2.392970029
263790,4,2.393009455
263800,4,2.393050876
263810,4,2.393090311
263820,4,2.393131849
263830,4,2.393171573
263840,4,2.39321443
263850,4,2.3932514
263860,4,2.393291643
263870,4,2.393332488
263880,4,2.393374413
263890,4,2.393414484
263900,4,2.393454136
263910,4,2.393494262
263920,4,2.393536665
263930,4,2.393575554
263940,4,2.393616074
263950,4,2.393655743
263960,4,2.393696002
263970,4,2.393735096
263980,4,2.393775677
263990,4,2.393814968
264000,4,2.393853862
264010,4,2.393895038
264020,4,2.393934996
264030,4,2.393976292
264040,4,2.394014543
264050,4,2.394053687
264060,4,2.394094965
264070,4,2.394133756
264080,4,2.39417325
264090,4,2.394215254
264100,4,2.394253006
264110,4,2.394292202
264120,4,2.394332279
264130,4,2.394373054
264140,4,2.394413158
264150,4,2.394449346
264160,4,2.394491968
264170,4,2.394528268
264180,4,2.394568497
264190,4,2.394610689
264200,4,2.394648797
264210,4,2.39468799
264220,4,2.394726467
264230,4,2.394765672
264240,4,2.39480502
264250,4,2.394845712
264260,4,2.394883427
264270,4,2.394926343
264280,4,2.394964266
264290,4,2.395003374
264300,4,2.395040573
264310,4,2.395080428
264320,4,2.395118168
264330,4,2.395157636
264340,4,2.395197894
264350,4,2.395236068
264360,4,2.395274802
264370,4,2.395315847
264380,4,2.395354062
264390,4,2.39539165
264400,4,2.395430898
264410,4,2.395467744
264420,4,2.395507529
264430,4,2.395547147
264440,4,2.395583276
264450,4,2.395625705
264460,4,2.39566129
264470,4,2.395702605
264480,4,2.395739172
264490,4,2.395776312
264500,4,2.395815405
264510,4,2.395853411
264520,4,2.395893211
264530,4,2.395930772
264540,4,2.39597018
264550,4,2.39600742
264560,4,2.396045318
264570,4,2.39608482
264580,4,2.396122558
264590,4,2.396162582
264600,4,2.396198973
264610,4,2.396238293
264620,4,2.396276889
264630,4,2.396313328
264640,4,2.396353457
264650,4,2.396389995
264660,4,2.396430169
264670,4,2.396466734
264680,4,2.396503038
264690,4,2.396541973
264700,4,2.396580039
264710,4,2.396617163
264720,4,2.396656383
264730,4,2.396694886
264740,4,2.39673328
264750,4,2.396769132
264760,4,2.396809655
264770,1,1.982667595
264780,1,1.98275006
264790,1,1.982832745
264800,1,1.98291555
264810,1,1.98299849
264820,1,1.983081542
264830,1,1.983165081
264840,1,1.983248547
264850,1,1.983332243
264860,1,1.983416316
264870,1,1.983500198
264880,1,1.983584573
264890,1,1.98366906
264900,1,1.983753619
264910,1,1.983838759
264920,1,1.983923645
264930,1,1.984009134
264940,1,1.984094522
264950,1,1.984179895
264960,1,1.984265729
264970,1,1.984351822
264980,1,1.984437804
264990,1,1.984524348
265000,1,1.984610998
265010,1,1.984697472
265020,1,1.984784504
265030,1,1.984871587
265040,1,1.984958842
265050,1,1.9850463
265060,1,1.985134119
265070,1,1.985222152
265080,1,1.985309917
265090,1,1.985398207
265100,1,1.985486639
265110,1,1.985575394
265120,1,1.985663977
265130,1,1.985753004
265140,1,1.985842038
265150,1,1.985931633
265160,1,1.986020958
265170,1,1.98611073
265180,1,1.986200759
265190,1,1.986290883
265200,1,1.986381104
265210,1,1.986471709
265220,1,1.986562239
265230,1,1.986653311
265240,1,1.986744078
265250,1,1.986835511
265260,1,1.986926962
265270,1,1.98701843
265280,1,1.987110322
265290,1,1.987202424
265300,1,1.98729411
265310,1,1.987386801
265320,1,1.987479306
265330,1,1.987571913
265340,1,1.987664868
265350,1,1.987758034
265360,1,1.987851198
265370,1,1.987944707
265380,1,1.98803839
265390,1,1.988132198
265400,1,1.988226235
265410,1,1.988320264
265420,1,1.988414926
265430,1,1.988509108
265440,1,1.988604102
265450,1,1.988699096
265460,1,1.988794083
265470,1,1.988889427
265480,1,1.988984891
265490,1,1.989080554
265500,1,1.989176606
265510,1,1.989272618
265520,1,1.989368828
265530,1,1.989465148
265540,1,1.989561689
265550,1,1.989658433
265560,1,1.989755754
265570,1,1.989852878
265580,1,1.989950062
265590,1,1.990047783
265600,1,1.990145331
265610,1,1.990243282
265620,1,1.990341358
265630,1,1.990439708
265640,1,1.990537947
265650,1,1.990636753
265660,1,1.990735623
265670,1,1.990834646
265680,1,1.990933764
265690,1,1.991032984
265700,1,1.991132811
265710,1,1.99123244
265720,1,1.991332095
265730,1,1.991432417
265740,1,1.991532797
265750,1,1.991633296
265760,1,1.991733884
265770,1,1.991834902
265780,1,1.991935571
265790,1,1.992037192
265800,1,1.992138549
265810,1,1.99223987
265820,1,1.992341737
265830,1,1.992443704
265840,1,1.992545683
265850,1,1.992648034
265860,1,1.992750598
265870,1,1.992853301
265880,1,1.992956074
265890,1,1.993059191
265900,1,1.993162275
265910,1,1.993265839
265920,1,1.993369213
265930,1,1.993473077
265940,1,1.99357715
265950,1,1.993681217
265960,1,1.993785779
265970,1,1.993890139
265980,1,1.993995111
265990,1,1.994099714
266000,1,1.994204918
266010,1,1.994309938
266020,1,1.994415343
266030,1,1.994520803
266040,1,1.994626918
266050,1,1.994732611
266060,1,1.99483876
266070,1,1.99494524
266080,1,1.995051724
266090,1,1.995158622
266100,1,1.99526548
266110,1,1.995372571
266120,1,1.995479533
266130,1,1.995586908
266140,1,1.99569438
266150,1,1.995802353
266160,1,1.995910294
266170,1,1.996018442
266180,1,1.996126695
266190,1,1.996235495
266200,1,1.996343956
266210,1,1.996452883
266220,1,1.996561997
266230,1,1.996671147
266240,1,1.996780561
266250,1,1.996890188
266260,1,1.997000091
266270,1,1.997110076
266280,1,1.997220086
266290,1,1.997330369
266300,1,1.99744087
266310,1,1.997551637
266320,1,1.99766255
266330,1,1.9977736
266340,1,1.997884672
266350,1,1.997996115
266360,1,1.998107687
266370,1,1.998219605
266380,1,1.998331414
266390,1,1.998443543
266400,1,1.998555692
266410,1,1.998668258
266420,1,1.998780842
266430,1,1.998893763
266440,1,1.999006904
266450,1,1.999119828
266460,1,1.999233371
266470,1,1.999347203
266480,1,1.999460687
266490,1,1.999574642
266500,1,1.999688597
266510,1,1.999802952
266520,1,1.999917532
266530,1,2.000032224
266540,1,2.000146957
266550,1,2.000261771
266560,1,2.000377049
266570,1,2.000492433
266580,1,2.000607958
266590,1,2.000723701
266600,1,2.000839553
266610,1,2.000955708
266620,1,2.001071768
266630,1,2.001188411
266640,1,2.001304764
266650,1,2.001421769
266660,1,2.001538524
266670,1,2.001655748
266680,1,2.001772849
266690,1,2.001890597
266700,1,2.00200808
266710,1,2.002125952
266720,1,2.002244102
266730,1,2.002362227
266740,1,2.002480689
266750,1,2.002599151
266760,1,2.002717951
266770,1,2.002837006
266780,1,2.002956151
266790,1,2.003075163
266800,1,2.003194679
266810,1,2.003314374
266820,1,2.003434004
266830,1,2.003554087
266840,1,2.003674145
266850,1,2.003794704
266860,1,2.00391524
266870,1,2.004035595
266880,1,2.004156673
266890,1,2.004277609
266900,1,2.004398902
266910,1,2.00452048
266920,1,2.004641931
266930,1,2.004763703
266940,1,2.0048857
266950,1,2.005007919
266960,1,2.005130045
266970,1,2.005252569
266980,1,2.005375029
266990,1,2.005497898
267000,1,2.005621104
267010,1,2.005744052
267020,1,2.005867476
267030,1,2.00599084
267040,1,2.006114507
267050,1,2.006238327
267060,1,2.006362508
267070,1,2.006486676
267080,1,2.006611131
267090,1,2.006735512
267100,1,2.006860339
267110,1,2.006985403
267120,1,2.007110525
267130,1,2.00723567
267140,1,2.007361163
267150,1,2.007486807
267160,1,2.007612462
267170,1,2.007738623
267180,1,2.007864747
267190,1,2.007990855
267200,1,2.008117635
267210,1,2.008244015
267220,1,2.008371024
267230,1,2.008498052
267240,1,2.008625127
267250,1,2.008752692
267260,1,2.008879948
267270,1,2.009007761
267280,1,2.009135797
267290,1,2.00926385
267300,1,2.009391782
267310,1,2.009520393
267320,1,2.009649091
267330,1,2.009777907
267340,1,2.009906754
267350,1,2.010035854
267360,1,2.01016504
267370,1,2.010294399
267380,1,2.010424216
267390,1,2.01055412
267400,1,2.010683816
267410,1,2.010813963
267420,1,2.010944534
267430,1,2.011074774
267440,1,2.011205582
267450,1,2.011336526
267460,1,2.011467541
267470,1,2.011598619
267480,1,2.011730027
267490,1,2.011861635
267500,1,2.011993168
267510,1,2.012125057
267520,1,2.012256859
267530,1,2.012389421
267540,1,2.012521722
267550,1,2.012654387
267560,1,2.012787183
267570,1,2.012919886
267580,1,2.01305317
267590,1,2.013186344
267600,1,2.013319754
267610,1,2.01345342
267620,1,2.013587148
267630,1,2.013721121
267640,1,2.013855156
267650,1,2.013989576
267660,1,2.014123924
267670,1,2.014258603
267680,1,2.014393449
267690,1,2.014528296
267700,1,2.014663401
267710,1,2.014798736
267720,1,2.014934453
267730,1,2.01506978
267740,1,2.015205661
267750,1,2.015341724
267760,1,2.01547785
267770,1,2.015614198
267780,1,2.015750773
267790,1,2.015887485
267800,1,2.016024404
267810,1,2.016161385
267820,1,2.01629856
267830,1,2.016435836
267840,1,2.016573367
267850,1,2.016711071
267860,1,2.01684907
267870,1,2.016987049
267880,1,2.017125465
267890,1,2.017263652
267900,1,2.017402301
267910,1,2.017541
267920,1,2.017679806
267930,1,2.017818895
267940,1,2.017958002
267950,1,2.018097403
267960,1,2.018237073
267970,1,2.018376764
267980,1,2.018516482
267990,1,2.018656768
268000,1,2.018797031
268010,1,2.0189375
268020,1,2.019078204
268030,1,2.019218931
268040,1,2.019359837
268050,1,2.019500761
268060,1,2.01964195
268070,1,2.01978339
268080,1,2.019924987
268090,1,2.020066845
268100,1,2.020208742
268110,1,2.020350832
268120,1,2.02049322
268130,1,2.020635652
268140,1,2.020778415
268150,1,2.020920933
268160,1,2.021063965
268170,1,2.02120722
268180,1,2.021350298
268190,1,2.021493676
268200,1,2.021637356
268210,1,2.02178132
268220,1,2.021925084
268230,1,2.022069192
268240,1,2.022213429
268250,1,2.02235785
268260,1,2.022502489
268270,1,2.022647157
268280,1,2.022792343
268290,1,2.022937618
268300,1,2.023082707
268310,1,2.023228064
268320,1,2.023373707
268330,1,2.023519537
268340,1,2.023665427
268350,1,2.023811379
268360,1,2.023957795
268370,1,2.024104372
268380,1,2.024250886
268390,1,2.024397715
268400,1,2.024544406
268410,1,2.024691679
268420,1,2.02483907
268430,1,2.024986487
268440,1,2.025133925
268450,1,2.025281748
268460,1,2.025429772
268470,1,2.025577938
268480,1,2.025726253
268490,1,2.025874466
268500,1,2.026023283
268510,1,2.026171958
268520,1,2.026320742
268530,1,2.0264698
268540,1,2.026619096
268550,1,2.026768502
268560,1,2.026918077
268570,1,2.027067877
268580,1,2.027217849
268590,1,2.027368058
268600,1,2.027518047
268610,1,2.027668493
268620,1,2.027819197
268630,1,2.027969896
268640,1,2.028120888
268650,1,2.028271775
268660,1,2.028423201
268670,1,2.028574497
268680,1,2.028725989
268690,1,2.028877674
268700,1,2.029029623
268710,1,2.029181434
268720,1,2.029333833
268730,1,2.029486233
268740,1,2.029638794
268750,1,2.029791558
268760,1,2.029944451
268770,1,2.030097162
268780,1,2.030250532
268790,1,2.030403996
268800,1,2.03055734
268810,1,2.030711021
268820,1,2.030864863
268830,1,2.031018825
268840,1,2.031173247
268850,1,2.031327548
268860,1,2.031481953
268870,1,2.031636554
268880,1,2.0317912
268890,1,2.031946363
268900,1,2.032101349
268910,1,2.032256802
268920,1,2.032412363
268930,1,2.032567714
268940,1,2.032723804
268950,1,2.032879589
268960,1,2.033035621
268970,1,2.033192023
268980,1,2.033348425
268990,1,2.033505215
269000,1,2.033661739
269010,1,2.033818457
269020,1,2.033975602
269030,1,2.034132947
269040,1,2.034290273
269050,1,2.03444773
269060,1,2.034605576
269070,1,2.034763518
269080,1,2.034921704
269090,1,2.035079511
269100,1,2.035237859
269110,1,2.035396551
269120,1,2.035554994
269130,1,2.035714074
269140,1,2.035873135
269150,1,2.036032085
269160,1,2.036191466
269170,1,2.036350861
269180,1,2.036510651
269190,1,2.036670328
269200,1,2.036830065
269210,1,2.036990366
269220,1,2.037150611
269230,1,2.03731112
269240,1,2.037471738
269250,1,2.037632312
269260,1,2.037793225
269270,1,2.037954401
269280,1,2.038115736
269290,1,2.038276889
269300,1,2.038438475
269310,1,2.038600288
269320,1,2.038762135
269330,1,2.038924114
269340,1,2.039086371
269350,1,2.03924855
269360,1,2.03941088
269370,1,2.039573745
269380,1,2.03973649
269390,1,2.039899492
269400,1,2.040062498
269410,1,2.040225896
269420,1,2.040389407
269430,1,2.040552638
269440,1,2.040716561
269450,1,2.040880547
269460,1,2.041044423
269470,1,2.041208635
269480,1,2.041373142
269490,1,2.041537637
269500,1,2.041702329
269510,1,2.041867303
269520,1,2.042032138
269530,1,2.042197259
269540,1,2.042362542
269550,1,2.042528054
269560,1,2.042693796
269570,1,2.042859492
269580,1,2.043025513
269590,1,2.043191689
269600,1,2.043357894
269610,1,2.0435244
269620,1,2.043690935
269630,1,2.043857355
269640,1,2.044024377
269650,1,2.044191465
269660,1,2.04435868
269670,1,2.044525887
269680,1,2.044693486
269690,1,2.044861066
269700,1,2.045028774
269710,1,2.045196731
269720,1,2.045364745
269730,1,2.045533006
269740,1,2.045701556
269750,1,2.045870265
269760,1,2.04603897
269770,1,2.046207888
269780,1,2.04637688
269790,1,2.046545911
269800,1,2.046715236
269810,1,2.046884731
269820,1,2.047054325
269830,1,2.047224246
269840,1,2.047394258
269850,1,2.047564222
269860,1,2.047734578
269870,1,2.047904918
269880,1,2.0480757
269890,1,2.048246446
269900,1,2.048417102
269910,1,2.04858825
269920,1,2.048759422
269930,1,2.048930674
269940,1,2.049102296
269950,1,2.049273955
269960,1,2.049445605
269970,1,2.049617566
269980,1,2.049789745
269990,1,2.049961879
270000,1,2.050134166
270010,1,2.050306861
270020,1,2.050479512
270030,1,2.050652468
270040,1,2.050825483
270050,1,2.05099855
270060,1,2.051171983
270070,1,2.051345405
270080,1,2.051518963
270090,1,2.051692753
270100,1,2.05186659
270110,1,2.05204081
270120,1,2.052214839
270130,1,2.052389376
270140,1,2.052563676
270150,1,2.052738601
270160,1,2.052913296
270170,1,2.0530883
270180,1,2.05326345
270190,1,2.053438716
270200,1,2.053613888
270210,1,2.053789593
270220,1,2.053965458
270230,1,2.054141236
270240,1,2.054317281
270250,1,2.054493471
270260,1,2.054669553
270270,1,2.05484619
270280,1,2.055022789
270290,1,2.055199596
270300,1,2.055376575
270310,1,2.0555538
270320,1,2.055730851
270330,1,2.055908403
270340,1,2.056085757
270350,1,2.05626337
270360,1,2.056441087
270370,1,2.056619092
270380,1,2.056797126
270390,1,2.056975508
270400,1,2.057153967
270410,1,2.057332402
270420,1,2.057511136
270430,1,2.057690037
270440,1,2.057868999
270450,1,2.058048136
270460,1,2.058227653
270470,1,2.058406798
270480,1,2.058586479
270490,1,2.058766205
270500,1,2.058946144
270510,1,2.059126018
270520,1,2.059306353
270530,1,2.059486435
270540,1,2.059666866
270550,1,2.059847799
270560,1,2.060028551
270570,1,2.060209324
270580,1,2.06039024
270590,1,2.06057181
270600,1,2.060753044
270610,1,2.06093468
270620,1,2.061116081
270630,1,2.061298072
270640,1,2.061480009
270650,1,2.06166193
270660,1,2.061844131
270670,1,2.062026548
270680,1,2.062209008
270690,1,2.062391652
270700,1,2.062574706
270710,1,2.062757345
270720,1,2.062940684
270730,1,2.063123855
270740,1,2.063307151
270750,1,2.063490654
270760,1,2.063674359
270770,1,2.0638582
270780,1,2.064042364
270790,1,2.064226346
270800,1,2.064410844
270810,1,2.064595035
270820,1,2.064779686
270830,1,2.064964397
270840,1,2.065149067
270850,1,2.065333905
270860,1,2.065519363
270870,1,2.065704574
270880,1,2.065889841
270890,1,2.06607548
270900,1,2.066261127
270910,1,2.066447001
270920,1,2.066632936
270930,1,2.066818817
270940,1,2.067005349
270950,1,2.067191582
270960,1,2.067378165
270970,1,2.067564822
270980,1,2.06775192
270990,1,2.067938868
271000,1,2.068126029
271010,1,2.068313042
271020,1,2.068500444
271030,1,2.068688105
271040,1,2.068875966
271050,1,2.069063655
271060,1,2.06925169
271070,1,2.069439776
271080,1,2.069627964
271090,1,2.069816315
271100,1,2.070004985
271110,1,2.070193612
271120,1,2.070382413
271130,1,2.070571405
271140,1,2.070760544
271150,1,2.070949812
271160,1,2.071139125
271170,1,2.0713286
271180,1,2.071518352
271190,1,2.071708274
271200,1,2.071898242
271210,1,2.072088269
271220,1,2.072278658
271230,1,2.072468748
271240,1,2.072659566
271250,1,2.072849991
271260,1,2.073040567
271270,1,2.073231733
271280,1,2.073422755
271290,1,2.073614034
271300,1,2.073805061
271310,1,2.073996759
271320,1,2.074188453
271330,1,2.074380205
271340,1,2.074571976
271350,1,2.074764041
271360,1,2.074956307
271370,1,2.075148594
271380,1,2.075341017
271390,1,2.075533653
271400,1,2.075726402
271410,1,2.075919432
271420,1,2.076112279
271430,1,2.076305485
271440,1,2.076498802
271450,1,2.076692292
271460,1,2.076885693
271470,1,2.077079358
271480,1,2.077273272
271490,1,2.077466953
271500,1,2.077661221
271510,1,2.077855338
271520,1,2.078050135
271530,1,2.078244359
271540,1,2.07843917
271550,1,2.078634122
271560,1,2.078828787
271570,1,2.07902383
271580,1,2.079219202
271590,1,2.079414363
271600,1,2.079609756
271610,1,2.079805575
271620,1,2.080001296
271630,1,2.080197111
271640,1,2.080393132
271650,1,2.08058921
271660,1,2.080785613
271670,1,2.080982125
271680,1,2.081178493
271690,1,2.081375343
271700,1,2.081572129
271710,1,2.081769152
271720,1,2.081966295
271730,1,2.08216358
271740,1,2.08236084
271750,1,2.08255839
271760,1,2.082755954
271770,1,2.082953775
271780,1,2.083151646
271790,1,2.08334968
271800,1,2.083547791
271810,1,2.083746152
271820,1,2.083944794
271830,1,2.084143139
271840,1,2.084341831
271850,1,2.084540785
271860,1,2.084739859
271870,1,2.084938997
271880,1,2.085138077
271890,1,2.085337425
271900,1,2.085536988
271910,1,2.085736599
271920,1,2.085936389
271930,1,2.086136374
271940,1,2.086336562
271950,1,2.086536662
271960,1,2.086736825
271970,1,2.086937269
271980,1,2.087137956
271990,1,2.08733858
272000,1,2.087539364
272010,1,2.087740407
272020,1,2.087941493
272030,1,2.088142678
272040,1,2.088343966
272050,1,2.088545395
272060,1,2.088747107
272070,1,2.088948923
272080,1,2.089150857
272090,1,2.089352864
272100,1,2.089555183
272110,1,2.089757405
272120,1,2.089959751
272130,1,2.090162047
272140,1,2.090364891
272150,1,2.090567831
272160,1,2.090770389
272170,1,2.090973601
272180,1,2.091177051
272190,1,2.091380365
272200,1,2.091583685
272210,1,2.091787357
272220,1,2.091991027
272230,1,2.092194902
272240,1,2.092398873
272250,1,2.092602728
272260,1,2.09280705
272270,1,2.093011398
272280,1,2.093215933
272290,1,2.093420494
272300,1,2.093625431
272310,1,2.093830101
272320,1,2.094035264
272330,1,2.09424032
272340,1,2.094445605
272350,1,2.0946509
272360,1,2.094856566
272370,1,2.09506218
272380,1,2.095267934
272390,1,2.09547372
272400,1,2.095679973
272410,1,2.095885795
272420,1,2.096092118
272430,1,2.096298414
272440,1,2.096505051
272450,1,2.096711785
272460,1,2.096918505
272470,1,2.097125579
272480,1,2.097332586
272490,1,2.097539664
272500,1,2.097746941
272510,1,2.097954528
272520,1,2.09816213
272530,1,2.098369613
272540,1,2.098577345
272550,1,2.098785451
272560,1,2.098993469
272570,1,2.099201756
272580,1,2.099409972
272590,1,2.099618225
272600,1,2.099826906
272610,1,2.100035594
272620,1,2.100244452
272630,1,2.100453197
272640,1,2.100662355
272650,1,2.100871427
272660,1,2.10108094
272670,1,2.101290268
272680,1,2.101499765
272690,1,2.101709635
272700,1,2.101919002
272710,1,2.102128986
272720,1,2.102339267
272730,1,2.102549459
272740,1,2.102759778
272750,1,2.102969944
272760,1,2.103180727
272770,1,2.103391151
272780,1,2.103602138
272790,1,2.103812892
272800,1,2.104023954
272810,1,2.104235139
272820,1,2.104446498
272830,1,2.104657958
272840,1,2.104869328
272850,1,2.10508107
272860,1,2.105292685
272870,1,2.105504722
272880,1,2.105716694
272890,1,2.105928786
272900,1,2.106141105
272910,1,2.106353652
272920,1,2.106565834
272930,1,2.106778353
272940,1,2.106991384
272950,1,2.107204093
272960,1,2.107417043
272970,1,2.107630228
272980,1,2.10784349
272990,1,2.108056685
273000,1,2.108270135
273010,1,2.108483807
273020,1,2.108697524
273030,1,2.108911423
273040,1,2.10912523
273050,1,2.109339382
273060,1,2.109553519
273070,1,2.109767946
273080,1,2.109982159
273090,1,2.110196841
273100,1,2.110411521
273110,1,2.110626365
273120,1,2.110841287
273130,1,2.111056316
273140,1,2.111271678
273150,1,2.111486747
273160,1,2.111702186
273170,1,2.111917641
273180,1,2.112133012
273190,1,2.112349122
273200,1,2.112564871
273210,1,2.112780724
273220,1,2.112996947
273230,1,2.113213084
273240,1,2.113429532
273250,1,2.113645907
273260,1,2.113862402
273270,1,2.114079295
273280,1,2.114295892
273290,1,2.114512908
273300,1,2.114729983
273310,1,2.114947121
273320,1,2.115164447
273330,1,2.115381661
273340,1,2.115599112
273350,1,2.115817046
273360,1,2.116034574
273370,1,2.116252317
273380,1,2.116470589
273390,1,2.116688354
273400,1,2.116906584
273410,1,2.117125029
273420,1,2.11734354
273430,1,2.117562115
273440,1,2.117780694
273450,1,2.11799938
273460,1,2.1182184
273470,1,2.118437351
273480,1,2.118656616
273490,1,2.118875817
273500,1,2.119095052
273510,1,2.119314464
273520,1,2.119534203
273530,1,2.119754056
273540,1,2.119973626
273550,1,2.120193598
273560,1,2.12041361
273570,1,2.120633853
273580,1,2.120854066
273590,1,2.121074606
273600,1,2.121294901
273610,1,2.121515416
273620,1,2.121736134
273630,1,2.121957239
273640,1,2.122178192
273650,1,2.122399223
273660,1,2.122620286
273670,1,2.122841755
273680,1,2.123063085
273690,1,2.123284612
273700,1,2.123506281
273710,1,2.123728079
273720,1,2.123949722
273730,1,2.124171872
273740,1,2.124393767
273750,1,2.124615945
273760,1,2.124838579
273770,1,2.125060879
273780,1,2.125283278
273790,1,2.125505811
273800,1,2.125728653
273810,1,2.125951775
273820,1,2.12617421
273830,1,2.126397405
273840,1,2.12662081
273850,1,2.126843993
273860,1,2.127067355
273870,1,2.127291108
273880,1,2.127514581
273890,1,2.127738593
273900,1,2.127962422
273910,1,2.128186238
273920,1,2.128410291
273930,1,2.12863465
273940,1,2.128858772
273950,1,2.129083223
273960,1,2.12930764
273970,1,2.129532406
273980,1,2.129757253
273990,1,2.12998182
274000,1,2.130206861
274010,1,2.130431892
274020,1,2.130657081
274030,1,2.130882325
274040,1,2.131107611
274050,1,2.131333307
274060,1,2.131559029
274070,1,2.131784588
274080,1,2.132010426
274090,1,2.132236299
274100,1,2.132462444
274110,1,2.132688769
274120,1,2.132914969
274130,1,2.133141168
274140,1,2.133367459
274150,1,2.13359414
274160,1,2.133820761
274170,1,2.134047833
274180,1,2.134274438
274190,1,2.134501537
274200,1,2.134728681
274210,1,2.134955872
274220,1,2.13518319
274230,1,2.135410577
274240,1,2.135638131
274250,1,2.135865644
274260,1,2.136093527
274270,1,2.13632133
274280,1,2.136549309
274290,1,2.136777188
274300,1,2.137005512
274310,1,2.137233793
274320,1,2.137462358
274330,1,2.13769083
274340,1,2.137919242
274350,1,2.138147886
274360,1,2.138376732
274370,1,2.138605598
274380,1,2.138834685
274390,1,2.139063819
274400,1,2.139293041
274410,1,2.139522145
274420,1,2.139751607
274430,1,2.139981025
274440,1,2.140210807
274450,1,2.140440647
274460,1,2.140670438
274470,1,2.140900277
274480,1,2.141130321
274490,1,2.141360525
274500,1,2.141590821
274510,1,2.141821152
274520,1,2.142051553
274530,1,2.142282072
274540,1,2.142512722
274550,1,2.142743365
274560,1,2.14297443
274570,1,2.143205326
274580,1,2.143436304
274590,1,2.143667496
274600,1,2.143898654
274610,1,2.144130371
274620,1,2.144361787
274630,1,2.144593371
274640,1,2.144824856
274650,1,2.145056893
274660,1,2.145288696
274670,1,2.145520418
274680,1,2.145752654
274690,1,2.145984557
274700,1,2.14621706
274710,1,2.146449354
274720,1,2.14668191
274730,1,2.146914499
274740,1,2.147147219
274750,1,2.14737995
274760,1,2.147612803
274770,1,2.147845773
274780,1,2.148078908
274790,1,2.148312151
274800,1,2.148545385
274810,1,2.148778648
274820,1,2.14901217
274830,1,2.149245917
274840,1,2.149479262
274850,1,2.149713281
274860,1,2.149946972
274870,1,2.150181117
274880,1,2.150414984
274890,1,2.150649187
274900,1,2.150883604
274910,1,2.151117689
274920,1,2.151352153
274930,1,2.151586851
274940,1,2.15182148
274950,1,2.152056212
274960,1,2.152291069
274970,1,2.152526027
274980,1,2.15276092
274990,1,2.152996178
275000,1,2.153231181
275010,1,2.153466489
275020,1,2.153702119
275030,1,2.15393757
275040,1,2.154173127
275050,1,2.154409092
275060,1,2.154644979
275070,1,2.154880693
275080,1,2.155116721
275090,1,2.155352579
275100,1,2.155588882
275110,1,2.155825306
275120,1,2.156061456
275130,1,2.156298019
275140,1,2.156534534
275150,1,2.156771219
275160,1,2.15700816
275170,1,2.157245031
275180,1,2.1574816
275190,1,2.157718954
275200,1,2.157955894
275210,1,2.158193255
275220,1,2.158430659
275230,1,2.158667837
275240,1,2.158905349
275250,1,2.159142978
275260,1,2.159380832
275270,1,2.159618795
275280,1,2.159856448
275290,1,2.160094538
275300,1,2.160332543
275310,1,2.160570664
275320,1,2.160808964
275330,1,2.161047281
275340,1,2.16128566
275350,1,2.161524179
275360,1,2.161762779
275370,1,2.162001544
275380,1,2.162240415
275390,1,2.162479295
275400,1,2.162717997
275410,1,2.162957356
275420,1,2.163196606
275430,1,2.163435813
275440,1,2.163675227
275450,1,2.16391451
275460,1,2.164154072
275470,1,2.164393729
275480,1,2.1646333
275490,1,2.164873108
275500,1,2.165113063
275510,1,2.165353084
275520,1,2.165593389
275530,1,2.165833291
275540,1,2.166073695
275550,1,2.166314031
275560,1,2.166554353
275570,1,2.166794731
275580,1,2.167035544
275590,1,2.167276108
275600,1,2.167517026
275610,1,2.167757628
275620,1,2.167998819
275630,1,2.168239764
275640,1,2.168480951
275650,1,2.168722132
275660,1,2.168963495
275670,1,2.169204891
275680,1,2.169446507
275690,1,2.169688036
275700,1,2.169929765
275710,1,2.170171502
275720,1,2.17041317
275730,1,2.170655363
275740,1,2.170897091
275750,1,2.171139453
275760,1,2.171381757
275770,1,2.171623801
275780,1,2.171866322
275790,1,2.172108655
275800,1,2.172351339
275810,1,2.172593746
275820,1,2.172836531
275830,1,2.173079415
275840,1,2.173322196
275850,1,2.173565285
275860,1,2.173808164
275870,1,2.174051315
275880,1,2.174294665
275890,1,2.17453801
275900,1,2.174781301
275910,1,2.175024752
275920,1,2.175268273
275930,1,2.175512002
275940,1,2.175755813
275950,1,2.175999597
275960,1,2.176243382
275970,1,2.176487594
275980,1,2.176731528
275990,1,2.176975544
276000,1,2.177219895
276010,1,2.177464229
276020,1,2.17770865
276030,1,2.17795305
276040,1,2.178197839
276050,1,2.178442381
276060,1,2.178687297
276070,1,2.178932117
276080,1,2.179176821
276090,1,2.179421738
276100,1,2.179666978
276110,1,2.179912221
276120,1,2.180157294
276130,1,2.180402572
276140,1,2.180648025
276150,1,2.180893461
276160,1,2.181139065
276170,1,2.181384651
276180,1,2.181630557
276190,1,2.181876288
276200,1,2.18212206
276210,1,2.182368098
276220,1,2.182614098
276230,1,2.182860429
276240,1,2.183106446
276250,1,2.183352788
276260,1,2.183598919
276270,1,2.183845448
276280,1,2.184092063
276290,1,2.184338639
276300,1,2.184585476
276310,1,2.184832039
276320,1,2.185078993
276330,1,2.185325881
276340,1,2.185573054
276350,1,2.185819888
276360,1,2.186067103
276370,1,2.186314419
276380,1,2.186561934
276390,1,2.186809128
276400,1,2.187056521
276410,1,2.187304136
276420,1,2.187551904
276430,1,2.187799456
276440,1,2.188047478
276450,1,2.18829508
276460,1,2.188543231
276470,1,2.188791135
276480,1,2.18903926
276490,1,2.189287303
276500,1,2.189535638
276510,1,2.189783983
276520,1,2.190032441
276530,1,2.190280919
276540,1,2.190529522
276550,1,2.190778141
276560,1,2.19102659
276570,1,2.191275475
276580,1,2.191524384
276590,1,2.19177327
276600,1,2.192022533
276610,1,2.192271372
276620,1,2.192520653
276630,1,2.192769983
276640,1,2.193019356
276650,1,2.19326865
276660,1,2.193518178
276670,1,2.193767687
276680,1,2.194017423
276690,1,2.194267057
276700,1,2.194516665
276710,1,2.194766716
276720,1,2.195016659
276730,1,2.195266532
276740,1,2.195516613
276750,1,2.195766694
276760,1,2.196016918
276770,1,2.196267229
276780,1,2.196517561
276790,1,2.196767946
276800,1,2.197018284
276810,1,2.197269062
276820,1,2.197519808
276830,1,2.19777048
276840,1,2.198021381
276850,1,2.198272256
276860,1,2.198523162
276870,1,2.19877391
276880,1,2.199025103
276890,1,2.199276278
276900,1,2.199527598
276910,1,2.199778964
276920,1,2.200030324
276930,1,2.200281606
276940,1,2.200533227
276950,1,2.200784852
276960,1,2.20103636
276970,1,2.201288279
276980,1,2.201539791
276990,1,2.201792053
277000,1,2.202043831
277010,1,2.202295956
277020,1,2.202547769
277030,1,2.20280001
277040,1,2.203052478
277050,1,2.203304629
277060,1,2.203556964
277070,1,2.203809124
277080,1,2.204061843
277090,1,2.204314399
277100,1,2.204566991
277110,1,2.204819899
277120,1,2.205072523
277130,1,2.205325338
277140,1,2.205578062
277150,1,2.205831136
277160,1,2.206084291
277170,1,2.206337256
277180,1,2.206590552
277190,1,2.206843853
277200,1,2.20709706
277210,1,2.207350477
277220,1,2.207603903
277230,1,2.20785733
277240,1,2.208111033
277250,1,2.208364693
277260,1,2.20861847
277270,1,2.208872202
277280,1,2.209125995
277290,1,2.209380026
277300,1,2.20963405
277310,1,2.209888178
277320,1,2.210142069
277330,1,2.210396449
277340,1,2.210650705
277350,1,2.210905055
277360,1,2.211159265
277370,1,2.211413733
277380,1,2.21166816
277390,1,2.211922896
277400,1,2.212177524
277410,1,2.212432101
277420,1,2.212687078
277430,1,2.212941657
277440,1,2.213196683
277450,1,2.213451657
277460,1,2.213706752
277470,1,2.213961716
277480,1,2.214216919
277490,1,2.214471984
277500,1,2.214727601
277510,1,2.214982759
277520,1,2.215238286
277530,1,2.215493778
277540,1,2.215749253
277550,1,2.216004763
277560,1,2.216260476
277570,1,2.216516172
277580,1,2.216771971
277590,1,2.217027784
277600,1,2.217283748
277610,1,2.217539822
277620,1,2.21779561
277630,1,2.218051994
277640,1,2.218308096
277650,1,2.218564326
277660,1,2.218820465
277670,1,2.219076825
277680,1,2.219333277
277690,1,2.219589702
277700,1,2.21984638
277710,1,2.220102718
277720,1,2.220359492
277730,1,2.220616107
277740,1,2.220873019
277750,1,2.221129827
277760,1,2.221386736
277770,1,2.221643654
277780,1,2.221900644
277790,1,2.222157789
277800,1,2.222414805
277810,1,2.222671964
277820,1,2.2229293
277830,1,2.223186497
277840,1,2.223444109
277850,1,2.223701341
277860,1,2.223959102
277870,1,2.22421654
277880,1,2.224474125
277890,1,2.224731627
277900,1,2.224989565
277910,1,2.225247102
277920,1,2.225505031
277930,1,2.225762819
277940,1,2.22602097
277950,1,2.226278768
277960,1,2.22653681
277970,1,2.226795008
277980,1,2.227053299
277990,1,2.227311412
278000,1,2.227569753
278010,1,2.227828049
278020,1,2.2280864
278030,1,2.228344916
278040,1,2.228603365
278050,1,2.228862015
278060,1,2.229120756
278070,1,2.229379199
278080,1,2.229638082
278090,1,2.229896784
278100,1,2.230155562
278110,1,2.230414461
278120,1,2.230673706
278130,1,2.230932286
278140,1,2.231191578
278150,1,2.231450725
278160,1,2.231709912
278170,1,2.231969232
278180,1,2.23222853
278190,1,2.23248768
278200,1,2.232747063
278210,1,2.233006643
278220,1,2.233266001
278230,1,2.233525646
278240,1,2.233785239
278250,1,2.234045026
278260,1,2.234304667
278270,1,2.234564338
278280,1,2.234824241
278290,1,2.235083774
278300,1,2.235344025
278310,1,2.235603915
278320,1,2.235863892
278330,1,2.23612428
278340,1,2.236384163
278350,1,2.236644301
278360,1,2.23690462
278370,1,2.237164751
278380,1,2.237425339
278390,1,2.237685647
278400,1,2.237946277
278410,1,2.238206421
278420,1,2.238467067
278430,1,2.238727696
278440,1,2.238988443
278450,1,2.239249218
278460,1,2.23950985
278470,1,2.239770402
278480,1,2.240031268
278490,1,2.240292348
278500,1,2.2405531
278510,1,2.240814128
278520,1,2.24107522
278530,1,2.241336486
278540,1,2.241597472
278550,1,2.241858823
278560,1,2.242119901
278570,1,2.242381236
278580,1,2.242642572
278590,1,2.242904046
278600,1,2.243165504
278610,1,2.243426803
278620,1,2.243688467
278630,1,2.243949906
278640,1,2.244211413
278650,1,2.244473163
278660,1,2.244734946
278670,1,2.244996778
278680,1,2.245258699
278690,1,2.245520435
278700,1,2.245782303
278710,1,2.246044324
278720,1,2.246306251
278730,1,2.246568416
278740,1,2.246830457
278750,1,2.247092544
278760,1,2.247354663
278770,1,2.247616868
278780,1,2.247879206
278790,1,2.248141654
278800,1,2.248403908
278810,1,2.248666316
278820,1,2.248928904
278830,1,2.249191347
278840,1,2.249453852
278850,1,2.24971644
278860,1,2.249979002
278870,1,2.250241824
278880,1,2.250504588
278890,1,2.250767504
278900,1,2.251030097
278910,1,2.251292878
278920,1,2.251555887
278930,1,2.251818774
278940,1,2.252081825
278950,1,2.25234493
278960,1,2.252607833
278970,1,2.252871096
278980,1,2.253134195
278990,1,2.253397475
279000,1,2.253660771
279010,1,2.253923925
279020,1,2.254187216
279030,1,2.254450627
279040,1,2.254714298
279050,1,2.254977493
279060,1,2.255241116
279070,1,2.255504536
279080,1,2.255768261
279090,1,2.256031896
279100,1,2.256295431
279110,1,2.256559162
279120,1,2.256822757
279130,1,2.257086581
279140,1,2.257350557
279150,1,2.257614418
279160,1,2.25787836
279170,1,2.258142294
279180,1,2.258406317
279190,1,2.25867029
279200,1,2.258934397
279210,1,2.259198522
279220,1,2.259462644
279230,1,2.259727054
279240,1,2.259991092
279250,1,2.260255528
279260,1,2.260519882
279270,1,2.260784162
279280,1,2.261048555
279290,1,2.261312916
279300,1,2.261577366
279310,1,2.261841807
279320,1,2.262106234
279330,1,2.262371079
279340,1,2.262635393
279350,1,2.262900134
279360,1,2.263164934
279370,1,2.263429597
279380,1,2.263694437
279390,1,2.263959227
279400,1,2.264223935
279410,1,2.26448899
279420,1,2.264753884
279430,1,2.265018772
279440,1,2.265283683
279450,1,2.265548768
279460,1,2.265813906
279470,1,2.266078983
279480,1,2.266344038
279490,1,2.266609383
279500,1,2.266874328
279510,1,2.26713957
279520,1,2.267404797
279530,1,2.267670258
279540,1,2.267935636
279550,1,2.26820097
279560,1,2.26846621
279570,1,2.26873175
279580,1,2.268997362
279590,1,2.269262887
279600,1,2.269528326
279610,1,2.269794023
279620,1,2.270059519
279630,1,2.270325196
279640,1,2.270591079
279650,1,2.270856617
279660,1,2.271122655
279670,1,2.271388084
279680,1,2.271653879
279690,1,2.271919908
279700,1,2.272185931
279710,1,2.272451601
279720,1,2.272717492
279730,1,2.272983483
279740,1,2.27324947
279750,1,2.273515644
279760,1,2.273781703
279770,1,2.274047775
279780,1,2.274313768
279790,1,2.274580064
279800,1,2.274846288
279810,1,2.275112512
279820,1,2.275378776
279830,1,2.27564508
279840,1,2.275911473
279850,1,2.276177843
279860,1,2.276444044
279870,1,2.276710455
279880,1,2.276977197
279890,1,2.277243657
279900,1,2.277510086
279910,1,2.277776364
279920,1,2.27804322
279930,1,2.278309897
279940,1,2.278576578
279950,1,2.278843092
279960,1,2.27910958
279970,1,2.279376431
279980,1,2.279643299
279990,1,2.279910004
280000,1,2.280176735
280010,1,2.280443499
280020,1,2.280710378
280030,1,2.280977332
280040,1,2.281244298
280050,1,2.28151123
280060,1,2.281778171
280070,1,2.282044914
280080,1,2.282311999
280090,1,2.282579181
280100,1,2.282846479
280110,1,2.28311351
280120,1,2.283380557
280130,1,2.283647822
280140,1,2.283914834
280150,1,2.284181965
280160,1,2.284449221
280170,1,2.284716837
280180,1,2.284983778
280190,1,2.28525104
280200,1,2.285518396
280210,1,2.285785867
280220,1,2.286053397
280230,1,2.286320701
280240,1,2.286588098
280250,1,2.286855614
280260,1,2.287123053
280270,1,2.287390503
280280,1,2.287658157
280290,1,2.287925619
280300,1,2.288193291
280310,1,2.288460797
280320,1,2.288728318
280330,1,2.28899615
280340,1,2.289263876
280350,1,2.289531615
280360,1,2.289799417
280370,1,2.290066997
280380,1,2.290334849
280390,1,2.290602636
280400,1,2.290870347
280410,1,2.291138362
280420,1,2.29140633
280430,1,2.291674025
280440,1,2.29194185
280450,1,2.292209893
280460,1,2.292477847
280470,1,2.292745718
280480,1,2.2930139
280490,1,2.293281976
280500,1,2.293549964
280510,1,2.293817857
280520,1,2.294086074
280530,1,2.294354162
280540,1,2.29462226
280550,1,2.29489027
280560,1,2.295158431
280570,1,2.29542681
280580,1,2.295694755
280590,1,2.295963211
280600,1,2.296231286
280610,1,2.296499634
280620,1,2.296767866
280630,1,2.297036279
280640,1,2.297304467
280650,1,2.297573008
280660,1,2.297841222
280670,1,2.298109428
280680,1,2.298378163
280690,1,2.298646625
280700,1,2.298914777
280710,1,2.299183364
280720,1,2.299451893
280730,1,2.299720257
280740,1,2.299988923
280750,1,2.300257084
280760,1,2.300525764
280770,1,2.30079449
280780,1,2.301063101
280790,1,2.30133142
280800,1,2.301600225
280810,1,2.301868916
280820,1,2.302137399
280830,1,2.302406202
280840,1,2.302674809
280850,1,2.302943544
280860,1,2.303212207
280870,1,2.303480997
280880,1,2.303749697
280890,1,2.304018496
280900,1,2.304287156
280910,1,2.304556036
280920,1,2.304824682
280930,1,2.30509372
280940,1,2.305362331
280950,1,2.305631449
280960,1,2.305900091
280970,1,2.306168907
280980,1,2.306437984
280990,1,2.306706851
281000,1,2.306975891
281010,1,2.307244591
281020,1,2.307513583
281030,1,2.307782664
281040,1,2.308051495
281050,1,2.308320633
281060,1,2.308589472
281070,1,2.308858472
281080,1,2.309127558
281090,1,2.309396799
281100,1,2.30966558
281110,1,2.309934757
281120,1,2.310203798
281130,1,2.310472999
281140,1,2.310742065
281150,1,2.311011173
281160,1,2.311280137
281170,1,2.311549382
281180,1,2.311818602
281190,1,2.312087799
281200,1,2.312356968
281210,1,2.312626143
281220,1,2.31289512
281230,1,2.313164484
281240,1,2.313433827
281250,1,2.313702954
281260,1,2.313972287
281270,1,2.314241364
281280,1,2.314510667
281290,1,2.314779863
281300,1,2.315049287
281310,1,2.315318502
281320,1,2.315587986
281330,1,2.315857088
281340,1,2.316126484
281350,1,2.316395783
281360,1,2.316665187
281370,1,2.316934244
281380,1,2.317203716
281390,1,2.317472947
281400,1,2.317742303
281410,1,2.318011529
281420,1,2.318281163
281430,1,2.318550329
281440,1,2.318819873
281450,1,2.319089521
281460,1,2.319359006
281470,1,2.319628292
281480,1,2.31989761
281490,1,2.320167066
281500,1,2.320436408
281510,1,2.320705796
281520,1,2.320975342
281530,1,2.321244926
281540,1,2.321514173
281550,1,2.3217837
281560,1,2.322053205
281570,1,2.322322618
281580,1,2.322592004
281590,1,2.322861673
281600,1,2.323131264
281610,1,2.32340078
281620,1,2.323670378
281630,1,2.323939809
281640,1,2.32420932
281650,1,2.324478955
281660,1,2.324748264
281670,1,2.325017806
281680,1,2.325287469
281690,1,2.325557083
281700,1,2.325826403
281710,1,2.326096118
281720,1,2.326365684
281730,1,2.326635049
281740,1,2.326904592
281750,1,2.327174239
281760,1,2.327443857
281770,1,2.327713363
281780,1,2.327982832
281790,1,2.328252596
281800,1,2.328522134
281810,1,2.328791617
281820,1,2.329061287
281830,1,2.329330798
281840,1,2.329600439
281850,1,2.329870259
281860,1,2.330139502
281870,1,2.330409232
281880,1,2.330678857
281890,1,2.330948216
281900,1,2.331217931
281910,1,2.331487537
281920,1,2.331757097
281930,1,2.332026955
281940,1,2.332296336
281950,1,2.332565927
281960,1,2.332835481
281970,1,2.333105074
281980,1,2.333374714
281990,1,2.333644286
282000,1,2.333914025
282010,1,2.334183481
282020,1,2.334453438
282030,1,2.334722772
282040,1,2.334992209
282050,1,2.335261774
282060,1,2.335531488
282070,1,2.335801021
282080,1,2.33607057
282090,1,2.33634019
282100,1,2.336609915
282110,1,2.33687961
282120,1,2.337149116
282130,1,2.337418557
282140,1,2.337687917
282150,1,2.337957821
282160,1,2.338227322
282170,1,2.338496744
282180,1,2.338766515
282190,1,2.339036099
282200,1,2.339305421
282210,1,2.339575179
282220,1,2.339844584
282230,1,2.340114152
282240,1,2.340383899
282250,1,2.340653359
282260,1,2.340922656
282270,1,2.341192167
282280,1,2.341461891
282290,1,2.341731415
282300,1,2.342000975
282310,1,2.342270472
282320,1,2.342539962
282330,1,2.34280935
282340,1,2.343079094
282350,1,2.343348465
282360,1,2.343617693
282370,1,2.343887448
282380,1,2.344156846
282390,1,2.344426206
282400,1,2.344695919
282410,1,2.344965216
282420,1,2.345234647
282430,1,2.345504305
282440,1,2.345773499
282450,1,2.346042935
282460,1,2.346312268
282470,1,2.346581774
282480,1,2.346851107
282490,1,2.347120758
282500,1,2.347390229
282510,1,2.347659402
282520,1,2.347928702
282530,1,2.348198207
282540,1,2.348467724
282550,1,2.348736885
282560,1,2.349006163
282570,1,2.349275662
282580,1,2.349545069
282590,1,2.349814235
282600,1,2.350083419
282610,1,2.350352738
282620,1,2.350622149
282630,1,2.350891521
282640,1,2.351160676
282650,1,2.351429909
282660,1,2.351699159
282670,1,2.351968432
282680,1,2.352237604
282690,1,2.352506868
282700,1,2.352776008
282710,1,2.353045147
282720,1,2.353314451
282730,1,2.35358375
282740,1,2.353852712
282750,1,2.35412207
282760,1,2.354391122
282770,1,2.354660159
282780,1,2.354929465
282790,1,2.355198495
282800,1,2.355467321
282810,1,2.355736687
282820,1,2.356005869
282830,1,2.356274751
282840,1,2.356543898
282850,1,2.356813001
282860,1,2.357081833
282870,1,2.357350712
282880,1,2.357619741
282890,1,2.357889075
282900,1,2.35815786
282910,1,2.35842671
282920,1,2.358695987
282930,1,2.358964594
282940,1,2.359233605
282950,1,2.359502608
282960,1,2.3597714
282970,1,2.360040258
282980,1,2.360309124
282990,1,2.360578011
283000,1,2.360846915
283010,1,2.361115536
283020,1,2.361384468
283030,1,2.36165321
283040,1,2.361922038
283050,1,2.362190773
283060,1,2.362459384
283070,1,2.362728089
283080,1,2.362996932
283090,1,2.363265788
283100,1,2.363534101
283110,1,2.363802743
283120,1,2.364071655
283130,1,2.364340155
283140,1,2.364608967
283150,1,2.364877322
283160,1,2.365145796
283170,1,2.365414477
283180,1,2.365683052
283190,1,2.365951556
283200,1,2.366220155
283210,1,2.366488459
283220,1,2.366756745
283230,1,2.36702522
283240,1,2.367293735
283250,1,2.367562171
283260,1,2.367830677
283270,1,2.36809909
283280,1,2.3683674
283290,1,2.368635759
283300,1,2.368904015
283310,1,2.369172341
283320,1,2.369440727
283330,1,2.369708829
283340,1,2.369977176
283350,1,2.370245183
283360,1,2.370513602
283370,1,2.37078176
283380,1,2.371049897
283390,1,2.371318032
283400,1,2.37158608
283410,1,2.371854092
283420,1,2.372122225
283430,1,2.372390343
283440,1,2.372658362
283450,1,2.372926526
283460,1,2.37319429
283470,1,2.373462372
283480,1,2.373730415
283490,1,2.373998032
283500,1,2.37426612
283510,1,2.374533989
283520,1,2.374801777
283530,1,2.375069669
283540,1,2.375337339
283550,1,2.375605407
283560,1,2.375873069
283570,1,2.376140984
283580,1,2.37640868
283590,1,2.376676192
283600,1,2.376943961
283610,1,2.377211531
283620,1,2.377479212
283630,1,2.377746653
283640,1,2.378014302
283650,1,2.378281781
283660,1,2.378549327
283670,1,2.378816926
283680,1,2.379084534
283690,1,2.379351794
283700,1,2.379619214
283710,1,2.379886623
283720,1,2.380154069
283730,1,2.380421469
283740,1,2.380688849
283750,1,2.380955853
283760,1,2.381223266
283770,1,2.381490779
283780,1,2.38175793
283790,1,2.382025083
283800,1,2.38229211
283810,1,2.382559399
283820,1,2.382826494
283830,1,2.383093563
283840,1,2.383360873
283850,1,2.383627703
283860,1,2.383894514
283870,1,2.384161787
283880,1,2.384428584
283890,1,2.384695623
283900,1,2.384962549
283910,1,2.38522935
283920,1,2.385496264
283930,1,2.385762952
283940,1,2.386029835
283950,1,2.38629657
283960,1,2.386563197
283970,1,2.386830233
283980,1,2.387096716
283990,1,2.387363457
284000,1,2.387630022
284010,1,2.38789651
284020,1,2.388162853
284030,1,2.388429689
284040,1,2.388696103
284050,1,2.388962614
284060,1,2.389229098
284070,1,2.389495311
284080,1,2.389761774
284090,1,2.390028072
284100,1,2.390294402
284110,1,2.390560636
284120,1,2.39082713
284130,1,2.391093274
284140,1,2.391359521
284150,1,2.391625438
284160,1,2.391891532
284170,1,2.392158019
284180,1,2.392424064
284190,1,2.392690039
284200,1,2.392955826
284210,1,2.393221998
284220,1,2.39348782
284230,1,2.393753843
284240,1,2.39401957
284250,1,2.394285588
284260,1,2.394551389
284270,1,2.394817008
284280,1,2.395082911
284290,1,2.395348641
284300,1,2.395614335
284310,1,2.395880032
284320,1,2.396145421
284330,1,2.396411129
284340,1,2.39667649
284350,1,2.396942158
284360,1,2.397207473
284370,1,2.397472891
284380,1,2.397738188
284390,1,2.398003739
284400,1,2.398269351
284410,1,2.39853437
284420,1,2.398799678
284430,1,2.399064907
284440,1,2.39933008
284450,1,2.399595362
284460,1,2.399860261
284470,1,2.400125394
284480,1,2.400390282
284490,1,2.400655528
284500,1,2.400920396
284510,1,2.401185395
284520,1,2.40145037
284530,1,2.401715287
284540,1,2.401979992
284550,1,2.402244916
284560,1,2.40250955
284570,1,2.402774298
284580,1,2.403038945
284590,1,2.403303486
284600,1,2.403568359
284610,1,2.403832897
284620,1,2.404097195
284630,1,2.404361898
284640,1,2.404626434
284650,1,2.404890605
284660,1,2.405155008
284670,1,2.405419415
284680,1,2.405683739
284690,1,2.405947975
284700,1,2.4062121
284710,1,2.406476246
284720,1,2.406740401
284730,1,2.40700458
284740,1,2.407268543
284750,1,2.407532515
284760,1,2.407796461
284770,1,2.408060637
284780,1,2.408324507
284790,1,2.40858829
284800,1,2.408851992
284810,1,2.409115847
284820,1,2.409379601
284830,1,2.40964331
284840,1,2.409907003
284850,1,2.410170694
284860,1,2.410434323
284870,1,2.410697663
284880,1,2.410961302
284890,1,2.411224799
284900,1,2.411488011
284910,1,2.411751321
284920,1,2.412014772
284930,1,2.412278052
284940,1,2.412541414
284950,1,2.412804597
284960,1,2.41306774
284970,1,2.413330696
284980,1,2.413593802
284990,1,2.41385679
285000,1,2.414119823
285010,1,2.41438251
285020,1,2.41464555
285030,1,2.414908508
285040,1,2.415171412
285050,1,2.415434014
285060,1,2.41569678
285070,1,2.415959439
285080,1,2.416221923
285090,1,2.416484649
285100,1,2.416747191
285110,1,2.417009711
285120,1,2.417271922
285130,1,2.417534493
285140,1,2.417796626
285150,1,2.418059067
285160,1,2.418321545
285170,1,2.418583759
285180,1,2.418845851
285190,1,2.419108023
285200,1,2.419370007
285210,1,2.41963204
285220,1,2.419894005
285230,1,2.420156014
285240,1,2.420417808
285250,1,2.420679564
285260,1,2.420941506
285270,1,2.421203236
285280,1,2.421465091
285290,1,2.421726624
285300,1,2.42198828
285310,1,2.422249705
285320,1,2.422511332
285330,1,2.422772726
285340,1,2.42303406
285350,1,2.423295607
285360,1,2.423556906
285370,1,2.423818116
285380,1,2.424079582
285390,1,2.424340555
285400,1,2.424601597
285410,1,2.424862687
285420,1,2.425123757
285430,1,2.425384776
285440,1,2.425645853
285450,1,2.425906449
285460,1,2.426167398
285470,1,2.426428466
285480,1,2.426688991
285490,1,2.426949313
285500,1,2.427210132
285510,1,2.427470787
285520,1,2.427731189
285530,1,2.427991693
285540,1,2.428252189
285550,1,2.42851251
285560,1,2.428772716
285570,1,2.429033149
285580,1,2.429293315
285590,1,2.429553461
285600,1,2.429813887
285610,1,2.430073825
285620,1,2.430333729
285630,1,2.430593802
285640,1,2.43085362
285650,1,2.431113486
285660,1,2.431373234
285670,1,2.431632905
285680,1,2.431892895
285690,1,2.432152436
285700,1,2.432411798
285710,1,2.432671677
285720,1,2.432931014
285730,1,2.433190322
285740,1,2.43344976
285750,1,2.433708991
285760,1,2.433968261
285770,1,2.434227474
285780,1,2.434486658
285790,1,2.434745938
285800,1,2.435004996
285810,1,2.43526395
285820,1,2.43552281
285830,1,2.435781482
285840,1,2.436040531
285850,1,2.436299246
285860,1,2.436558148
285870,1,2.436816562
285880,1,2.437075184
285890,1,2.437334079
285900,1,2.437592211
285910,1,2.437850668
285920,1,2.438109051
285930,1,2.438367387
285940,1,2.438625765
285950,1,2.438884069
285960,1,2.439142256
285970,1,2.439399998
285980,1,2.439658075
285990,1,2.439916122
286000,1,2.440174124
286010,1,2.440432067
286020,1,2.440689619
286030,1,2.440947545
286040,1,2.441205365
286050,1,2.441462946
286060,1,2.441720462
286070,1,2.441977935
286080,1,2.442235375
286090,1,2.442492957
286100,1,2.442750408
286110,1,2.443007466
286120,1,2.443264686
286130,1,2.443521871
286140,1,2.443778924
286150,1,2.444036109
286160,1,2.444293059
286170,1,2.444550158
286180,1,2.444806956
286190,1,2.445063591
286200,1,2.445320344
286210,1,2.445577136
286220,1,2.445833825
286230,1,2.446090407
286240,1,2.446346775
286250,1,2.446603106
286260,1,2.446859491
286270,1,2.447115957
286280,1,2.447372294
286290,1,2.447628558
286300,1,2.447884644
286310,1,2.448140715
286320,1,2.448396665
286330,1,2.448652649
286340,1,2.448908679
286350,1,2.449164468
286360,1,2.449420106
286370,1,2.449675979
286380,1,2.449931482
286390,1,2.450187191
286400,1,2.450442638
286410,1,2.450698045
286420,1,2.450953272
286430,1,2.451208793
286440,1,2.45146414
286450,1,2.451719066
286460,1,2.451974531
286470,1,2.452229458
286480,1,2.452484533
286490,1,2.452739317
286500,1,2.452994349
286510,1,2.453249052
286520,1,2.453503747
286530,1,2.45375839
286540,1,2.45401313
286550,1,2.454267627
286560,1,2.45452228
286570,1,2.45477652
286580,1,2.455030905
286590,1,2.455285264
286600,1,2.455539731
286610,1,2.455793696
286620,1,2.456047928
286630,1,2.456301673
286640,1,2.456555741
286650,1,2.456809616
286660,1,2.457063452
286670,1,2.457317211
286680,1,2.457570968
286690,1,2.457824492
286700,1,2.458078351
286710,1,2.458331668
286720,1,2.45858503
286730,1,2.458838558
286740,1,2.45909176
286750,1,2.459345027
286760,1,2.459598228
286770,1,2.459851304
286780,1,2.460104074
286790,1,2.460357212
286800,1,2.460610094
286810,1,2.460863043
286820,1,2.461115604
286830,1,2.461368519
286840,1,2.461620936
286850,1,2.461873437
286860,1,2.462126068
286870,1,2.462378424
286880,1,2.462630765
286890,1,2.462882972
286900,1,2.463135238
286910,1,2.463387195
286920,1,2.463639228
286930,1,2.463891221
286940,1,2.464143357
286950,1,2.464395018
286960,1,2.464646987
286970,1,2.464898612
286980,1,2.465150162
286990,1,2.465401801
287000,1,2.465653288
287010,1,2.465904498
287020,1,2.466156052
287030,1,2.466407208
287040,1,2.466658483
287050,1,2.466909629
287060,1,2.467160495
287070,1,2.467411643
287080,1,2.467662686
287090,1,2.467913333
287100,1,2.468164417
287110,1,2.468414998
287120,1,2.468665653
287130,1,2.468916212
287140,1,2.469166698
287150,1,2.469417056
287160,1,2.469667451
287170,1,2.469917877
287180,1,2.47016787
287190,1,2.470418068
287200,1,2.470667962
287210,1,2.470918035
287220,1,2.471167869
287230,1,2.47141773
287240,1,2.47166756
287250,1,2.471917142
287260,1,2.472166684
287270,1,2.472416205
287280,1,2.472665573
287290,1,2.472915041
287300,1,2.473164214
287310,1,2.473413525
287320,1,2.473662854
287330,1,2.473911828
287340,1,2.47416071
287350,1,2.474409604
287360,1,2.474658716
287370,1,2.474907284
287380,1,2.475156086
287390,1,2.47540462
287400,1,2.475653162
287410,1,2.47590167
287420,1,2.476149816
287430,1,2.476398221
287440,1,2.476646411
287450,1,2.476894783
287460,1,2.477142486
287470,1,2.477390769
287480,1,2.477638724
287490,1,2.477886465
287500,1,2.478134412
287510,1,2.478382136
287520,1,2.4786297
287530,1,2.478877003
287540,1,2.479124541
287550,1,2.479372134
287560,1,2.479619246
287570,1,2.479866533
287580,1,2.480113689
287590,1,2.480360658
287600,1,2.480607659
287610,1,2.48085444
287620,1,2.4811014
287630,1,2.481348272
287640,1,2.481595021
287650,1,2.481841243
287660,1,2.482087792
287670,1,2.482334295
287680,1,2.482580678
287690,1,2.482827012
287700,1,2.483072988
287710,1,2.483319429
287720,1,2.483565255
287730,1,2.483811232
287740,1,2.484056977
287750,1,2.484302898
287760,1,2.484548411
287770,1,2.484794086
287780,1,2.485039734
287790,1,2.485285273
287800,1,2.485530323
287810,1,2.485775815
287820,1,2.486020831
287830,1,2.486266134
287840,1,2.486511161
287850,1,2.486755944
287860,1,2.48700084
287870,1,2.487245981
287880,1,2.487490427
287890,1,2.487735124
287900,1,2.487979594
287910,1,2.488224157
287920,1,2.488468383
287930,1,2.48871295
287940,1,2.488956983
287950,1,2.489201257
287960,1,2.489445103
287970,1,2.489689091
287980,1,2.48993305
287990,1,2.490176822
288000,1,2.490420588
288010,1,2.49066419
288020,1,2.490907423
288030,1,2.491151032
288040,1,2.491394454
288050,1,2.49163767
288060,1,2.49188082
288070,1,2.492123951
288080,1,2.492367089
288090,1,2.49261028
288100,1,2.492852824
288110,1,2.493095708
288120,1,2.493338404
288130,1,2.493581017
288140,1,2.493823411
288150,1,2.494065922
288160,1,2.494308219
288170,1,2.494550437
288180,1,2.494792539
288190,1,2.495034823
288200,1,2.495276733
288210,1,2.495518498
288220,1,2.495760523
288230,1,2.496002062
288240,1,2.49624372
288250,1,2.496485285
288260,1,2.496726646
288270,1,2.496968289
288280,1,2.497209255
288290,1,2.497450775
288300,1,2.497691811
288310,1,2.497932762
288320,1,2.498173696
288330,1,2.498414623
288340,1,2.498655489
288350,1,2.498896182
288360,1,2.499136554
288370,1,2.49937722
288380,1,2.499617534
288390,1,2.499857921
288400,1,2.500098157
288410,1,2.500338245
288420,1,2.50057844
288430,1,2.500818332
288440,1,2.501058077
288450,1,2.501297913
288460,1,2.50153763
288470,1,2.501777003
288480,1,2.502016422
288490,1,2.502256047
288500,1,2.502495328
288510,1,2.502734596
288520,1,2.502973664
288530,1,2.503212747
288540,1,2.503451604
288550,1,2.503690641
288560,1,2.503929512
288570,1,2.50416803
288580,1,2.50440654
288590,1,2.504645087
288600,1,2.504883532
288610,1,2.50512199
288620,1,2.505360037
288630,1,2.50559828
288640,1,2.505836306
288650,1,2.50607406
288660,1,2.506311884
288670,1,2.506549991
288680,1,2.506787479
288690,1,2.507025032
288700,1,2.50726251
288710,1,2.50749993
288720,1,2.50773728
288730,1,2.507974539
288740,1,2.508211403
288750,1,2.508448571
288760,1,2.508685328
288770,1,2.50892235
288780,1,2.509158948
288790,1,2.509395534
288800,1,2.509632107
288810,1,2.50986843
288820,1,2.510104894
288830,1,2.51034103
288840,1,2.510577179
288850,1,2.510813543
288860,1,2.511049214
288870,1,2.511285099
288880,1,2.511521009
288890,1,2.511756522
288900,1,2.51199205
288910,1,2.512227758
288920,1,2.512463021
288930,1,2.512698364
288940,1,2.512933799
288950,1,2.513168751
288960,1,2.513403661
288970,1,2.513638646
288980,1,2.513873445
288990,1,2.514108076
289000,1,2.514342808
289010,1,2.514577042
289020,1,2.514811804
289030,1,2.515045978
289040,1,2.515280282
289050,1,2.515514373
289060,1,2.515748373
289070,1,2.515982342
289080,1,2.516216229
289090,1,2.516449851
289100,1,2.516683423
289110,1,2.516917219
289120,1,2.517150564
289130,1,2.517383807
289140,1,2.517617137
289150,1,2.517850352
289160,1,2.518083215
289170,1,2.518316318
289180,1,2.518549024
289190,1,2.518781855
289200,1,2.519014291
289210,1,2.519246977
289220,1,2.519479346
289230,1,2.519711575
289240,1,2.519944063
289250,1,2.520176094
289260,1,2.520408162
289270,1,2.520640076
289280,1,2.520871949
289290,1,2.521103689
289300,1,2.521335369
289310,1,2.521566753
289320,1,2.521798337
289330,1,2.522029648
289340,1,2.522260724
289350,1,2.52249202
289360,1,2.522722974
289370,1,2.522954037
289380,1,2.523184796
289390,1,2.523415565
289400,1,2.523646087
289410,1,2.523876446
289420,1,2.524107022
289430,1,2.524337216
289440,1,2.524567512
289450,1,2.524797653
289460,1,2.525027695
289470,1,2.5252575
289480,1,2.525487416
289490,1,2.525717195
289500,1,2.525946579
289510,1,2.526175965
289520,1,2.526405705
289530,1,2.526634753
289540,1,2.526864068
289550,1,2.527093117
289560,1,2.527321999
289570,1,2.527551035
289580,1,2.527779598
289590,1,2.528008194
289600,1,2.528236766
289610,1,2.528465267
289620,1,2.528693668
289630,1,2.528921931
289640,1,2.529150134
289650,1,2.529378165
289660,1,2.5296059
289670,1,2.529833709
289680,1,2.530061363
289690,1,2.530288969
289700,1,2.530516615
289710,1,2.530743922
289720,1,2.530970974
289730,1,2.531198436
289740,1,2.531425298
289750,1,2.531652549
289760,1,2.531879349
289770,1,2.532106116
289780,1,2.532332524
289790,1,2.532559216
289800,1,2.532785667
289810,1,2.533012137
289820,1,2.533238338
289830,1,2.533464387
289840,1,2.533690308
289850,1,2.533916293
289860,1,2.534141976
289870,1,2.534367826
289880,1,2.534593003
289890,1,2.534818695
289900,1,2.535043805
289910,1,2.535269354
289920,1,2.53549444
289930,1,2.535719237
289940,1,2.535944223
289950,1,2.536168923
289960,1,2.53639397
289970,1,2.536618313
289980,1,2.536842757
289990,1,2.537067194
290000,1,2.537291527
290010,1,2.53751567
290020,1,2.537739724
290030,1,2.537963563
290040,1,2.538187473
290050,1,2.538411227
290060,1,2.538634815
290070,1,2.538858366
290080,1,2.539081695
290090,1,2.539304771
290100,1,2.539528062
290110,1,2.539751236
290120,1,2.53997405
290130,1,2.54019679
290140,1,2.540419661
290150,1,2.540642434
290160,1,2.540864796
290170,1,2.541087073
290180,1,2.541309325
290190,1,2.541531367
290200,1,2.541753349
290210,1,2.541975338
290220,1,2.542197247
290230,1,2.542418876
290240,1,2.542640658
290250,1,2.542862071
290260,1,2.543083559
290270,1,2.543304754
290280,1,2.543525855
290290,1,2.543746778
290300,1,2.543967686
290310,1,2.544188516
290320,1,2.54440931
290330,1,2.544630013
290340,1,2.544850308
290350,1,2.545070629
290360,1,2.545290942
290370,1,2.545511031
290380,1,2.545730743
290390,1,2.545950928
290400,1,2.546170839
290410,1,2.546390275
290420,1,2.546609829
290430,1,2.546829413
290440,1,2.547048612
290450,1,2.547267999
290460,1,2.547486986
290470,1,2.547705928
290480,1,2.547924818
290490,1,2.548143728
290500,1,2.548361982
290510,1,2.548580645
290520,1,2.548799121
290530,1,2.549017472
290540,1,2.549235433
290550,1,2.549453443
290560,1,2.54967172
290570,1,2.54988928
290580,1,2.550106917
290590,1,2.550324566
290600,1,2.550542034
290610,1,2.550759506
290620,1,2.550976598
290630,1,2.551194011
290640,1,2.551410983
290650,1,2.551627406
290660,1,2.55184414
290670,1,2.552061115
290680,1,2.552277485
290690,1,2.552493925
290700,1,2.552710239
290710,1,2.552926248
290720,1,2.553142439
290730,1,2.553358389
290740,1,2.553574147
290750,1,2.553789905
290760,1,2.554005728
290770,1,2.554220837
290780,1,2.554436483
290790,1,2.554651457
290800,1,2.554866589
290810,1,2.555081538
290820,1,2.555296503
290830,1,2.555511287
290840,1,2.555725844
290850,1,2.555940314
290860,1,2.556154828
290870,1,2.556368959
290880,1,2.556583264
290890,1,2.556797169
290900,1,2.557011105
290910,1,2.557225032
290920,1,2.557438459
290930,1,2.557652146
290940,1,2.557865491
290950,1,2.55807875
290960,1,2.558291997
290970,1,2.558505109
290980,1,2.558717929
290990,1,2.558931031
291000,1,2.5591437
291010,1,2.559356255
291020,1,2.559568511
291030,1,2.559780938
291040,1,2.559993148
291050,1,2.560205267
291060,1,2.560417205
291070,1,2.560628977
291080,1,2.560840804
291090,1,2.561052311
291100,1,2.561263978
291110,1,2.561475079
291120,1,2.561686402
291130,1,2.561897766
291140,1,2.562108466
291150,1,2.562319484
291160,1,2.562530145
291170,1,2.562740728
291180,1,2.562951291
291190,1,2.563161825
291200,1,2.563371714
291210,1,2.563582077
291220,1,2.563792208
291230,1,2.564002202
291240,1,2.564211729
291250,1,2.56442124
291260,1,2.564630755
291270,1,2.56484039
291280,1,2.565049428
291290,1,2.565258586
291300,1,2.565467609
291310,1,2.565676472
291320,1,2.565885253
291330,1,2.566093822
291340,1,2.566302287
291350,1,2.566510874
291360,1,2.566719005
291370,1,2.56692714
291380,1,2.567135244
291390,1,2.567343094
291400,1,2.567550845
291410,1,2.567758258
291420,1,2.567965938
291430,1,2.568173246
291440,1,2.568380671
291450,1,2.568587782
291460,1,2.56879462
291470,1,2.569001597
291480,1,2.569208327
291490,1,2.569414743
291500,1,2.569621245
291510,1,2.569827848
291520,1,2.570033847
291530,1,2.570239993
291540,1,2.570446213
291550,1,2.57065185
291560,1,2.570857619
291570,1,2.571063156
291580,1,2.571268687
291590,1,2.571474001
291600,1,2.571679228
291610,1,2.571884348
291620,1,2.572089226
291630,1,2.572294016
291640,1,2.572498863
291650,1,2.572703227
291660,1,2.572907797
291670,1,2.573112129
291680,1,2.573316156
291690,1,2.573520331
291700,1,2.573724303
291710,1,2.573928126
291720,1,2.57413167
291730,1,2.574335302
291740,1,2.574538763
291750,1,2.574741958
291760,1,2.574945115
291770,1,2.575148052
291780,1,2.575350884
291790,1,2.575553645
291800,1,2.575756322
291810,1,2.575958672
291820,1,2.576161238
291830,1,2.576363364
291840,1,2.576565617
291850,1,2.576767491
291860,1,2.576969381
291870,1,2.577171068
291880,1,2.577372763
291890,1,2.577574252
291900,1,2.577775493
291910,1,2.577976456
291920,1,2.578177604
291930,1,2.578378641
291940,1,2.578579403
291950,1,2.578780096
291960,1,2.578980367
291970,1,2.579180924
291980,1,2.579381057
291990,1,2.579581302
292000,1,2.579781137
292010,1,2.579981331
292020,1,2.580180918
292030,1,2.580380506
292040,1,2.580580015
292050,1,2.580779397
292060,1,2.580978623
292070,1,2.581177547
292080,1,2.581376342
292090,1,2.581575196
292100,1,2.581773839
292110,1,2.581972321
292120,1,2.582171085
292130,1,2.582369216
292140,1,2.582567437
292150,1,2.582765401
292160,1,2.582963204
292170,1,2.583160706
292180,1,2.583358502
292190,1,2.583555784
292200,1,2.583753239
292210,1,2.583950264
292220,1,2.584147438
292230,1,2.584344326
292240,1,2.58454111
292250,1,2.584737818
292260,1,2.584934302
292270,1,2.585130718
292280,1,2.585327045
292290,1,2.585523181
292300,1,2.585719261
292310,1,2.585914907
292320,1,2.586110657
292330,1,2.586306172
292340,1,2.586501661
292350,1,2.586696813
292360,1,2.586892002
292370,1,2.587087035
292380,1,2.587281762
292390,1,2.587476765
292400,1,2.58767137
292410,1,2.587865879
292420,1,2.588060203
292430,1,2.588254408
292440,1,2.588448433
292450,1,2.588642297
292460,1,2.588835963
292470,1,2.589029788
292480,1,2.589223222
292490,1,2.589416457
292500,1,2.589609881
292510,1,2.589803114
292520,1,2.589995776
292530,1,2.590188723
292540,1,2.590381468
292550,1,2.590573975
292560,1,2.590766463
292570,1,2.590958608
292580,1,2.591150808
292590,1,2.591342803
292600,1,2.591534481
292610,1,2.591726258
292620,1,2.591917969
292630,1,2.5921094
292640,1,2.592300333
292650,1,2.592491716
292660,1,2.592682796
292670,1,2.592873733
292680,1,2.593064409
292690,1,2.593254843
292700,1,2.593445271
292710,1,2.593635525
292720,1,2.593826098
292730,1,2.594015929
292740,1,2.594205728
292750,1,2.594395579
292760,1,2.594585188
292770,1,2.594774712
292780,1,2.594964098
292790,1,2.595153302
292800,1,2.595342217
292810,1,2.5955313
292820,1,2.595720126
292830,1,2.595908665
292840,1,2.596097061
292850,1,2.596285525
292860,1,2.596473537
292870,1,2.596661877
292880,1,2.596849755
292890,1,2.597037253
292900,1,2.597225151
292910,1,2.597412569
292920,1,2.59759988
292930,1,2.597787271
292940,1,2.597974078
292950,1,2.598161061
292960,1,2.598348043
292970,1,2.598534571
292980,1,2.598721123
292990,1,2.598907624
293000,1,2.599093573
293010,1,2.599279623
293020,1,2.599465737
293030,1,2.599651554
293040,1,2.599836953
293050,1,2.600022422
293060,1,2.600207958
293070,1,2.600392975
293080,1,2.600578032
293090,1,2.600762988
293100,1,2.600947776
293110,1,2.601132623
293120,1,2.601316985
293130,1,2.60150137
293140,1,2.601685539
293150,1,2.601869674
293160,1,2.602053694
293170,1,2.602237226
293180,1,2.602420973
293190,1,2.602604436
293200,1,2.60278788
293210,1,2.602971038
293220,1,2.603154001
293230,1,2.603336901
293240,1,2.603519536
293250,1,2.603702393
293260,1,2.603884668
293270,1,2.604067002
293280,1,2.604249156
293290,1,2.604431357
293300,1,2.604612986
293310,1,2.60479496
293320,1,2.604976508
293330,1,2.605157812
293340,1,2.605339156
293350,1,2.605520245
293360,1,2.605701365
293370,1,2.605882071
293380,1,2.606063018
293390,1,2.60624364
293400,1,2.606423853
293410,1,2.606604181
293420,1,2.60678439
293430,1,2.60696421
293440,1,2.607144107
293450,1,2.607323852
293460,1,2.607503377
293470,1,2.607682605
293480,1,2.607862048
293490,1,2.60804115
293500,1,2.608219885
293510,1,2.608398759
293520,1,2.608577319
293530,1,2.608755954
293540,1,2.608934205
293550,1,2.609112312
293560,1,2.609290393
293570,1,2.609468305
293580,1,2.609646235
293590,1,2.609823785
293600,1,2.61000125
293610,1,2.61017845
293620,1,2.610355575
293630,1,2.610532664
293640,1,2.610709473
293650,1,2.610886379
293660,1,2.611062886
293670,1,2.611239336
293680,1,2.611415479
293690,1,2.611591404
293700,1,2.61176764
293710,1,2.611943452
293720,1,2.612119146
293730,1,2.612294591
293740,1,2.612469895
293750,1,2.612645211
293760,1,2.612820398
293770,1,2.612995003
293780,1,2.61316987
293790,1,2.613344536
293800,1,2.613519086
293810,1,2.613693142
293820,1,2.613867431
293830,1,2.614041579
293840,1,2.61421536
293850,1,2.61438896
293860,1,2.614562537
293870,1,2.614735965
293880,1,2.614909288
293890,1,2.615082338
293900,1,2.615255253
293910,1,2.615427913
293920,1,2.615600716
293930,1,2.615773184
293940,1,2.61594559
293950,1,2.616117891
293960,1,2.616289855
293970,1,2.616461684
293980,1,2.616633448
293990,1,2.616805014
294000,1,2.616976624
294010,1,2.61714773
294020,1,2.617318832
294030,1,2.617489633
294040,1,2.617660737
294050,1,2.617831215
294060,1,2.618001677
294070,1,2.618172056
294080,1,2.618342362
294090,1,2.618512608
294100,1,2.618682393
294110,1,2.618851969
294120,1,2.61902181
294130,1,2.619191131
294140,1,2.619360274
294150,1,2.61952948
294160,1,2.619698291
294170,1,2.619867191
294180,1,2.620035771
294190,1,2.620204553
294200,1,2.620372887
294210,1,2.620540822
294220,1,2.620709001
294230,1,2.620876934
294240,1,2.621044774
294250,1,2.621212231
294260,1,2.621379774
294270,1,2.621546808
294280,1,2.621714016
294290,1,2.621881065
294300,1,2.622047783
294310,1,2.622214505
294320,1,2.622381032
294330,1,2.622547278
294340,1,2.622713542
294350,1,2.62287954
294360,1,2.623045523
294370,1,2.623211112
294380,1,2.623376608
294390,1,2.623542334
294400,1,2.62370738
294410,1,2.623872397
294420,1,2.624037289
294430,1,2.624202174
294440,1,2.624366653
294450,1,2.624531366
294460,1,2.624695655
294470,1,2.624859663
294480,1,2.625023805
294490,1,2.625187738
294500,1,2.625351358
294510,1,2.625514689
294520,1,2.625678011
294530,1,2.625841481
294540,1,2.626004422
294550,1,2.626167446
294560,1,2.62633009
294570,1,2.626492737
294580,1,2.626655051
294590,1,2.626817359
294600,1,2.626979687
294610,1,2.627141363
294620,1,2.627303119
294630,1,2.62746484
294640,1,2.627626446
294650,1,2.6277876
294660,1,2.627948863
294670,1,2.62810973
294680,1,2.628270546
294690,1,2.628431295
294700,1,2.628591768
294710,1,2.628752096
294720,1,2.6289124
294730,1,2.629072329
294740,1,2.629232299
294750,1,2.629392217
294760,1,2.629551749
294770,1,2.629711013
294780,1,2.629870161
294790,1,2.630029359
294800,1,2.630188352
294810,1,2.630347057
294820,1,2.630505681
294830,1,2.630664061
294840,1,2.63082239
294850,1,2.630980472
294860,1,2.631138558
294870,1,2.631296284
294880,1,2.631453873
294890,1,2.631611422
294900,1,2.63176862
294910,1,2.631925972
294920,1,2.632082918
294930,1,2.632239919
294940,1,2.632396549
294950,1,2.632553128
294960,1,2.632709304
294970,1,2.632865593
294980,1,2.633021636
294990,1,2.633177592
295000,1,2.633333244
295010,1,2.633488574
295020,1,2.633644342
295030,1,2.633799326
295040,1,2.633954418
295050,1,2.634109466
295060,1,2.634264039
295070,1,2.634418538
295080,1,2.634573209
295090,1,2.634727342
295100,1,2.634881497
295110,1,2.63503521
295120,1,2.635189087
295130,1,2.635342777
295140,1,2.635496195
295150,1,2.63564927
295160,1,2.63580254
295170,1,2.635955607
295180,1,2.636108546
295190,1,2.636260904
295200,1,2.636413428
295210,1,2.636565864
295220,1,2.636717926
295230,1,2.636869921
295240,1,2.63702159
295250,1,2.637173566
295260,1,2.637324953
295270,1,2.637476179
295280,1,2.637627352
295290,1,2.637778435
295300,1,2.637929138
295310,1,2.638080026
295320,1,2.638230391
295330,1,2.638380737
295340,1,2.638530992
295350,1,2.638680831
295360,1,2.638830651
295370,1,2.638980434
295380,1,2.639129978
295390,1,2.639279434
295400,1,2.639428468
295410,1,2.639577513
295420,1,2.639726454
295430,1,2.639875086
295440,1,2.640023472
295450,1,2.640171995
295460,1,2.640320159
295470,1,2.640468272
295480,1,2.640616084
295490,1,2.640763852
295500,1,2.6409113
295510,1,2.641058868
295520,1,2.641205891
295530,1,2.641352942
295540,1,2.641499826
295550,1,2.641646551
295560,1,2.641793236
295570,1,2.641939446
295580,1,2.642085624
295590,1,2.642231656
295600,1,2.642377646
295610,1,2.642523269
295620,1,2.642668892
295630,1,2.642814209
295640,1,2.642959598
295650,1,2.643104473
295660,1,2.643249302
295670,1,2.643393848
295680,1,2.643538565
295690,1,2.643683005
295700,1,2.643827061
295710,1,2.643971195
295720,1,2.644115238
295730,1,2.644258877
295740,1,2.644402424
295750,1,2.644545838
295760,1,2.644688981
295770,1,2.644831909
295780,1,2.644974781
295790,1,2.645117634
295800,1,2.645260282
295810,1,2.645402265
295820,1,2.6455448
295830,1,2.645686641
295840,1,2.645828746
295850,1,2.645970132
295860,1,2.6461119
295870,1,2.646253355
295880,1,2.646394405
295890,1,2.646535381
295900,1,2.646676314
295910,1,2.646817105
295920,1,2.646957594
295930,1,2.647097617
295940,1,2.647237915
295950,1,2.647377916
295960,1,2.647517781
295970,1,2.647657566
295980,1,2.6477971
295990,1,2.647936379
296000,1,2.648075466
296010,1,2.648214546
296020,1,2.648353456
296030,1,2.64849184
296040,1,2.648630464
296050,1,2.648768693
296060,1,2.648906917
296070,1,2.649044824
296080,1,2.64918277
296090,1,2.649320337
296100,1,2.649457863
296110,1,2.649595386
296120,1,2.649732263
296130,1,2.649869038
296140,1,2.650005815
296150,1,2.650142536
296160,1,2.650278971
296170,1,2.650415223
296180,1,2.650551375
296190,1,2.650687309
296200,1,2.65082305
296210,1,2.650958719
296220,1,2.651094047
296230,1,2.651229248
296240,1,2.65136431
296250,1,2.651499422
296260,1,2.651633924
296270,1,2.651768517
296280,1,2.651902942
296290,1,2.652037335
296300,1,2.65217136
296310,1,2.652304927
296320,1,2.652438789
296330,1,2.652572267
296340,1,2.652705693
296350,1,2.65283875
296360,1,2.652971743
296370,1,2.653104626
296380,1,2.653237358
296390,1,2.653369916
296400,1,2.653501974
296410,1,2.653634261
296420,1,2.653766117
296430,1,2.653898074
296440,1,2.654029554
296450,1,2.65416131
296460,1,2.654292443
296470,1,2.654423776
296480,1,2.654554557
296490,1,2.654685197
296500,1,2.654815998
296510,1,2.654946343
296520,1,2.655076655
296530,1,2.655206643
296540,1,2.65533663
296550,1,2.655466371
296560,1,2.655595841
296570,1,2.655725314
296580,1,2.655854415
296590,1,2.655983545
296600,1,2.656112493
296610,1,2.656241044
296620,1,2.656369765
296630,1,2.656497695
296640,1,2.656626252
296650,1,2.656753953
296660,1,2.65688191
296670,1,2.657009312
296680,1,2.657136876
296690,1,2.657264241
296700,1,2.657391429
296710,1,2.657518344
296720,1,2.657644999
296730,1,2.657771521
296740,1,2.657898083
296750,1,2.658024375
296760,1,2.658150396
296770,1,2.65827627
296780,1,2.658402152
296790,1,2.65852749
296800,1,2.658653022
296810,1,2.658778344
296820,1,2.658903049
296830,1,2.659028029
296840,1,2.659152683
296850,1,2.659277274
296860,1,2.659401493
296870,1,2.659525771
296880,1,2.659649515
296890,1,2.659773257
296900,1,2.659897128
296910,1,2.660020509
296920,1,2.66014366
296930,1,2.660266674
296940,1,2.660389765
296950,1,2.660512429
296960,1,2.66063505
296970,1,2.660757286
296980,1,2.660879398
296990,1,2.661001565
297000,1,2.661123581
297010,1,2.661245228
297020,1,2.661366744
297030,1,2.661487984
297040,1,2.661609164
297050,1,2.661730072
297060,1,2.661850917
297070,1,2.661971438
297080,1,2.662092001
297090,1,2.662212116
297100,1,2.662332124
297110,1,2.662452153
297120,1,2.66257188
297130,1,2.662691358
297140,1,2.66281087
297150,1,2.662930112
297160,1,2.66304915
297170,1,2.663167855
297180,1,2.663286565
297190,1,2.663405244
297200,1,2.66352339
297210,1,2.663641637
297220,1,2.663759497
297230,1,2.663877226
297240,1,2.663994684
297250,1,2.664112273
297260,1,2.664229477
297270,1,2.664346591
297280,1,2.664463459
297290,1,2.664580074
297300,1,2.664696674
297310,1,2.664812914
297320,1,2.664928874
297330,1,2.665045085
297340,1,2.665160959
297350,1,2.665276349
297360,1,2.665392055
297370,1,2.665507222
297380,1,2.665622421
297390,1,2.665737141
297400,1,2.665852122
297410,1,2.66596651
297420,1,2.66608121
297430,1,2.666195281
297440,1,2.666309142
297450,1,2.666422894
297460,1,2.666536775
297470,1,2.666650223
297480,1,2.666763436
297490,1,2.666876723
297500,1,2.666989684
297510,1,2.667102378
297520,1,2.667215066
297530,1,2.667327255
297540,1,2.667439517
297550,1,2.667551523
297560,1,2.667663503
297570,1,2.667775126
297580,1,2.667886608
297590,1,2.667997939
297600,1,2.668108921
297610,1,2.668220013
297620,1,2.668330963
297630,1,2.668441394
297640,1,2.668551857
297650,1,2.668662122
297660,1,2.668771958
297670,1,2.668882148
297680,1,2.668991885
297690,1,2.669101248
297700,1,2.669210593
297710,1,2.669319736
297720,1,2.669428633
297730,1,2.669537593
297740,1,2.669645924
297750,1,2.669754475
297760,1,2.669862891
297770,1,2.669970911
297780,1,2.670078728
297790,1,2.670186322
297800,1,2.670293966
297810,1,2.670401335
297820,1,2.670508545
297830,1,2.670615363
297840,1,2.67072213
297850,1,2.670828746
297860,1,2.670935257
297870,1,2.671041491
297880,1,2.671147523
297890,1,2.671253394
297900,1,2.671359105
297910,1,2.671464439
297920,1,2.67157006
297930,1,2.671675249
297940,1,2.671780135
297950,1,2.671884973
297960,1,2.671989555
297970,1,2.672094027
297980,1,2.672198186
297990,1,2.672302295
298000,1,2.672406189
298010,1,2.672509615
298020,1,2.672613499
298030,1,2.672716691
298040,1,2.672819759
298050,1,2.672922737
298060,1,2.673025634
298070,1,2.673128039
298080,1,2.673230345
298090,1,2.673332757
298100,1,2.673434759
298110,1,2.67353679
298120,1,2.673638442
298130,1,2.673739908
298140,1,2.673841268
298150,1,2.673942201
298160,1,2.674043371
298170,1,2.674144077
298180,1,2.674244626
298190,1,2.674344982
298200,1,2.674445309
298210,1,2.674545213
298220,1,2.674644992
298230,1,2.674744886
298240,1,2.674844121
298250,1,2.674943559
298260,1,2.675042633
298270,1,2.675141518
298280,1,2.675240227
298290,1,2.675339045
298300,1,2.675437436
298310,1,2.67553531
298320,1,2.675633473
298330,1,2.675731261
298340,1,2.675828831
298350,1,2.675926366
298360,1,2.676023705
298370,1,2.676120778
298380,1,2.676217615
298390,1,2.676314326
298400,1,2.676410792
298410,1,2.676507319
298420,1,2.676603226
298430,1,2.676699354
298440,1,2.676794938
298450,1,2.676890709
298460,1,2.676986117
298470,1,2.677081198
298480,1,2.677176217
298490,1,2.677271202
298500,1,2.677366013
298510,1,2.677460383
298520,1,2.67755474
298530,1,2.677648812
298540,1,2.677742628
298550,1,2.677836244
298560,1,2.677930046
298570,1,2.678023396
298580,1,2.678116697
298590,1,2.678209598
298600,1,2.678302351
298610,1,2.678394928
298620,1,2.678487453
298630,1,2.678579663
298640,1,2.678671807
298650,1,2.67876366
298660,1,2.678855458
298670,1,2.67894676
298680,1,2.679038117
298690,1,2.679129336
298700,1,2.67922019
298710,1,2.679311062
298720,1,2.679401524
298730,1,2.679492148
298740,1,2.679582295
298750,1,2.679672222
298760,1,2.6797621
298770,1,2.679851636
298780,1,2.679941316
298790,1,2.680030305
298800,1,2.680119704
298810,1,2.68020845
298820,1,2.680297218
298830,1,2.680385801
298840,1,2.680474064
298850,1,2.68056209
298860,1,2.680650141
298870,1,2.680737918
298880,1,2.680825576
298890,1,2.680912969
298900,1,2.680999973
298910,1,2.681087188
298920,1,2.681173947
298930,1,2.681260677
298940,1,2.681347091
298950,1,2.681433451
298960,1,2.681519485
298970,1,2.681605337
298980,1,2.681691159
298990,1,2.681776436
299000,1,2.681861907
299010,1,2.681947236
299020,1,2.68203205
299030,1,2.682116742
299040,1,2.682201508
299050,1,2.682285749
299060,1,2.682370069
299070,1,2.682454105
299080,1,2.682537978
299090,1,2.682621461
299100,1,2.682704926
299110,1,2.682788315
299120,1,2.682871314
299130,1,2.682954254
299140,1,2.683037145
299150,1,2.683119453
299160,1,2.683201706
299170,1,2.683283834
329770,4,2.260931093
329780,4,2.260970508
329790,4,2.26100824
329800,4,2.261046494
329810,4,2.261086073
329820,4,2.261126185
329830,4,2.261165335
329840,4,2.261202944
329850,4,2.261244299
329860,4,2.261281245
329870,4,2.261321038
329880,4,2.261362008
329890,4,2.261399877
329900,4,2.26143883
329910,4,2.261477652
329920,4,2.261518093
329930,4,2.26155611
329940,4,2.26159679
329950,4,2.261633941
329960,4,2.261675895
329970,4,2.261715652
329980,4,2.261753514
329990,4,2.261792051
330000,4,2.261833525
330010,4,2.261871761
330020,4,2.2619134
330030,4,2.261952571
330040,4,2.261992656
330050,4,2.262031688
330060,4,2.262070971
330070,4,2.262111922
330080,4,2.26215122
330090,4,2.262190561
330100,4,2.262231689
330110,4,2.262270876
330120,4,2.2623097
330130,4,2.262350139
330140,4,2.262389916
330150,4,2.262429887
330160,4,2.262468497
330170,4,2.262511239
330180,4,2.262550267
330190,4,2.26258972
330200,4,2.262630749
330210,4,2.262672499
330220,4,2.262711762
330230,4,2.262750498
330240,4,2.262790516
330250,4,2.262830308
330260,4,2.262873116
330270,4,2.262910229
330280,4,2.262953177
330290,4,2.262993066
330300,4,2.263035693
330310,4,2.263074319
330320,4,2.263115279
330330,4,2.263156303
330340,4,2.263195194
330350,4,2.263237558
330360,4,2.263278098
330370,4,2.263316434
330380,4,2.263359552
330390,4,2.263400557
330400,4,2.263440703
330410,4,2.263481918
330420,4,2.263522414
330430,4,2.263561804
330440,4,2.263603118
330450,4,2.263644621
330460,4,2.263683302
330470,4,2.263726279
330480,4,2.26376773
330490,4,2.263806211
330500,4,2.263849694
330510,4,2.263889001
330520,4,2.263928769
330530,4,2.263971027
330540,4,2.264013014
330550,4,2.264055893
330560,4,2.264095744
330570,4,2.264136706
330580,4,2.264178046
330590,4,2.264217821
330600,4,2.264260347
330610,4,2.264301144
330620,4,2.264342141
330630,4,2.264384402
330640,4,2.264426404
330650,4,2.264465474
330660,4,2.26450822
330670,4,2.264551507
330680,4,2.264591703
330690,4,2.264631945
330700,4,2.264673283
330710,4,2.26471541
330720,4,2.264757388
330730,4,2.264798079
330740,4,2.264842051
330750,4,2.264880028
330760,4,2.264924425
330770,4,2.264965414
330780,4,2.265007657
330790,4,2.265049018
330800,4,2.265092382
330810,4,2.265132389
330820,4,2.265173191
330830,4,2.265216756
330840,4,2.26525986
330850,4,2.265299522
330860,4,2.265343148
330870,4,2.265385212
330880,4,2.265426593
330890,4,2.265468737
330900,4,2.26551171
330910,4,2.265553149
330920,4,2.265594351
330930,4,2.265637032
330940,4,2.265678797
330950,4,2.265720976
330960,4,2.265762324
330970,4,2.265807278
330980,4,2.265847889
330990,4,2.265891416
331000,4,2.265932794
331010,4,2.265975009
331020,4,2.266017461
331030,4,2.266061413
331040,4,2.266103484
331050,4,2.266146529
331060,4,2.266189031
331070,4,2.266232284
331080,4,2.266273311
331090,4,2.266316225
331100,4,2.266358353
331110,4,2.266401361
331120,4,2.2664426
331130,4,2.266486113
331140,4,2.266529121
331150,4,2.26657233
331160,4,2.26661599
331170,4,2.266658563
331180,4,2.266700453
331190,4,2.266741723
331200,4,2.266785707
331210,4,2.266828495
331220,4,2.266870867
331230,4,2.266914746
331240,4,2.266958433
331250,4,2.267000624
331260,4,2.267043364
331270,4,2.267085129
331280,4,2.267128496
331290,4,2.267172335
331300,4,2.267215122
331310,4,2.267258301
331320,4,2.267301234
331330,4,2.267344135
331340,4,2.267388249
331350,4,2.267430772
331360,4,2.267474984
331370,4,2.267518902
331380,4,2.267562488
331390,4,2.267603725
331400,4,2.267648075
331410,4,2.267691868
331420,4,2.26773517
331430,4,2.267779303
331440,4,2.267823898
331450,4,2.267866344
331460,4,2.267909736
331470,4,2.267951757
331480,4,2.267998165
331490,4,2.26804147
331500,4,2.268085187
331510,4,2.268127983
331520,4,2.268171312
331530,4,2.268215857
331540,4,2.268259543
331550,4,2.268304081
331560,4,2.26834716
331570,4,2.268390409
331580,4,2.268434033
331590,4,2.268479688
331600,4,2.268522194
331610,4,2.268566437
331620,4,2.268609664
331630,4,2.268653969
331640,4,2.268697852
331650,4,2.268742121
331660,4,2.268784886
331670,4,2.268830575
331680,4,2.268874365
331690,4,2.26891939
331700,4,2.268962504
331710,4,2.269007759
331720,4,2.269050902
331730,4,2.269093684
331740,4,2.269140372
331750,4,2.269184442
331760,4,2.269229807
331770,4,2.269271028
331780,4,2.269317466
331790,4,2.269361703
331800,4,2.269405588
331810,4,2.269450635
331820,4,2.269493335
331830,4,2.269539386
331840,4,2.269584479
331850,4,2.269627614
331860,4,2.269674145
331870,4,2.26971873
331880,4,2.269763093
331890,4,2.26980676
331900,4,2.269850995
331910,4,2.269896937
331920,4,2.269940247
331930,4,2.269985617
331940,4,2.270030368
331950,4,2.270074678
331960,4,2.270120153
331970,4,2.270162957
331980,4,2.270207992
331990,4,2.270254781
332000,4,2.270299322
332010,4,2.270344577
332020,4,2.270389164
332030,4,2.270433013
332040,4,2.270478659
332050,4,2.270524951
332060,4,2.270566856
332070,4,2.270613175
332080,4,2.270657886
332090,4,2.270704308
332100,4,2.270748139
332110,4,2.270794527
332120,4,2.270839495
332130,4,2.270885278
332140,4,2.270929591
332150,4,2.270975421
332160,4,2.271020627
332170,4,2.271066546
332180,4,2.271112158
332190,4,2.271155514
332200,4,2.271203081
332210,4,2.271247077
332220,4,2.271293172
332230,4,2.271337289
332240,4,2.271382976
332250,4,2.271430337
332260,4,2.271473299
332270,4,2.27151959
332280,4,2.271565016
332290,4,2.271611993
332300,4,2.271656719
332310,4,2.271702704
332320,4,2.271747992
332330,4,2.271794401
332340,4,2.271840497
332350,4,2.271884813
332360,4,2.271931433
332370,4,2.271977432
332380,4,2.27202244
332390,4,2.272069242
332400,4,2.272113208
332410,4,2.272158273
332420,4,2.272206286
332430,4,2.272252958
332440,4,2.272296627
332450,4,2.272344918
332460,4,2.272391161
332470,4,2.272436382
332480,4,2.272481423
332490,4,2.272529405
332500,4,2.272574544
332510,4,2.272619072
332520,4,2.272665768
332530,4,2.272711299
332540,4,2.272759148
332550,4,2.272803661
332560,4,2.272851777
332570,4,2.272897377
332580,4,2.272943745
332590,4,2.272991967
332600,4,2.273035772
332610,4,2.273083356
332620,4,2.273129328
332630,4,2.273174714
332640,4,2.273223882
332650,4,2.273269473
332660,4,2.273313539
332670,4,2.273359323
332680,4,2.273407719
332690,4,2.273454227
332700,4,2.27349816
332710,4,2.27354874
332720,4,2.273594361
332730,4,2.273639591
332740,4,2.273686745
332750,4,2.27373275
332760,4,2.273781218
332770,4,2.273827857
332780,4,2.273874267
332790,4,2.273918649
332800,4,2.273966872
332810,4,2.274016223
332820,4,2.274061919
332830,4,2.274106042
332840,4,2.274152297
332850,4,2.274202106
332860,4,2.274247687
332870,4,2.274293945
332880,4,2.274341695
332890,4,2.274389258
332900,4,2.274435932
332910,4,2.27448378
332920,4,2.274528856
332930,4,2.274577284
332940,4,2.274622086
332950,4,2.274671735
332960,4,2.274718451
332970,4,2.274765417
332980,4,2.274811802
332990,4,2.274859051
333000,4,2.274906236
333010,4,2.274954779
333020,4,2.275000687
333030,4,2.275046888
333040,4,2.275094541
333050,4,2.275141373
333060,4,2.275190248
333070,4,2.275236564
333080,4,2.275283638
333090,4,2.275332957
333100,4,2.275378663
333110,4,2.275425872
333120,4,2.27547459
333130,4,2.275522841
333140,4,2.275568393
333150,4,2.275618409
333160,4,2.275663152
333170,4,2.275711648
333180,4,2.275757912
333190,4,2.275807201
333200,4,2.275855153
333210,4,2.275903357
333220,4,2.275950471
333230,4,2.275998492
333240,4,2.276046581
333250,4,2.276092382
333260,4,2.276140373
333270,4,2.276188965
333280,4,2.276234759
333290,4,2.276284432
333300,4,2.276332223
333310,4,2.276379024
333320,4,2.276428084
333330,4,2.276475952
333340,4,2.276523185
333350,4,2.276572384
333360,4,2.276618344
333370,4,2.276668905
333380,4,2.276713047
333390,4,2.276762782
333400,4,2.276811581
333410,4,2.276858501
333420,4,2.276905571
333430,4,2.276953679
333440,4,2.277004236
333450,4,2.27705125
333460,4,2.277099601
333470,4,2.277147156
333480,4,2.2771969
333490,4,2.277245622
333500,4,2.277290435
333510,4,2.277339308
333520,4,2.277390591
333530,4,2.277437199
333540,4,2.277487417
333550,4,2.277534441
333560,4,2.277582686
333570,4,2.277632578
333580,4,2.277679823
333590,4,2.277727449
333600,4,2.277775938
333610,4,2.27782543
333620,4,2.277873502
333630,4,2.277921647
333640,4,2.277969201
333650,4,2.27801844
333660,4,2.27806733
333670,4,2.278114325
333680,4,2.278163391
333690,4,2.278213352
333700,4,2.278262018
333710,4,2.278309384
333720,4,2.278358723
333730,4,2.278407049
333740,4,2.278456482
333750,4,2.27850466
333760,4,2.278552159
333770,4,2.278600713
333780,4,2.278649801
333790,4,2.278699653
333800,4,2.278748157
333810,4,2.278796024
333820,4,2.278846921
333830,4,2.278894121
333840,4,2.278944571
333850,4,2.278993355
333860,4,2.279042351
333870,4,2.279088867
333880,4,2.279141074
333890,4,2.279189758
333900,4,2.279237322
333910,4,2.279287198
333920,4,2.279336021
333930,4,2.279385476
333940,4,2.279433826
333950,4,2.279482774
333960,4,2.279532423
333970,4,2.279581772
333980,4,2.279630492
333990,4,2.279678975
334000,4,2.279728003
334010,4,2.279775996
334020,4,2.279827442
334030,4,2.279874871
334040,4,2.279923488
334050,4,2.279974193
334060,4,2.28002335
334070,4,2.280073236
334080,4,2.28012369
334090,4,2.280170965
334100,4,2.280222951
334110,4,2.280270834
334120,4,2.280320383
334130,4,2.280369989
334140,4,2.28041974
334150,4,2.280469
334160,4,2.280519154
334170,4,2.280568597
334180,4,2.280617893
334190,4,2.280669027
334200,4,2.28071587
334210,4,2.280765637
334220,4,2.280816556
334230,4,2.280864351
334240,4,2.280915037
334250,4,2.280963768
334260,4,2.28101386
334270,4,2.281063565
334280,4,2.281116043
334290,4,2.281163854
334300,4,2.281213057
334310,4,2.281262599
334320,4,2.281312287
334330,4,2.281362539
334340,4,2.281412592
334350,4,2.281462456
334360,4,2.281512237
334370,4,2.281563049
334380,4,2.281612702
334390,4,2.281661622
334400,4,2.281711438
334410,4,2.281760269
334420,4,2.281813254
334430,4,2.281863604
334440,4,2.281912737
334450,4,2.281960233
334460,4,2.282012674
334470,4,2.282061586
334480,4,2.282111304
334490,4,2.282159675
334500,4,2.282212218
334510,4,2.282261992
334520,4,2.2823121
334530,4,2.282362565
334540,4,2.282413328
334550,4,2.282463397
334560,4,2.282514125
334570,4,2.282562596
334580,4,2.282613663
334590,4,2.282663186
334600,4,2.282713299
334610,4,2.282762886
334620,4,2.282813611
334630,4,2.282863313
334640,4,2.282914571
334650,4,2.28296328
334660,4,2.28301433
334670,4,2.283066268
334680,4,2.283118379
334690,4,2.283168318
334700,4,2.283218289
334710,4,2.283267597
334720,4,2.283318606
334730,4,2.283368883
334740,4,2.283421878
334750,4,2.283468332
334760,4,2.283520556
334770,4,2.283570728
334780,4,2.283622421
334790,4,2.283672815
334800,4,2.283722494
334810,4,2.28377292
334820,4,2.283824803
334830,4,2.283873596
334840,4,2.283926061
334850,4,2.283974589
334860,4,2.284025954
334870,4,2.284077118
334880,4,2.284127345
334890,4,2.284180418
334900,4,2.284229196
334910,4,2.284281896
334920,4,2.284331795
334930,4,2.284383003
334940,4,2.284433065
334950,4,2.284484065
334960,4,2.284536569
334970,4,2.284586418
334980,4,2.284635987
334990,4,2.284688413
335000,4,2.28473654
335010,4,2.284787669
335020,4,2.284840977
335030,4,2.284892147
335040,4,2.284941185
335050,4,2.284993336
335060,4,2.285043184
335070,4,2.285097492
335080,4,2.285148506
335090,4,2.285198583
335100,4,2.285247746
335110,4,2.285300446
335120,4,2.285350993
335130,4,2.285403987
335140,4,2.285454772
335150,4,2.285506205
335160,4,2.285554217
335170,4,2.28560748
335180,4,2.285658729
335190,4,2.285708918
335200,4,2.285758471
335210,4,2.285812475
335220,4,2.285864867
335230,4,2.285914642
335240,4,2.285966652
335250,4,2.28601678
335260,4,2.286067127
335270,4,2.28612152
335280,4,2.286171228
335290,4,2.286223004
335300,4,2.286274899
335310,4,2.286324952
335320,4,2.286377662
335330,4,2.286429085
335340,4,2.286479035
335350,4,2.286529403
335360,4,2.286583997
335370,4,2.286632894
335380,4,2.286686265
335390,4,2.286736494
335400,4,2.286790545
335410,4,2.286839585
335420,4,2.286890331
335430,4,2.286944419
335440,4,2.286994363
335450,4,2.287046502
335460,4,2.287098939
335470,4,2.287150702
335480,4,2.287201013
335490,4,2.287253043
335500,4,2.287306697
335510,4,2.287356634
335520,4,2.287408864
335530,4,2.287459973
335540,4,2.287510597
335550,4,2.287564539
335560,4,2.28761395
335570,4,2.28766895
335580,4,2.287720756
335590,4,2.287772074
335600,4,2.28782409
335610,4,2.287875642
335620,4,2.287927521
335630,4,2.28797886
335640,4,2.288031799
335650,4,2.288082798
335660,4,2.288133733
335670,4,2.28818768
335680,4,2.288238635
335690,4,2.288290612
335700,4,2.288341038
335710,4,2.288394845
335720,4,2.288446479
335730,4,2.288497347
335740,4,2.288549843
335750,4,2.288601385
335760,4,2.288654175
335770,4,2.288705594
335780,4,2.288758206
335790,4,2.288810038
335800,4,2.288863727
335810,4,2.288913986
335820,4,2.288966675
335830,4,2.28901723
335840,4,2.289071947
335850,4,2.289123801
335860,4,2.289176197
335870,4,2.289228079
335880,4,2.289279544
335890,4,2.289330888
335900,4,2.289384772
335910,4,2.289436854
335920,4,2.289490731
335930,4,2.289541672
335940,4,2.28959255
335950,4,2.289646083
335960,4,2.289698673
335970,4,2.289751787
335980,4,2.289804505
335990,4,2.289855997
336000,4,2.289907992
336010,4,2.289961477
336020,4,2.290011638
336030,4,2.290061976
336040,4,2.290116273
336050,4,2.290170999
336060,4,2.290223055
336070,4,2.290275742
336080,4,2.290325687
336090,4,2.290380066
336100,4,2.290432735
336110,4,2.290487513
336120,4,2.290536281
336130,4,2.290590423
336140,4,2.2906426
336150,4,2.290694616
336160,4,2.290746698
336170,4,2.290800799
336180,4,2.290854379
336190,4,2.290904758
336200,4,2.290958797
336210,4,2.291010635
336220,4,2.291064078
336230,4,2.291116412
336240,4,2.291169925
336250,4,2.291220483
336260,4,2.291275275
336270,4,2.291326472
336280,4,2.291381229
336290,4,2.291433345
336300,4,2.291486305
336310,4,2.291538798
336320,4,2.291592605
336330,4,2.291643788
336340,4,2.291698454
336350,4,2.291749659
336360,4,2.291800898
336370,4,2.291854938
336380,4,2.291908565
336390,4,2.291961769
336400,4,2.292013457
336410,4,2.292069182
336420,4,2.292119551
336430,4,2.292173299
336440,4,2.292224637
336450,4,2.292276935
336460,4,2.292331563
336470,4,2.292382346
336480,4,2.292438169
336490,4,2.292489319
336500,4,2.292543195
336510,4,2.292597737
336520,4,2.292648842
336530,4,2.292702989
336540,4,2.292755929
336550,4,2.29281018
336560,4,2.292862599
336570,4,2.292913336
336580,4,2.292967642
336590,4,2.293020042
336600,4,2.293073927
336610,4,2.293126848
336620,4,2.293180786
336630,4,2.293232891
336640,4,2.293288741
336650,4,2.293337641
336660,4,2.293392588
336670,4,2.293446274
336680,4,2.293499494
336690,4,2.293552874
336700,4,2.293603594
336710,4,2.293658784
336720,4,2.293710231
336730,4,2.293763852
336740,4,2.293818843
336750,4,2.293872583
336760,4,2.293926602
336770,4,2.293978465
336780,4,2.294031382
336790,4,2.29408336
336800,4,2.294136554
336810,4,2.294191648
336820,4,2.29424466
336830,4,2.294299588
336840,4,2.294350598
336850,4,2.294403802
336860,4,2.294458582
336870,4,2.294513191
336880,4,2.294566116
336890,4,2.294616952
336900,4,2.294671911
336910,4,2.29472443
336920,4,2.294778316
336930,4,2.294832634
336940,4,2.294887986
336950,4,2.294938211
336960,4,2.294993075
336970,4,2.29504862
336980,4,2.295100137
336990,4,2.295152684
337000,4,2.29520712
337010,4,2.295260047
337020,4,2.295313679
337030,4,2.29536883
337040,4,2.295420773
337050,4,2.295476165
337060,4,2.295529037
337070,4,2.295582556
337080,4,2.295636482
337090,4,2.295687773
337100,4,2.29574362
337110,4,2.29579605
337120,4,2.29585037
337130,4,2.295902938
337140,4,2.295957501
337150,4,2.296012601
337160,4,2.296065255
337170,4,2.296119202
337180,4,2.296173829
337190,4,2.296227874
337200,4,2.296281521
337210,4,2.296333381
337220,4,2.296385661
337230,4,2.296443052
337240,4,2.29649486
337250,4,2.296550079
337260,4,2.296603423
337270,4,2.296656215
337280,4,2.296709285
337290,4,2.296765396
337300,4,2.296818967
337310,4,2.296871754
337320,4,2.296927343
337330,4,2.296978347
337340,4,2.297033899
337350,4,2.297087267
337360,4,2.297141169
337370,4,2.297195248
337380,4,2.297248446
337390,4,2.297303802
337400,4,2.297357097
337410,4,2.297411971
337420,4,2.29746373
337430,4,2.297517304
337440,4,2.29757366
337450,4,2.297627705
337460,4,2.297681229
337470,4,2.29773386
337480,4,2.297788379
337490,4,2.297843107
337500,4,2.297896535
337510,4,2.297951317
337520,4,2.298005564
337530,4,2.29805812
337540,4,2.29811179
337550,4,2.298165339
337560,4,2.298220522
337570,4,2.298273398
337580,4,2.298327707
337590,4,2.298383029
337600,4,2.298436537
337610,4,2.298491284
337620,4,2.298543667
337630,4,2.298599245
337640,4,2.298652518
337650,4,2.298707959
337660,4,2.298761826
337670,4,2.298816251
337680,4,2.298870154
337690,4,2.298923686
337700,4,2.298977162
337710,4,2.299033292
337720,4,2.299086054
337730,4,2.299140148
337740,4,2.299194781
337750,4,2.299248606
337760,4,2.299302354
337770,4,2.299356949
337780,4,2.299411367
337790,4,2.299464491
337800,4,2.299520694
337810,4,2.299575175
337820,4,2.299627103
337830,4,2.299682088
337840,4,2.299739033
337850,4,2.299792371
337860,4,2.299846167
337870,4,2.299900721
337880,4,2.299953765
337890,4,2.300009433
337900,4,2.300062143
337910,4,2.300118746
337920,4,2.300171424
337930,4,2.300224611
337940,4,2.300279594
337950,4,2.300336282
337960,4,2.300390061
337970,4,2.300443642
337980,4,2.30049878
337990,4,2.300552108
338000,4,2.300607077
338010,4,2.300660206
338020,4,2.300715189
338030,4,2.300768249
338040,4,2.300823053
338050,4,2.300879486
338060,4,2.300932064
338070,4,2.300986284
338080,4,2.301042713
338090,4,2.301095279
338100,4,2.301152919
338110,4,2.301205131
338120,4,2.301259146
338130,4,2.301314112
338140,4,2.30136739
338150,4,2.301424191
338160,4,2.30147733
338170,4,2.301532973
338180,4,2.301586544
338190,4,2.30164147
338200,4,2.301694961
338210,4,2.301750595
338220,4,2.301804972
338230,4,2.301859946
338240,4,2.301915589
338250,4,2.301967503
338260,4,2.302023686
338270,4,2.302078294
338280,4,2.302132329
338290,4,2.30218671
338300,4,2.302241678
338310,4,2.302296302
338320,4,2.302350647
338330,4,2.302404744
338340,4,2.302458887
338350,4,2.302513542
338360,4,2.302570371
338370,4,2.302623712
338380,4,2.302678514
338390,4,2.302733225
338400,4,2.302788497
338410,4,2.302842526
338420,4,2.30289659
338430,4,2.302951244
338440,4,2.30300525
338450,4,2.303061442
338460,4,2.30311558
338470,4,2.303170457
338480,4,2.30322588
338490,4,2.303280238
338500,4,2.303336852
338510,4,2.30338909
338520,4,2.303444463
338530,4,2.303497462
338540,4,2.303552326
338550,4,2.30360869
338560,4,2.303664436
338570,4,2.303717864
338580,4,2.303772222
338590,4,2.303826634
338600,4,2.303882951
338610,4,2.303935658
338620,4,2.303990412
338630,4,2.304046844
338640,4,2.304099398
338650,4,2.304157084
338660,4,2.304211303
338670,4,2.304266547
338680,4,2.304318742
338690,4,2.304373809
338700,4,2.30443065
338710,4,2.304484483
338720,4,2.304538896
338730,4,2.304594781
338740,4,2.304648604
338750,4,2.304705146
338760,4,2.304758025
338770,4,2.304811925
338780,4,2.304867102
338790,4,2.304922039
338800,4,2.304978362
338810,4,2.305031777
338820,4,2.305087159
338830,4,2.305142699
338840,4,2.305196034
338850,4,2.305252388
338860,4,2.305306417
338870,4,2.305361443
338880,4,2.305416628
338890,4,2.305471755
338900,4,2.305525877
338910,4,2.305581891
338920,4,2.30563621
338930,4,2.305691511
338940,4,2.30574698
338950,4,2.305800962
338960,4,2.305856436
338970,4,2.305910247
338980,4,2.30596778
338990,4,2.306020415
339000,4,2.306075786
339010,4,2.306131334
339020,4,2.30618551
339030,4,2.306242222
339040,4,2.306296119
339050,4,2.306351343
339060,4,2.306405314
339070,4,2.306460292
339080,4,2.306516113
339090,4,2.306571743
339100,4,2.306623618
339110,4,2.30668248
339120,4,2.306735385
339130,4,2.306791851
339140,4,2.306845706
339150,4,2.306899082
339160,4,2.306956485
339170,4,2.307010473
339180,4,2.307064665
339190,4,2.307120452
339200,4,2.307176518
339210,4,2.30722968
339220,4,2.307286875
339230,4,2.307339737
339240,4,2.307394372
339250,4,2.307451178
339260,4,2.307506135
339270,4,2.307563343
339280,4,2.307618046
339290,4,2.307669975
339300,4,2.307725355
339310,4,2.307779909
339320,4,2.307835369
339330,4,2.307888709
339340,4,2.307947693
339350,4,2.308001316
339360,4,2.308056181
339370,4,2.308111376
339380,4,2.308165998
339390,4,2.30822277
339400,4,2.308277001
339410,4,2.308331142
339420,4,2.308385497
339430,4,2.308439806
339440,4,2.308498784
339450,4,2.308551213
339460,4,2.308606594
339470,4,2.308661008
339480,4,2.308717736
339490,4,2.308772432
339500,4,2.308827323
339510,4,2.308882357
339520,4,2.308938644
339530,4,2.308993414
339540,4,2.309047004
339550,4,2.309102489
339560,4,2.309156803
339570,4,2.309213126
339580,4,2.309267761
339590,4,2.309323909
339600,4,2.309379306
339610,4,2.309432167
339620,4,2.309489013
339630,4,2.309544461
339640,4,2.309598855
339650,4,2.309653955
339660,4,2.309709864
339670,4,2.309764634
339680,4,2.309817753
339690,4,2.309875556
339700,4,2.309930284
339710,4,2.309984385
339720,4,2.310040655
339730,4,2.310095022
339740,4,2.310150172
339750,4,2.310207212
339760,4,2.3102601
339770,4,2.310318179
339780,4,2.310372789
339790,4,2.310425723
339800,4,2.310481509
339810,4,2.310536754
339820,4,2.310593688
339830,4,2.310645525
339840,4,2.310702242
339850,4,2.31075797
339860,4,2.310812726
339870,4,2.310865505
339880,4,2.310922288
339890,4,2.310976125
339900,4,2.311031862
339910,4,2.311086298
339920,4,2.311141217
339930,4,2.311196239
339940,4,2.311254088
339950,4,2.311310396
339960,4,2.31136407
339970,4,2.311418508
339980,4,2.311475142
339990,4,2.311526961
340000,4,2.311584885
340010,4,2.311638856
340020,4,2.311694915
340030,4,2.311749721
340040,4,2.311804742
340050,4,2.311859644
340060,4,2.311914362
340070,4,2.31197091
340080,4,2.312027515
340090,4,2.312080568
340100,4,2.312135672
340110,4,2.312191692
340120,4,2.312245273
340130,4,2.312301457
340140,4,2.312356842
340150,4,2.312411109
340160,4,2.312468241
340170,4,2.312523898
340180,4,2.312578428
340190,4,2.312631657
340200,4,2.312687056
340210,4,2.312742988
340220,4,2.312799256
340230,4,2.312853675
340240,4,2.312907688
340250,4,2.312962625
340260,4,2.313018492
340270,4,2.313073418
340280,4,2.313128037
340290,4,2.313185618
340300,4,2.313240408
340310,4,2.313294345
340320,4,2.313350271
340330,4,2.313405146
340340,4,2.313460814
340350,4,2.313516809
340360,4,2.313569523
340370,4,2.313626889
340380,4,2.313682202
340390,4,2.313736531
340400,4,2.313790741
340410,4,2.313846206
340420,4,2.31390124
340430,4,2.313957364
340440,4,2.314013215
340450,4,2.314066957
340460,4,2.314121111
340470,4,2.314178451
340480,4,2.314232832
340490,4,2.314288834
340500,4,2.314342746
340510,4,2.314398896
340520,4,2.314452468
340530,4,2.314509936
340540,4,2.31456482
340550,4,2.314619134
340560,4,2.314673909
340570,4,2.314730582
340580,4,2.314785617
340590,4,2.314840867
340600,4,2.314894334
340610,4,2.314949791
340620,4,2.31500513
340630,4,2.315060821
340640,4,2.315116479
340650,4,2.31517083
340660,4,2.315226055
340670,4,2.315281662
340680,4,2.315337604
340690,4,2.315392286
340700,4,2.315444713
340710,4,2.315502574
340720,4,2.315556071
340730,4,2.315613512
340740,4,2.315668497
340750,4,2.315723428
340760,4,2.315778632
340770,4,2.315833568
340780,4,2.315886741
340790,4,2.315942842
340800,4,2.315998382
340810,4,2.316052523
340820,4,2.316107287
340830,4,2.316165169
340840,4,2.316217758
340850,4,2.316273485
340860,4,2.316327646
340870,4,2.316385097
340880,4,2.316439699
340890,4,2.316492353
340900,4,2.316549086
340910,4,2.316603933
340920,4,2.316659635
340930,4,2.316713144
340940,4,2.316771211
340950,4,2.316823548
340960,4,2.316881346
340970,4,2.316934964
340980,4,2.316989818
340990,4,2.317045698
341000,4,2.317100859
341010,4,2.31715697
341020,4,2.317212093
341030,4,2.317267192
341040,4,2.317319653
341050,4,2.31737518
341060,4,2.317432197
341070,4,2.317485369
341080,4,2.317540961
341090,4,2.317597966
341100,4,2.317652153
341110,4,2.317706842
341120,4,2.317761837
341130,4,2.317817711
341140,4,2.317870006
341150,4,2.317926178
341160,4,2.317981957
341170,4,2.318035215
341180,4,2.318090798
341190,4,2.318148368
341200,4,2.318204127
341210,4,2.31825808
341220,4,2.318313996
341230,4,2.318366765
341240,4,2.318422596
341250,4,2.318476915
341260,4,2.318531899
341270,4,2.318586004
341280,4,2.318640892
341290,4,2.318697589
341300,4,2.318750299
341310,4,2.318806832
341320,4,2.318862856
341330,4,2.318915548
341340,4,2.318972084
341350,4,2.319025704
341360,4,2.31908281
341370,4,2.319137349
341380,4,2.319193154
341390,4,2.31924701
341400,4,2.319303086
341410,4,2.319354664
341420,4,2.319412244
341430,4,2.31946604
341440,4,2.319523479
341450,4,2.319577781
341460,4,2.319631521
341470,4,2.319686839
341480,4,2.319740681
341490,4,2.319793621
341500,4,2.319851561
341510,4,2.319905986
341520,4,2.319961726
341530,4,2.320016994
341540,4,2.320072218
341550,4,2.32012521
341560,4,2.320181446
341570,4,2.320235984
341580,4,2.320292005
341590,4,2.320344532
341600,4,2.320400794
341610,4,2.320455029
341620,4,2.320510499
341630,4,2.320566358
341640,4,2.320619737
341650,4,2.320675034
341660,4,2.320729432
341670,4,2.320785072
341680,4,2.32084148
341690,4,2.320897297
341700,4,2.320950384
341710,4,2.321005582
341720,4,2.321060127
341730,4,2.321114263
341740,4,2.321167822
341750,4,2.321225747
341760,4,2.321278853
341770,4,2.321334446
341780,4,2.321390247
341790,4,2.321442826
341800,4,2.321497794
341810,4,2.321552879
341820,4,2.321610298
341830,4,2.321663138
341840,4,2.321714214
341850,4,2.321770791
341860,4,2.321826692
341870,4,2.321880511
341880,4,2.321936095
341890,4,2.321991047
341900,4,2.32204688
341910,4,2.322101097
341920,4,2.322157064
341930,4,2.322210459
341940,4,2.322264882
341950,4,2.322322758
341960,4,2.322374925
341970,4,2.322428422
341980,4,2.322485339
341990,4,2.322538988
342000,4,2.322593354
342010,4,2.322648369
342020,4,2.322703982
342030,4,2.322759262
342040,4,2.322811383
342050,4,2.322867652
342060,4,2.322921139
342070,4,2.322975978
342080,4,2.323030419
342090,4,2.323086568
342100,4,2.323140075
342110,4,2.323193397
342120,4,2.323250478
342130,4,2.323303681
342140,4,2.323359492
342150,4,2.323413532
342160,4,2.323466866
342170,4,2.323523728
342180,4,2.323578377
342190,4,2.323632952
342200,4,2.323685148
342210,4,2.323741051
342220,4,2.32379607
342230,4,2.323849395
342240,4,2.323906018
342250,4,2.323958965
342260,4,2.324013757
342270,4,2.324068259
342280,4,2.324122514
342290,4,2.324179174
342300,4,2.324233844
342310,4,2.324286637
342320,4,2.324340414
342330,4,2.324396124
342340,4,2.324448698
342350,4,2.324505538
342360,4,2.324559257
342370,4,2.324615934
342380,4,2.324668216
342390,4,2.324722916
342400,4,2.324775839
342410,4,2.324831477
342420,4,2.324886403
342430,4,2.324941129
342440,4,2.324994274
342450,4,2.325049508
342460,4,2.325104864
342470,4,2.325157858
342480,4,2.325213856
342490,4,2.325267713
342500,4,2.325320208
342510,4,2.325375068
342520,4,2.325431802
342530,4,2.325483723
342540,4,2.325539701
342550,4,2.325592908
342560,4,2.325648547
342570,4,2.325702168
342580,4,2.325757527
342590,4,2.325812459
342600,4,2.325865541
342610,4,2.325920355
342620,4,2.325974662
342630,4,2.326029984
342640,4,2.326082229
342650,4,2.326137816
342660,4,2.326191389
342670,4,2.326245555
342680,4,2.326300655
342690,4,2.326355365
342700,4,2.326410615
342710,4,2.326463354
342720,4,2.326514786
342730,4,2.326573106
342740,4,2.326626008
342750,4,2.3266784
342760,4,2.326734
342770,4,2.326787715
342780,4,2.326842172
342790,4,2.326894887
342800,4,2.32695162
342810,4,2.327005974
342820,4,2.327060401
342830,4,2.327112858
342840,4,2.327167421
342850,4,2.327222989
342860,4,2.327276465
342870,4,2.327329342
342880,4,2.327383898
342890,4,2.327438695
342900,4,2.327492306
342910,4,2.327546789
342920,4,2.327601434
342930,4,2.327654653
342940,4,2.327709149
342950,4,2.32776174
342960,4,2.327817212
342970,4,2.3278715
342980,4,2.327923241
342990,4,2.327979036
343000,4,2.328033868
343010,4,2.328087484
343020,4,2.32814203
343030,4,2.328195046
343040,4,2.328249328
343050,4,2.328303224
343060,4,2.328356569
343070,4,2.328412964
343080,4,2.328464774
343090,4,2.328518226
343100,4,2.328571308
343110,4,2.32862435
343120,4,2.328681434
343130,4,2.328736615
343140,4,2.32879042
343150,4,2.328843552
343160,4,2.328896703
343170,4,2.32895081
343180,4,2.329002799
343190,4,2.329057961
343200,4,2.329112564
343210,4,2.329165196
343220,4,2.329218064
343230,4,2.32927297
343240,4,2.329326599
343250,4,2.329378347
343260,4,2.329434199
343270,4,2.329486666
343280,4,2.329543842
343290,4,2.329596663
343300,4,2.329649991
343310,4,2.329705895
343320,4,2.329758017
343330,4,2.329810015
343340,4,2.329865087
343350,4,2.329917896
343360,4,2.329973335
343370,4,2.330026212
343380,4,2.330078173
343390,4,2.330133943
343400,4,2.330187503
343410,4,2.330240933
343420,4,2.330292785
343430,4,2.33034784
343440,4,2.330400399
343450,4,2.33045629
343460,4,2.330510196
343470,4,2.330562759
343480,4,2.33061798
343490,4,2.330668739
343500,4,2.330721748
343510,4,2.330775968
343520,4,2.330829386
343530,4,2.330881823
343540,4,2.330937303
343550,4,2.330991248
343560,4,2.33104342
343570,4,2.331099063
343580,4,2.331151556
343590,4,2.33120181
343600,4,2.331257637
343610,4,2.331311815
343620,4,2.331364643
343630,4,2.331417942
343640,4,2.33147066
343650,4,2.33152517
343660,4,2.331576536
343670,4,2.331631236
343680,4,2.331684785
343690,4,2.331740086
343700,4,2.331792685
343710,4,2.331846464
343720,4,2.331897374
343730,4,2.331951055
343740,4,2.332004771
343750,4,2.332059352
343760,4,2.332113555
343770,4,2.332164554
343780,4,2.332218745
343790,4,2.332270539
343800,4,2.332324205
343810,4,2.332377739
343820,4,2.332431775
343830,4,2.332483804
343840,4,2.332537939
343850,4,2.332590723
343860,4,2.332644666
343870,4,2.332698413
343880,4,2.332752375
343890,4,2.332802975
343900,4,2.332854249
343910,4,2.332909395
343920,4,2.332963465
343930,4,2.333015113
343940,4,2.33306916
343950,4,2.333123211
343960,4,2.33317523
343970,4,2.333226758
343980,4,2.33328052
343990,4,2.333333286
344000,4,2.333387327
344010,4,2.333441834
344020,4,2.333492512
344030,4,2.3335479
344040,4,2.333598807
344050,4,2.33365168
344060,4,2.33370613
344070,4,2.333757543
344080,4,2.333813389
344090,4,2.333864021
344100,4,2.333917934
344110,4,2.33396953
344120,4,2.334021928
344130,4,2.334075068
344140,4,2.334127826
344150,4,2.334183639
344160,4,2.334233234
344170,4,2.334285156
344180,4,2.334341344
344190,4,2.334392788
344200,4,2.334444633
344210,4,2.3344973
344220,4,2.334550342
344230,4,2.334603295
344240,4,2.334655728
344250,4,2.334709461
344260,4,2.334763159
344270,4,2.334814649
344280,4,2.334867827
344290,4,2.334920551
344300,4,2.3349711
344310,4,2.335026003
344320,4,2.33507767
344330,4,2.335131764
344340,4,2.335182445
344350,4,2.335236323
344360,4,2.335287404
344370,4,2.335339564
344380,4,2.335393638
344390,4,2.335446019
344400,4,2.335498876
344410,4,2.33555281
344420,4,2.335604671
344430,4,2.335656774
344440,4,2.33570806
344450,4,2.335762002
344460,4,2.335812632
344470,4,2.335866234
344480,4,2.335916359
344490,4,2.335971621
344500,4,2.336023328
344510,4,2.336076301
344520,4,2.336127984
344530,4,2.33618073
344540,4,2.336230847
344550,4,2.336286146
344560,4,2.336336425
344570,4,2.336391162
344580,4,2.3364409
344590,4,2.336495305
344600,4,2.336545556
344610,4,2.336599938
344620,4,2.336651626
344630,4,2.336702706
344640,4,2.336755442
344650,4,2.336809997
344660,4,2.336860079
344670,4,2.336914048
344680,4,2.336965881
344690,4,2.337016972
344700,4,2.337068347
344710,4,2.337122308
344720,4,2.337173209
344730,4,2.33722652
344740,4,2.337276633
344750,4,2.33732851
344760,4,2.337381108
344770,4,2.337433407
344780,4,2.337487029
344790,4,2.337538692
344800,4,2.337589924
344810,4,2.337641622
344820,4,2.337694212
344830,4,2.337747801
344840,4,2.33779637
344850,4,2.337850828
344860,4,2.337901014
344870,4,2.33795437
344880,4,2.338006138
344890,4,2.338057145
344900,4,2.33810873
344910,4,2.3381616
344920,4,2.338213617
344930,4,2.338266395
344940,4,2.338317384
344950,4,2.338368795
344960,4,2.33841952
344970,4,2.338473218
344980,4,2.338522734
344990,4,2.338575367
345000,4,2.338628089
345010,4,2.338680348
345020,4,2.338729239
345030,4,2.338783971
345040,4,2.338834911
345050,4,2.338882941
345060,4,2.338937847
345070,4,2.338988008
345080,4,2.339039577
345090,4,2.339090773
345100,4,2.339144571
345110,4,2.33919562
345120,4,2.339246872
345130,4,2.339299164
345140,4,2.339348964
345150,4,2.339401433
345160,4,2.339454048
345170,4,2.339505587
345180,4,2.339556174
345190,4,2.339608012
345200,4,2.33966071
345210,4,2.339710352
345220,4,2.339761657
345230,4,2.339813902
345240,4,2.339864229
345250,4,2.33991773
345260,4,2.339966176
345270,4,2.340018228
345280,4,2.340069787
345290,4,2.340120162
345300,4,2.340171857
345310,4,2.340224645
345320,4,2.340274325
345330,4,2.34032807
345340,4,2.340376789
345350,4,2.340429758
345360,4,2.340479716
345370,4,2.340530106
345380,4,2.340583574
345390,4,2.340633087
345400,4,2.340687013
345410,4,2.340736672
345420,4,2.340787514
345430,4,2.340837651
345440,4,2.340888618
345450,4,2.340939546
345460,4,2.34099029
345470,4,2.341042934
345480,4,2.341092117
345490,4,2.341142703
345500,4,2.341193525
345510,4,2.341245694
345520,4,2.341294973
345530,4,2.341348286
345540,4,2.341398713
345550,4,2.341450134
345560,4,2.341501335
345570,4,2.341551301
345580,4,2.341602597
345590,4,2.341653422
345600,4,2.341704328
345610,4,2.341757516
345620,4,2.34180494
345630,4,2.341855432
345640,4,2.341907011
345650,4,2.341955612
345660,4,2.342009834
345670,4,2.342058426
345680,4,2.342110817
345690,4,2.342161155
345700,4,2.342210869
345710,4,2.342261599
345720,4,2.342311811
345730,4,2.342365039
345740,4,2.342413422
345750,4,2.342462291
345760,4,2.342514148
345770,4,2.342566726
345780,4,2.342613546
345790,4,2.342666621
345800,4,2.34271571
345810,4,2.342766098
345820,4,2.34281743
345830,4,2.342867319
345840,4,2.342919005
345850,4,2.34296842
345860,4,2.343018994
345870,4,2.343069253
345880,4,2.343120255
345890,4,2.343170834
345900,4,2.343219323
345910,4,2.3432706
345920,4,2.343321369
345930,4,2.343371952
345940,4,2.343422155
345950,4,2.343472985
345960,4,2.343523068
345970,4,2.343572033
345980,4,2.343621793
345990,4,2.343670559
346000,4,2.343722811
346010,4,2.343772159
346020,4,2.34382339
346030,4,2.343872334
346040,4,2.343923521
346050,4,2.343972382
346060,4,2.344023406
346070,4,2.344073582
346080,4,2.344121302
346090,4,2.344173964
346100,4,2.344222182
346110,4,2.34427329
346120,4,2.344323959
346130,4,2.344372465
346140,4,2.344421847
346150,4,2.344471086
346160,4,2.344524195
346170,4,2.344571385
346180,4,2.344622772
346190,4,2.344671239
346200,4,2.344724525
346210,4,2.344770416
346220,4,2.344821509
346230,4,2.344872553
346240,4,2.344920625
346250,4,2.34497049
346260,4,2.345019851
346270,4,2.345068251
346280,4,2.34512095
346290,4,2.345170012
346300,4,2.345220161
346310,4,2.345270063
346320,4,2.345317766
346330,4,2.345369559
346340,4,2.345416809
346350,4,2.345464661
346360,4,2.345515576
346370,4,2.345565185
346380,4,2.345613512
346390,4,2.34566498
346400,4,2.34571431
346410,4,2.3457629
346420,4,2.345814506
346430,4,2.345860796
346440,4,2.345912864
346450,4,2.345962351
346460,4,2.346010826
346470,4,2.346058663
346480,4,2.346108119
346490,4,2.346158227
346500,4,2.346207778
346510,4,2.346256288
346520,4,2.346305908
346530,4,2.346355137
346540,4,2.346404438
346550,4,2.346453051
346560,4,2.346501896
346570,4,2.346548964
346580,4,2.34660097
346590,4,2.34664818
346600,4,2.346700579
346610,4,2.346747852
346620,4,2.34679737
346630,4,2.346845372
346640,4,2.346893995
346650,4,2.346945189
346660,4,2.346993076
346670,4,2.347043085
346680,4,2.347090631
346690,4,2.347138988
346700,4,2.34718771
346710,4,2.347238112
346720,4,2.347285026
346730,4,2.347336303
346740,4,2.347383602
346750,4,2.347431514
346760,4,2.34748376
346770,4,2.347528941
346780,4,2.347577953
346790,4,2.347627003
346800,4,2.347675988
346810,4,2.347723251
346820,4,2.347772168
346830,4,2.34782226
346840,4,2.347869568
346850,4,2.347920136
346860,4,2.347967005
346870,4,2.348014499
346880,4,2.348062761
346890,4,2.348112149
346900,4,2.348161133
346910,4,2.348210607
346920,4,2.348259402
346930,4,2.348305847
346940,4,2.348355492
346950,4,2.348401904
346960,4,2.348451204
346970,4,2.348499484
346980,4,2.348549895
346990,4,2.348596641
347000,4,2.348643607
347010,4,2.348692126
347020,4,2.348742855
347030,4,2.348788657
347040,4,2.348840271
347050,4,2.348887429
347060,4,2.348935238
347070,4,2.34898254
347080,4,2.349028743
347090,4,2.349079628
347100,4,2.349126781
347110,4,2.349174144
347120,4,2.349222344
347130,4,2.349269755
347140,4,2.349317476
347150,4,2.349368156
347160,4,2.349412695
347170,4,2.349463088
347180,4,2.349508204
347190,4,2.349558539
347200,4,2.34960529
347210,4,2.349653505
347220,4,2.349702616
347230,4,2.349750213
347240,4,2.349798178
347250,4,2.349844561
347260,4,2.349893359
347270,4,2.349941047
347280,4,2.349990135
347290,4,2.350037422
347300,4,2.350084009
347310,4,2.350134115
347320,4,2.350179044
347330,4,2.35022736
347340,4,2.350275247
347350,4,2.350322156
347360,4,2.350368899
347370,4,2.350417395
347380,4,2.350463809
347390,4,2.350511496
347400,4,2.350559355
347410,4,2.350607482
347420,4,2.350655619
347430,4,2.350701317
347440,4,2.35074996
347450,4,2.350795519
347460,4,2.350844009
347470,4,2.350891498
347480,4,2.350937515
347490,4,2.350984785
347500,4,2.351034146
347510,4,2.351079806
347520,4,2.351126276
347530,4,2.351173787
347540,4,2.351219749
347550,4,2.351269343
347560,4,2.351314574
347570,4,2.35136264
347580,4,2.351408792
347590,4,2.351456432
347600,4,2.35150251
347610,4,2.351550379
347620,4,2.351596466
347630,4,2.351644703
347640,4,2.351691412
347650,4,2.351737527
347660,4,2.351787515
347670,4,2.351832883
347680,4,2.351878164
347690,4,2.35192567
347700,4,2.351975298
347710,4,2.352018425
347720,4,2.352065822
347730,4,2.352114572
347740,4,2.352158093
347750,4,2.352206572
347760,4,2.352254036
347770,4,2.352299421
347780,4,2.352345222
347790,4,2.352392423
347800,4,2.352441218
347810,4,2.352486106
347820,4,2.352533976
347830,4,2.352579013
347840,4,2.352624657
347850,4,2.352672347
347860,4,2.352718458
347870,4,2.352764567
347880,4,2.352811907
347890,4,2.35285696
347900,4,2.352904452
347910,4,2.352951802
347920,4,2.352995989
347930,4,2.353043498
347940,4,2.353086276
347950,4,2.353135499
347960,4,2.353182184
347970,4,2.353227397
347980,4,2.35327247
347990,4,2.353321038
348000,4,2.353365062
348010,4,2.353411625
348020,4,2.353459292
348030,4,2.353505958
348040,4,2.353549789
348050,4,2.353598061
348060,4,2.353642987
348070,4,2.353687196
348080,4,2.353734822
348090,4,2.353780647
348100,4,2.353826341
348110,4,2.353871812
348120,4,2.353918111
348130,4,2.35396423
348140,4,2.354009412
348150,4,2.354056155
348160,4,2.354101854
348170,4,2.354148321
348180,4,2.354193093
348190,4,2.354236343
348200,4,2.354282967
348210,4,2.35432805
348220,4,2.354374922
348230,4,2.354421452
348240,4,2.354466644
348250,4,2.354512516
348260,4,2.354557495
348270,4,2.354604713
348280,4,2.354648368
348290,4,2.354694294
348300,4,2.35474009
348310,4,2.354785921
348320,4,2.354829104
348330,4,2.354877876
348340,4,2.354919775
348350,4,2.354965755
348360,4,2.355009881
348370,4,2.35505618
348380,4,2.35510139
348390,4,2.355148086
348400,4,2.355191095
348410,4,2.355235923
348420,4,2.355282939
348430,4,2.355325975
348440,4,2.355371037
348450,4,2.355417636
348460,4,2.355463717
348470,4,2.355508558
348480,4,2.355550546
348490,4,2.355599386
348500,4,2.355642874
348510,4,2.355688995
348520,4,2.355732326
348530,4,2.355777176
348540,4,2.355821634
348550,4,2.355868963
348560,4,2.35591191
348570,4,2.355955592
348580,4,2.356001918
348590,4,2.35604455
348600,4,2.356090236
348610,4,2.356136725
348620,4,2.356180463
348630,4,2.356224821
348640,4,2.356269454
348650,4,2.356316091
348660,4,2.356357745
348670,4,2.356404283
348680,4,2.356448408
348690,4,2.356492512
348700,4,2.356535681
348710,4,2.356581487
348720,4,2.356626857
348730,4,2.356671622
348740,4,2.356714461
348750,4,2.356759794
348760,4,2.356804928
348770,4,2.356847206
348780,4,2.356890073
348790,4,2.356935106
348800,4,2.356980782
348810,4,2.357025415
348820,4,2.357069385
348830,4,2.357114516
348840,4,2.357156617
348850,4,2.357201104
348860,4,2.357244009
348870,4,2.357288228
348880,4,2.357333521
348890,4,2.357378942
348900,4,2.3574207
348910,4,2.357465749
348920,4,2.357508237
348930,4,2.35755379
348940,4,2.357596855
348950,4,2.357637827
348960,4,2.357683984
348970,4,2.357726701
348980,4,2.357772879
348990,4,2.357814973
349000,4,2.357858845
349010,4,2.3579022
349020,4,2.357946254
349030,4,2.357991147
349040,4,2.358033444
349050,4,2.358078397
349060,4,2.358120124
349070,4,2.35816405
349080,4,2.358207362
349090,4,2.358252233
349100,4,2.358294177
349110,4,2.3583386
349120,4,2.358382093
349130,4,2.358424657
349140,4,2.358468626
349150,4,2.35851298
349160,4,2.358553548
349170,4,2.35859956
349180,4,2.358642313
349190,4,2.358684466
349200,4,2.358729277
349210,4,2.35877097
349220,4,2.358815161
349230,4,2.35885791
349240,4,2.358899451
349250,4,2.358945383
349260,4,2.358986767
349270,4,2.359029154
349280,4,2.359074417
349290,4,2.359117088
349300,4,2.359157259
349310,4,2.359202936
349320,4,2.359245988
349330,4,2.359288986
349340,4,2.359331549
349350,4,2.359373434
349360,4,2.359416178
349370,4,2.359457283
349380,4,2.359501931
349390,4,2.359544086
349400,4,2.359587194
349410,4,2.359630348
349420,4,2.35967263
349430,4,2.35971333
349440,4,2.359757106
349450,4,2.359801347
349460,4,2.359839557
349470,4,2.359885016
349480,4,2.359926733
349490,4,2.35997089
349500,4,2.360011557
349510,4,2.360054893
349520,4,2.360096106
349530,4,2.36014012
349540,4,2.360182698
349550,4,2.360222049
349560,4,2.360266782
349570,4,2.360309032
349580,4,2.360350085
349590,4,2.360393034
349600,4,2.360436718
349610,4,2.360477837
349620,4,2.360520849
349630,4,2.360562262
349640,4,2.360603669
349650,4,2.360646471
349660,4,2.360687822
349670,4,2.360729666
349680,4,2.360770994
349690,4,2.360814478
349700,4,2.360855739
349710,4,2.360898116
349720,4,2.36093916
349730,4,2.360981258
349740,4,2.36102243
349750,4,2.361064444
349760,4,2.361105118
349770,4,2.361147456
349780,4,2.361188204
349790,4,2.361233158
349800,4,2.361273663
349810,4,2.361314929
349820,4,2.36135514
349830,4,2.36139619
349840,4,2.361439407
349850,4,2.361479679
349860,4,2.36152022
349870,4,2.361562419
349880,4,2.361604152
349890,4,2.361646099
349900,4,2.361688707
349910,4,2.36172874
349920,4,2.361768092
349930,4,2.36181269
349940,4,2.36185029
349950,4,2.36189355
349960,4,2.361935243
349970,4,2.361975404
349980,4,2.362017073
349990,4,2.362059089
350000,4,2.362098539
350010,4,2.362139445
350020,4,2.36218142
350030,4,2.362223321
350040,4,2.362263079
350050,4,2.362305102
350060,4,2.362345937
350070,4,2.362386824
350080,4,2.362425859
350090,4,2.362466537
350100,4,2.362507938
350110,4,2.362549267
350120,4,2.362591066
350130,4,2.362631078
350140,4,2.362674125
350150,4,2.362712076
350160,4,2.362752646
350170,4,2.362790639
350180,4,2.362832554
350190,4,2.362871942
350200,4,2.362914091
350210,4,2.362953506
350220,4,2.36299592
350230,4,2.363036258
350240,4,2.363076491
350250,4,2.363117641
350260,4,2.363158258
350270,4,2.363199288
350280,4,2.363237452
350290,4,2.363277558
350300,4,2.363317051
350310,4,2.363358983
350320,4,2.363397731
350330,4,2.363439331
350340,4,2.363478596
350350,4,2.363518202
350360,4,2.363556451
350370,4,2.363598867
350380,4,2.363639661
350390,4,2.36367864
350400,4,2.363720008
350410,4,2.363757488
350420,4,2.363799181
350430,4,2.363836916
350440,4,2.363878744
350450,4,2.363917433
350460,4,2.363955866
350470,4,2.36399697
350480,4,2.364037596
350490,4,2.3640762
350500,4,2.364115859
350510,4,2.364156102
350520,4,2.36419607
350530,4,2.364235859
350540,4,2.364274853
350550,4,2.364314275
350560,4,2.364353869
350570,4,2.364392896
350580,4,2.36443127
351060,1,1.951512178
351070,1,1.951593536
351080,1,1.951675291
351090,1,1.951756791
351100,1,1.951838624
351110,1,1.951920817
351120,1,1.952002988
351130,1,1.952085577
351140,1,1.95216823
351150,1,1.952251101
351160,1,1.952334021
351170,1,1.952417157
351180,1,1.952500695
351190,1,1.952584211
351200,1,1.952668112
351210,1,1.952751861
351220,1,1.95283611
351230,1,1.952920487
351240,1,1.953004756
351250,1,1.953089607
351260,1,1.953174578
351270,1,1.953259755
351280,1,1.953345044
351290,1,1.953430459
351300,1,1.953516144
351310,1,1.953601798
351320,1,1.953687942
351330,1,1.9537743
351340,1,1.953860759
351350,1,1.953947347
351360,1,1.954034178
351370,1,1.95412108
351380,1,1.954208196
351390,1,1.954295583
351400,1,1.954383141
351410,1,1.954470939
351420,1,1.954558461
351430,1,1.954646701
351440,1,1.954735149
351450,1,1.954823718
351460,1,1.954912454
351470,1,1.955001208
351480,1,1.955090189
351490,1,1.95517935
351500,1,1.955268697
351510,1,1.955358193
351520,1,1.955448128
351530,1,1.955538186
351540,1,1.955628256
351550,1,1.955718727
351560,1,1.955809189
351570,1,1.955899699
351580,1,1.955990777
351590,1,1.956081806
351600,1,1.956172934
351610,1,1.956264667
351620,1,1.95635636
351630,1,1.956448047
351640,1,1.956540452
351650,1,1.956632216
351660,1,1.956724766
351670,1,1.956817094
351680,1,1.956910107
351690,1,1.957003002
351700,1,1.957096169
351710,1,1.957189451
351720,1,1.957283197
351730,1,1.957376702
351740,1,1.957470664
351750,1,1.957564545
351760,1,1.95765887
351770,1,1.957753288
351780,1,1.95784797
351790,1,1.957942902
351800,1,1.958037925
351810,1,1.958132761
351820,1,1.958228169
351830,1,1.95832372
351840,1,1.958419677
351850,1,1.958515509
351860,1,1.958611773
351870,1,1.958708022
351880,1,1.958804483
351890,1,1.958901179
351900,1,1.958997884
351910,1,1.959095062
351920,1,1.959192276
351930,1,1.959289552
351940,1,1.95938742
351950,1,1.95948496
351960,1,1.959582876
351970,1,1.959681271
351980,1,1.959779409
351990,1,1.959877922
352000,1,1.959976782
352010,1,1.960075654
352020,1,1.960174818
352030,1,1.960273901
352040,1,1.960373401
352050,1,1.960472848
352060,1,1.960572843
352070,1,1.960672663
352080,1,1.960772838
352090,1,1.960873301
352100,1,1.960973736
352110,1,1.961074401
352120,1,1.96117556
352130,1,1.961276633
352140,1,1.961377887
352150,1,1.961479039
352160,1,1.961580785
352170,1,1.961682535
352180,1,1.961784534
352190,1,1.961886991
352200,1,1.961989363
352210,1,1.962091557
352220,1,1.962194536
352230,1,1.962297521
352240,1,1.962400618
352250,1,1.962503909
352260,1,1.96260749
352270,1,1.962711086
352280,1,1.962814908
352290,1,1.962918936
352300,1,1.963022928
352310,1,1.963127659
352320,1,1.963232128
352330,1,1.963336779
352340,1,1.963441842
352350,1,1.963546756
352360,1,1.963652173
352370,1,1.963757657
352380,1,1.963863354
352390,1,1.963969027
352400,1,1.964075106
352410,1,1.964181551
352420,1,1.964287818
352430,1,1.964394213
352440,1,1.964501152
352450,1,1.964608159
352460,1,1.964715317
352470,1,1.964822604
352480,1,1.96493016
352490,1,1.96503784
352500,1,1.965145551
352510,1,1.965253538
352520,1,1.965362002
352530,1,1.965470243
352540,1,1.965578841
352550,1,1.965687609
352560,1,1.96579646
352570,1,1.965905685
352580,1,1.966015039
352590,1,1.966124395
352600,1,1.966234194
352610,1,1.966343905
352620,1,1.966453756
352630,1,1.966564104
352640,1,1.966674638
352650,1,1.966785178
352660,1,1.966895753
352670,1,1.967006684
352680,1,1.967117782
352690,1,1.967228943
352700,1,1.967340613
352710,1,1.967452255
352720,1,1.967564076
352730,1,1.967676076
352740,1,1.96778841
352750,1,1.967900737
352760,1,1.968013238
352770,1,1.968126031
352780,1,1.968238815
352790,1,1.96835201
352800,1,1.968465329
352810,1,1.968578908
352820,1,1.968692416
352830,1,1.96880624
352840,1,1.96892021
352850,1,1.969034302
352860,1,1.969148816
352870,1,1.969263299
352880,1,1.969377851
352890,1,1.969493067
352900,1,1.969607773
352910,1,1.969723067
352920,1,1.969838528
352930,1,1.969954159
352940,1,1.970069795
352950,1,1.970185964
352960,1,1.970302211
352970,1,1.970418433
352980,1,1.970534886
352990,1,1.970651537
353000,1,1.97076841
353010,1,1.970885497
353020,1,1.971002791
353030,1,1.971120002
353040,1,1.971237625
353050,1,1.971355452
353060,1,1.97147334
353070,1,1.971591291
353080,1,1.971709517
353090,1,1.971828124
353100,1,1.971946704
353110,1,1.972065696
353120,1,1.97218456
353130,1,1.972303761
353140,1,1.972423049
353150,1,1.972542735
353160,1,1.97266223
353170,1,1.972782126
353180,1,1.97290224
353190,1,1.973022657
353200,1,1.973143035
353210,1,1.973263614
353220,1,1.973384249
353230,1,1.97350526
353240,1,1.973626285
353250,1,1.973747708
353260,1,1.973869048
353270,1,1.973990857
353280,1,1.974112606
353290,1,1.97423464
353300,1,1.974356812
353310,1,1.974479178
353320,1,1.974601747
353330,1,1.974724422
353340,1,1.97484746
353350,1,1.974970531
353360,1,1.975093653
353370,1,1.975217181
353380,1,1.975340609
353390,1,1.975464463
353400,1,1.975588571
353410,1,1.97571249
353420,1,1.975836899
353430,1,1.975961312
353440,1,1.976085961
353450,1,1.976210888
353460,1,1.976335727
353470,1,1.976460926
353480,1,1.976586188
353490,1,1.976711807
353500,1,1.976837636
353510,1,1.976963325
353520,1,1.977089419
353530,1,1.9772156
353540,1,1.977342207
353550,1,1.977468741
353560,1,1.977595525
353570,1,1.977722286
353580,1,1.977849433
353590,1,1.977976989
353600,1,1.978104197
353610,1,1.978231612
353620,1,1.978359558
353630,1,1.978487519
353640,1,1.97861564
353650,1,1.978743931
353660,1,1.978872662
353670,1,1.979001145
353680,1,1.979130131
353690,1,1.979259144
353700,1,1.979388442
353710,1,1.979517675
353720,1,1.979647143
353730,1,1.979776902
353740,1,1.979906978
353750,1,1.980036854
353760,1,1.980167205
353770,1,1.980297403
353780,1,1.980428106
353790,1,1.980558741
353800,1,1.98068996
353810,1,1.980821069
353820,1,1.980952194
353830,1,1.981083666
353840,1,1.98121525
353850,1,1.981347156
353860,1,1.981478932
353870,1,1.981611278
353880,1,1.981743414
353890,1,1.981875939
353900,1,1.982008562
353910,1,1.982141487
353920,1,1.982274596
353930,1,1.982407692
353940,1,1.982541073
353950,1,1.98267467
353960,1,1.982808188
353970,1,1.982942173
353980,1,1.983075894
353990,1,1.983210225
354000,1,1.983344846
354010,1,1.983479176
354020,1,1.983613748
354030,1,1.983748737
354040,1,1.983883947
354050,1,1.984019157
354060,1,1.984154627
354070,1,1.984290239
354080,1,1.984425738
354090,1,1.98456177
354100,1,1.984698114
354110,1,1.984834029
354120,1,1.984970623
354130,1,1.985107164
354140,1,1.985243996
354150,1,1.985380825
354160,1,1.985518052
354170,1,1.985655479
354180,1,1.985792701
354190,1,1.985930433
354200,1,1.986068234
354210,1,1.986206136
354220,1,1.986344342
354230,1,1.986482812
354240,1,1.986621183
354250,1,1.986759554
354260,1,1.986898776
354270,1,1.987037619
354280,1,1.987176563
354290,1,1.987316026
354300,1,1.987455527
354310,1,1.987595134
354320,1,1.987734996
354330,1,1.987875137
354340,1,1.98801507
354350,1,1.988155384
354360,1,1.988295971
354370,1,1.988436922
354380,1,1.988577594
354390,1,1.988718557
354400,1,1.988860009
354410,1,1.989001156
354420,1,1.989142642
354430,1,1.989284376
354440,1,1.98942624
354450,1,1.989568269
354460,1,1.989710481
354470,1,1.989852728
354480,1,1.989995413
354490,1,1.990138215
354500,1,1.990281083
354510,1,1.990424216
354520,1,1.990567348
354530,1,1.99071069
354540,1,1.990854128
354550,1,1.990997758
354560,1,1.991141795
354570,1,1.991285791
354580,1,1.991429837
354590,1,1.991574476
354600,1,1.991718854
354610,1,1.991863692
354620,1,1.992008565
354630,1,1.992153423
354640,1,1.992298751
354650,1,1.992444199
354660,1,1.992589839
354670,1,1.99273575
354680,1,1.992881384
354690,1,1.993027409
354700,1,1.993173752
354710,1,1.993320118
354720,1,1.993466429
354730,1,1.993613222
354740,1,1.993760101
354750,1,1.993907265
354760,1,1.994054405
354770,1,1.994201823
354780,1,1.99434923
354790,1,1.994496916
354800,1,1.994645086
354810,1,1.994792917
354820,1,1.994941381
354830,1,1.995089562
354840,1,1.995237909
354850,1,1.995386762
354860,1,1.995535567
354870,1,1.995684795
354880,1,1.995833787
354890,1,1.995983221
354900,1,1.996132862
354910,1,1.996282437
354920,1,1.996432393
354930,1,1.996582355
354940,1,1.996732316
354950,1,1.99688286
354960,1,1.99703335
354970,1,1.997184151
354980,1,1.997334819
354990,1,1.997485737
355000,1,1.997637073
355010,1,1.997788256
355020,1,1.997939765
355030,1,1.998091595
355040,1,1.998243454
355050,1,1.998395432
355060,1,1.998547705
355070,1,1.998699892
355080,1,1.998852276
355090,1,1.999005014
355100,1,1.999157938
355110,1,1.999310924
355120,1,1.999463954
355130,1,1.999617189
355140,1,1.999770666
355150,1,1.999924117
355160,1,2.000078194
355170,1,2.000231832
355180,1,2.000386389
355190,1,2.000540366
355200,1,2.000694781
355210,1,2.000849589
355220,1,2.001004316
355230,1,2.001158898
355240,1,2.001314198
355250,1,2.001469557
355260,1,2.001624896
355270,1,2.001780464
355280,1,2.001936151
355290,1,2.002092106
355300,1,2.002248064
355310,1,2.002404251
355320,1,2.002560612
355330,1,2.002717393
355340,1,2.00287396
355350,1,2.003030909
355360,1,2.003187822
355370,1,2.003345027
355380,1,2.003502459
355390,1,2.003659677
355400,1,2.00381766
355410,1,2.003975396
355420,1,2.004133347
355430,1,2.004291446
355440,1,2.00444973
355450,1,2.004608095
355460,1,2.004766907
355470,1,2.004925691
355480,1,2.005084821
355490,1,2.005243717
355500,1,2.005402896
355510,1,2.005562489
355520,1,2.005722128
355530,1,2.005881773
355540,1,2.006041545
355550,1,2.006201644
355560,1,2.006362122
355570,1,2.006522516
355580,1,2.006682985
355590,1,2.006843709
355600,1,2.007004534
355610,1,2.0071655
355620,1,2.007326664
355630,1,2.007488063
355640,1,2.007649434
355650,1,2.007811081
355660,1,2.007972912
355670,1,2.00813499
355680,1,2.008296798
355690,1,2.00845934
355700,1,2.008621471
355710,1,2.008784428
355720,1,2.008947147
355730,1,2.009110109
355740,1,2.009273207
355750,1,2.009436439
355760,1,2.009599702
355770,1,2.009763443
355780,1,2.009927037
355790,1,2.010090802
355800,1,2.010255058
355810,1,2.010419213
355820,1,2.010583592
355830,1,2.010748091
355840,1,2.01091266
355850,1,2.011077321
355860,1,2.011242318
355870,1,2.011407652
355880,1,2.011572729
355890,1,2.011738271
355900,1,2.01190381
355910,1,2.012069717
355920,1,2.01223542
355930,1,2.01240156
355940,1,2.012567767
355950,1,2.012734139
355960,1,2.012900738
355970,1,2.013067153
355980,1,2.013234254
355990,1,2.013401064
356000,1,2.013568342
356010,1,2.013735617
356020,1,2.013902975
356030,1,2.014070619
356040,1,2.014238554
356050,1,2.014406338
356060,1,2.014574336
356070,1,2.014742698
356080,1,2.01491086
356090,1,2.015079516
356100,1,2.015248347
356110,1,2.015417062
356120,1,2.015585929
356130,1,2.015755466
356140,1,2.015924642
356150,1,2.016094037
356160,1,2.016263636
356170,1,2.016433596
356180,1,2.01660323
356190,1,2.016773518
356200,1,2.01694359
356210,1,2.017114238
356220,1,2.017284758
356230,1,2.01745524
356240,1,2.017626335
356250,1,2.017797215
356260,1,2.017968383
356270,1,2.018139559
356280,1,2.018311278
356290,1,2.01848271
356300,1,2.018654373
356310,1,2.018826378
356320,1,2.018998595
356330,1,2.01917067
356340,1,2.019343151
356350,1,2.019515687
356360,1,2.019688238
356370,1,2.019861081
356380,1,2.020034262
356390,1,2.020207292
356400,1,2.020380637
356410,1,2.020553805
356420,1,2.020727619
356430,1,2.020901133
356440,1,2.02107533
356450,1,2.021249039
356460,1,2.021423488
356470,1,2.021597776
356480,1,2.021772269
356490,1,2.021946952
356500,1,2.022121835
356510,1,2.022296805
356520,1,2.022471914
356530,1,2.022647231
356540,1,2.022822405
356550,1,2.022998038
356560,1,2.023173621
356570,1,2.023349529
356580,1,2.023525676
356590,1,2.023701633
356600,1,2.023878083
356610,1,2.024054686
356620,1,2.024231274
356630,1,2.024407824
356640,1,2.024584852
356650,1,2.024761736
356660,1,2.024938967
356670,1,2.025116471
356680,1,2.025293722
356690,1,2.025471568
356700,1,2.025649099
356710,1,2.025827268
356720,1,2.026005304
356730,1,2.026183479
356740,1,2.026361963
356750,1,2.026540531
356760,1,2.026719308
356770,1,2.026898259
356780,1,2.027077214
356790,1,2.027256127
356800,1,2.027435586
356810,1,2.027614954
356820,1,2.027794465
356830,1,2.027974114
356840,1,2.028154073
356850,1,2.028334029
356860,1,2.028514328
356870,1,2.02869466
356880,1,2.028875145
356890,1,2.029055549
356900,1,2.029236211
356910,1,2.029417439
356920,1,2.029598384
356930,1,2.029779582
356940,1,2.02996075
356950,1,2.030142286
356960,1,2.030324099
356970,1,2.030505723
356980,1,2.030687708
356990,1,2.03086994
357000,1,2.031052221
357010,1,2.031234469
357020,1,2.031416832
357030,1,2.031599574
357040,1,2.031782493
357050,1,2.031965377
357060,1,2.032148449
357070,1,2.032331694
357080,1,2.032515031
357090,1,2.032698562
357100,1,2.032882382
357110,1,2.033066089
357120,1,2.033250019
357130,1,2.033434322
357140,1,2.03361829
357150,1,2.033802823
357160,1,2.033987474
357170,1,2.034171853
357180,1,2.034356822
357190,1,2.034541693
357200,1,2.034726859
357210,1,2.03491221
357220,1,2.035097638
357230,1,2.035283043
357240,1,2.035469111
357250,1,2.03565468
357260,1,2.035840797
357270,1,2.03602686
357280,1,2.03621288
357290,1,2.036399579
357300,1,2.036586105
357310,1,2.036772834
357320,1,2.036959665
357330,1,2.03714668
357340,1,2.037333785
357350,1,2.037520989
357360,1,2.037708037
357370,1,2.037895697
357380,1,2.038083891
357390,1,2.038271513
357400,1,2.038459465
357410,1,2.038647608
357420,1,2.038835792
357430,1,2.039024048
357440,1,2.039212639
357450,1,2.039401476
357460,1,2.039590296
357470,1,2.039779139
357480,1,2.039968313
357490,1,2.040157632
357500,1,2.0403468
357510,1,2.040536558
357520,1,2.040726107
357530,1,2.040916098
357540,1,2.041105887
357550,1,2.041296225
357560,1,2.041486468
357570,1,2.041676634
357580,1,2.041867168
357590,1,2.042057752
357600,1,2.042248762
357610,1,2.042439645
357620,1,2.042630812
357630,1,2.042821918
357640,1,2.043013158
357650,1,2.043204784
357660,1,2.043396407
357670,1,2.043588096
357680,1,2.043779895
357690,1,2.043972101
357700,1,2.044164491
357710,1,2.044356502
357720,1,2.044549294
357730,1,2.044741591
357740,1,2.044934525
357750,1,2.045127352
357760,1,2.045320341
357770,1,2.045513578
357780,1,2.045707
357790,1,2.04590024
357800,1,2.046093866
357810,1,2.046287343
357820,1,2.046481386
357830,1,2.046675361
357840,1,2.046869481
357850,1,2.047063716
357860,1,2.047258317
357870,1,2.047452668
357880,1,2.047647537
357890,1,2.047842262
357900,1,2.048037376
357910,1,2.048232209
357920,1,2.048427354
357930,1,2.048622965
357940,1,2.0488183
357950,1,2.04901389
357960,1,2.049209712
357970,1,2.049405547
357980,1,2.049601682
357990,1,2.049797847
358000,1,2.049993995
358010,1,2.050190529
358020,1,2.050387017
358030,1,2.05058413
358040,1,2.050780591
358050,1,2.050977739
358060,1,2.051174877
358070,1,2.051372124
358080,1,2.051569639
358090,1,2.051767096
358100,1,2.05196463
358110,1,2.052162301
358120,1,2.052360322
358130,1,2.052558527
358140,1,2.052756624
358150,1,2.052955096
358160,1,2.053153338
358170,1,2.053352273
358180,1,2.053550962
358190,1,2.053749685
358200,1,2.053948698
358210,1,2.054147823
358220,1,2.054347097
358230,1,2.054546289
358240,1,2.054745807
358250,1,2.054945719
358260,1,2.055145596
358270,1,2.055345323
358280,1,2.055545454
358290,1,2.055745675
358300,1,2.055945985
358310,1,2.056146553
358320,1,2.056347162
358330,1,2.056547767
358340,1,2.056748734
358350,1,2.056949654
358360,1,2.057150773
358370,1,2.057352082
358380,1,2.057553571
358390,1,2.057754882
358400,1,2.057956663
358410,1,2.058158366
358420,1,2.05836027
358430,1,2.05856228
358440,1,2.058764563
358450,1,2.058966802
358460,1,2.059169329
358470,1,2.059371886
358480,1,2.059574777
358490,1,2.059777512
358500,1,2.059980541
358510,1,2.060183635
358520,1,2.060386718
358530,1,2.060590145
358540,1,2.060793675
358550,1,2.060997115
358560,1,2.061200811
358570,1,2.061404611
358580,1,2.061608917
358590,1,2.061812786
358600,1,2.062017058
358610,1,2.062221462
358620,1,2.062426124
358630,1,2.062630904
358640,1,2.062835592
358650,1,2.06304039
358660,1,2.063245562
358670,1,2.063450745
358680,1,2.06365583
358690,1,2.06386129
358700,1,2.064066892
358710,1,2.064272833
358720,1,2.064478462
358730,1,2.064684319
358740,1,2.064890323
358750,1,2.065096559
358760,1,2.065302897
358770,1,2.065509288
358780,1,2.065715931
358790,1,2.065922411
358800,1,2.066129591
358810,1,2.066336357
358820,1,2.066543556
358830,1,2.066750757
358840,1,2.066958092
358850,1,2.067165417
358860,1,2.067373096
358870,1,2.067580729
358880,1,2.067788632
358890,1,2.067996391
358900,1,2.068204631
358910,1,2.068412859
358920,1,2.068621318
358930,1,2.068829733
358940,1,2.069038245
358950,1,2.0692471
358960,1,2.069455883
358970,1,2.069664791
358980,1,2.069873956
358990,1,2.070083245
359000,1,2.070292469
359010,1,2.070501972
359020,1,2.070711486
359030,1,2.070921272
359040,1,2.071130975
359050,1,2.071340909
359060,1,2.071551117
359070,1,2.071761167
359080,1,2.071971899
359090,1,2.072182149
359100,1,2.072392721
359110,1,2.072603397
359120,1,2.072814167
359130,1,2.07302514
359140,1,2.073236367
359150,1,2.073447586
359160,1,2.073658977
359170,1,2.07387029
359180,1,2.074081765
359190,1,2.0742935
359200,1,2.074505455
359210,1,2.074717173
359220,1,2.074929203
359230,1,2.075141651
359240,1,2.07535396
359250,1,2.075566402
359260,1,2.075778976
359270,1,2.075991504
359280,1,2.076204299
359290,1,2.076417267
359300,1,2.076630388
359310,1,2.076843455
359320,1,2.077056653
359330,1,2.077270041
359340,1,2.077483634
359350,1,2.077697387
359360,1,2.077911205
359370,1,2.078124887
359380,1,2.078338797
359390,1,2.078553085
359400,1,2.078767237
359410,1,2.078981708
359420,1,2.079196259
359430,1,2.079410799
359440,1,2.079625418
359450,1,2.079840479
359460,1,2.080055388
359470,1,2.080270257
359480,1,2.080485482
359490,1,2.080700902
359500,1,2.080916305
359510,1,2.081131766
359520,1,2.081347436
359530,1,2.081563548
359540,1,2.081779157
359550,1,2.081995334
359560,1,2.082211185
359570,1,2.082427879
359580,1,2.082644207
359590,1,2.08286063
359600,1,2.083077308
359610,1,2.083293931
359620,1,2.083510914
359630,1,2.083728057
359640,1,2.083945076
359650,1,2.084162136
359660,1,2.084379673
359670,1,2.084597091
359680,1,2.08481459
359690,1,2.085032367
359700,1,2.085249967
359710,1,2.085468065
359720,1,2.085686156
359730,1,2.085904298
359740,1,2.086122291
359750,1,2.086341025
359760,1,2.086559282
359770,1,2.08677789
359780,1,2.086996616
359790,1,2.087215548
359800,1,2.087434524
359810,1,2.087653496
359820,1,2.087872598
359830,1,2.088091912
359840,1,2.088311403
359850,1,2.088531067
359860,1,2.088750746
359870,1,2.088970456
359880,1,2.089190122
359890,1,2.089410501
359900,1,2.089630464
359910,1,2.089850657
359920,1,2.090070789
359930,1,2.090291506
359940,1,2.090512055
359950,1,2.090732605
359960,1,2.090953626
359970,1,2.09117423
359980,1,2.0913953
359990,1,2.091616467
360000,1,2.091837751
360010,1,2.092059114
360020,1,2.092280626
360030,1,2.092502137
360040,1,2.092724007
360050,1,2.092945745
360060,1,2.093167747
360070,1,2.093389783
360080,1,2.093612036
360090,1,2.093833967
360100,1,2.094056441
360110,1,2.09427895
360120,1,2.094501701
360130,1,2.094724224
360140,1,2.094947059
360150,1,2.09517026
360160,1,2.095392969
360170,1,2.095616194
360180,1,2.095839515
360190,1,2.096063059
360200,1,2.096286314
360210,1,2.096509905
360220,1,2.096733628
360230,1,2.096957479
360240,1,2.097181561
360250,1,2.097405549
360260,1,2.097629677
360270,1,2.097853937
360280,1,2.098078391
360290,1,2.09830284
360300,1,2.098527386
360310,1,2.098751978
360320,1,2.098976859
360330,1,2.099201987
360340,1,2.099426922
360350,1,2.099651883
360360,1,2.099877331
360370,1,2.10010266
360380,1,2.100328015
360390,1,2.100553552
360400,1,2.100779376
360410,1,2.101005174
360420,1,2.101230976
360430,1,2.101457056
360440,1,2.101683181
360450,1,2.101909428
360460,1,2.10213587
360470,1,2.102362001
360480,1,2.102588655
360490,1,2.102815293
360500,1,2.103042125
360510,1,2.10326904
360520,1,2.103496151
360530,1,2.103723284
360540,1,2.10395021
360550,1,2.104177634
360560,1,2.10440496
360570,1,2.10463251
360580,1,2.104860294
360590,1,2.105087908
360600,1,2.105315581
360610,1,2.105543603
360620,1,2.105771628
360630,1,2.105999664
360640,1,2.106228064
360650,1,2.106456321
360660,1,2.106684776
360670,1,2.106913337
360680,1,2.107141998
360690,1,2.107370942
360700,1,2.107599869
360710,1,2.107828552
360720,1,2.108057745
360730,1,2.108286914
360740,1,2.108516236
360750,1,2.108745686
360760,1,2.108975016
360770,1,2.109204885
360780,1,2.109434531
360790,1,2.109664414
360800,1,2.10989438
360810,1,2.110124293
360820,1,2.110354453
360830,1,2.110584562
360840,1,2.11081494
360850,1,2.111045564
360860,1,2.111275944
360870,1,2.111506577
360880,1,2.111737414
360890,1,2.111968311
360900,1,2.112199181
360910,1,2.112430165
360920,1,2.112661497
360930,1,2.112892597
360940,1,2.113124067
360950,1,2.11335552
360960,1,2.113587115
360970,1,2.11381873
360980,1,2.11405045
360990,1,2.114282425
361000,1,2.114514148
361010,1,2.114746324
361020,1,2.114978343
361030,1,2.11521076
361040,1,2.115443135
361050,1,2.11567558
361060,1,2.115908317
361070,1,2.116140775
361080,1,2.116373638
361090,1,2.116606556
361100,1,2.116839466
361110,1,2.117072488
361120,1,2.117305743
361130,1,2.11753893
361140,1,2.117772391
361150,1,2.118005751
361160,1,2.118239451
361170,1,2.118473246
361180,1,2.118706778
361190,1,2.118940856
361200,1,2.119174778
361210,1,2.119408701
361220,1,2.119643157
361230,1,2.119877081
361240,1,2.120111532
361250,1,2.120345951
361260,1,2.120580481
361270,1,2.120814998
361280,1,2.121049875
361290,1,2.121284788
361300,1,2.121519788
361310,1,2.121754741
361320,1,2.121990039
361330,1,2.122225113
361340,1,2.122460413
361350,1,2.122695854
361360,1,2.122931358
361370,1,2.123167102
361380,1,2.123402689
361390,1,2.123638685
361400,1,2.123874532
361410,1,2.124110503
361420,1,2.124346799
361430,1,2.124582708
361440,1,2.12481918
361450,1,2.125055718
361460,1,2.125291888
361470,1,2.12552859
361480,1,2.125765153
361490,1,2.126001952
361500,1,2.126238937
361510,1,2.126475776
361520,1,2.126712904
361530,1,2.126950097
361540,1,2.127187352
361550,1,2.127424662
361560,1,2.12766199
361570,1,2.127899645
361580,1,2.128137241
361590,1,2.128374875
361600,1,2.128612635
361610,1,2.128850494
361620,1,2.129088594
361630,1,2.129326556
361640,1,2.12956485
361650,1,2.129803107
361660,1,2.13004149
361670,1,2.130279784
361680,1,2.130518331
361690,1,2.130757276
361700,1,2.130995899
361710,1,2.131234522
361720,1,2.131473539
361730,1,2.131712591
361740,1,2.131951598
361750,1,2.13219096
361760,1,2.132430227
361770,1,2.132669575
361780,1,2.132909096
361790,1,2.133148452
361800,1,2.133388125
361810,1,2.133627953
361820,1,2.133867955
361830,1,2.134107745
361840,1,2.134347882
361850,1,2.134587935
361860,1,2.134827901
361870,1,2.135068352
361880,1,2.135308647
361890,1,2.13554914
361900,1,2.135789578
361910,1,2.136030451
361920,1,2.136271116
361930,1,2.136511922
361940,1,2.136752795
361950,1,2.136993734
361960,1,2.137234882
361970,1,2.137476108
361980,1,2.137717351
361990,1,2.137958724
362000,1,2.138200045
362010,1,2.138441797
362020,1,2.13868349
362030,1,2.138924874
362040,1,2.13916667
362050,1,2.139408546
362060,1,2.139650617
362070,1,2.139892828
362080,1,2.140134879
362090,1,2.140376994
362100,1,2.140619399
362110,1,2.140861824
362120,1,2.141104289
362130,1,2.141346738
362140,1,2.14158944
362150,1,2.141832272
362160,1,2.142075104
362170,1,2.142318093
362180,1,2.142561049
362190,1,2.142804076
362200,1,2.14304719
362210,1,2.143290688
362220,1,2.143533717
362230,1,2.143777415
362240,1,2.144020821
362250,1,2.144264554
362260,1,2.144508194
362270,1,2.144751929
362280,1,2.144995805
362290,1,2.14523972
362300,1,2.145483786
362310,1,2.145728049
362320,1,2.145972158
362330,1,2.146216156
362340,1,2.146460551
362350,1,2.146705215
362360,1,2.146949619
362370,1,2.147194376
362380,1,2.147439216
362390,1,2.147683904
362400,1,2.147928741
362410,1,2.148173747
362420,1,2.148418802
362430,1,2.14866378
362440,1,2.148908986
362450,1,2.149154254
362460,1,2.149399442
362470,1,2.149645207
362480,1,2.149890742
362490,1,2.150136394
362500,1,2.150382159
362510,1,2.150627697
362520,1,2.150873551
362530,1,2.151119411
362540,1,2.151365715
362550,1,2.15161164
362560,1,2.151858022
362570,1,2.152104198
362580,1,2.152350561
362590,1,2.152596651
362600,1,2.152843318
362610,1,2.153089964
362620,1,2.153336661
362630,1,2.153583294
362640,1,2.153830092
362650,1,2.154076921
362660,1,2.154324222
362670,1,2.154571234
362680,1,2.154818334
362690,1,2.155065582
362700,1,2.155312843
362710,1,2.155560061
362720,1,2.155807938
362730,1,2.15605525
362740,1,2.156302914
362750,1,2.15655052
362760,1,2.156798149
362770,1,2.157046231
362780,1,2.157294114
362790,1,2.157542203
362800,1,2.157790305
362810,1,2.158038444
362820,1,2.158286686
362830,1,2.158534932
362840,1,2.158783327
362850,1,2.159031797
362860,1,2.15928028
362870,1,2.159528997
362880,1,2.159777583
362890,1,2.160026326
362900,1,2.160275242
362910,1,2.160524138
362920,1,2.160773216
362930,1,2.161022342
362940,1,2.161271515
362950,1,2.161520707
362960,1,2.161770109
362970,1,2.162019473
362980,1,2.162268802
362990,1,2.162518422
363000,1,2.162768197
363010,1,2.163017822
363020,1,2.163267388
363030,1,2.163517206
363040,1,2.163767344
363050,1,2.164017391
363060,1,2.164267154
363070,1,2.164517501
363080,1,2.164767846
363090,1,2.165017794
363100,1,2.16526846
363110,1,2.16551883
363120,1,2.165769335
363130,1,2.166019925
363140,1,2.166270592
363150,1,2.166521373
363160,1,2.166772172
363170,1,2.167022899
363180,1,2.167273826
363190,1,2.16752495
363200,1,2.167775864
363210,1,2.168027132
363220,1,2.168278445
363230,1,2.168529786
363240,1,2.168781128
363250,1,2.169032706
363260,1,2.169284031
363270,1,2.169535701
363280,1,2.169787386
363290,1,2.170038985
363300,1,2.17029094
363310,1,2.170542755
363320,1,2.170794771
363330,1,2.17104672
363340,1,2.171298827
363350,1,2.17155095
363360,1,2.171803285
363370,1,2.172055446
363380,1,2.17230795
363390,1,2.172560393
363400,1,2.172812944
363410,1,2.173065352
363420,1,2.173318016
363430,1,2.173570952
363440,1,2.173823472
363450,1,2.174076538
363460,1,2.174329449
363470,1,2.174582509
363480,1,2.174835493
363490,1,2.17508859
363500,1,2.175341847
363510,1,2.175595034
363520,1,2.175848527
363530,1,2.176101767
363540,1,2.176355203
363550,1,2.176608986
363560,1,2.176862554
363570,1,2.177116211
363580,1,2.177369927
363590,1,2.177623876
363600,1,2.177877522
363610,1,2.178131724
363620,1,2.178385751
363630,1,2.178639665
363640,1,2.178893803
363650,1,2.179147955
363660,1,2.179402246
363670,1,2.179656513
363680,1,2.179911116
363690,1,2.180165498
363700,1,2.180419859
363710,1,2.180674699
363720,1,2.180929383
363730,1,2.181184051
363740,1,2.181438867
363750,1,2.181693901
363760,1,2.181948774
363770,1,2.182203786
363780,1,2.182458695
363790,1,2.182714003
363800,1,2.182969144
363810,1,2.183224414
363820,1,2.1834799
363830,1,2.183735213
363840,1,2.183990638
363850,1,2.184246027
363860,1,2.184501548
363870,1,2.184757224
363880,1,2.185013166
363890,1,2.185268712
363900,1,2.185524739
363910,1,2.185780462
363920,1,2.18603646
363930,1,2.186292378
363940,1,2.186548629
363950,1,2.186804647
363960,1,2.187060879
363970,1,2.187317197
363980,1,2.187573509
363990,1,2.187829868
364000,1,2.188086381
364010,1,2.188342929
364020,1,2.18859946
364030,1,2.188855833
364040,1,2.189112819
364050,1,2.189369422
364060,1,2.189626156
364070,1,2.189883063
364080,1,2.190140285
364090,1,2.190397343
364100,1,2.190654281
364110,1,2.190911367
364120,1,2.1911686
364130,1,2.19142555
364140,1,2.191683208
364150,1,2.191940377
364160,1,2.192197826
364170,1,2.192455308
364180,1,2.192712825
364190,1,2.192970488
364200,1,2.193228063
364210,1,2.193485643
364220,1,2.193743566
364230,1,2.194001524
364240,1,2.194259395
364250,1,2.194517299
364260,1,2.194775239
364270,1,2.195033472
364280,1,2.195291529
364290,1,2.195549652
364300,1,2.195807972
364310,1,2.196066129
364320,1,2.196324356
364330,1,2.19658297
364340,1,2.196841444
364350,1,2.197100045
364360,1,2.197358534
364370,1,2.197617333
364380,1,2.197875863
364390,1,2.198134521
364400,1,2.198393413
364410,1,2.198652185
364420,1,2.198911211
364430,1,2.199170089
364440,1,2.199429182
364450,1,2.199688217
364460,1,2.199947425
364470,1,2.200206503
364480,1,2.200465883
364490,1,2.200725215
364500,1,2.20098448
364510,1,2.201243987
364520,1,2.201503596
364530,1,2.201762832
364540,1,2.202022549
364550,1,2.202282209
364560,1,2.202541951
364570,1,2.202801489
364580,1,2.203061505
364590,1,2.203321218
364600,1,2.203581132
364610,1,2.203841151
364620,1,2.204101064
364630,1,2.204361078
364640,1,2.204621251
364650,1,2.204881354
364660,1,2.205141568
364670,1,2.20540172
364680,1,2.205661983
364690,1,2.205922587
364700,1,2.206182964
364710,1,2.20644332
364720,1,2.206704042
364730,1,2.206964708
364740,1,2.207225139
364750,1,2.207485794
364760,1,2.207746775
364770,1,2.208007488
364780,1,2.208268195
364790,1,2.208529064
364800,1,2.208790008
364810,1,2.209050801
364820,1,2.209311914
364830,1,2.209573146
364840,1,2.209834068
364850,1,2.210095322
364860,1,2.210356474
364870,1,2.210617859
364880,1,2.210879163
364890,1,2.211140656
364900,1,2.211401933
364910,1,2.211663568
364920,1,2.211925127
364930,1,2.212186671
364940,1,2.212448181
364950,1,2.212709839
364960,1,2.212971698
364970,1,2.213233506
364980,1,2.213495185
364990,1,2.213757257
365000,1,2.214018904
365010,1,2.214281083
365020,1,2.214542933
365030,1,2.214805005
365040,1,2.215067258
365050,1,2.215329156
365060,1,2.215591436
365070,1,2.215853699
365080,1,2.216115859
365090,1,2.216378294
365100,1,2.2166408
365110,1,2.216903308
365120,1,2.217165605
365130,1,2.217428276
365140,1,2.217690729
365150,1,2.217953332
365160,1,2.218215954
365170,1,2.218478627
365180,1,2.218741577
365190,1,2.219004141
365200,1,2.219267213
365210,1,2.219529917
365220,1,2.219793033
365230,1,2.220055893
365240,1,2.220318962
365250,1,2.220581969
365260,1,2.220844991
365270,1,2.22110818
365280,1,2.221371528
365290,1,2.221634726
365300,1,2.221898201
365310,1,2.222161317
365320,1,2.222424574
365330,1,2.22268821
365340,1,2.222951466
365350,1,2.223215288
365360,1,2.223478469
365370,1,2.223742028
365380,1,2.224005779
365390,1,2.224269458
365400,1,2.224533041
365410,1,2.224796841
365420,1,2.225060651
365430,1,2.225324604
365440,1,2.225588382
365450,1,2.22585219
365460,1,2.226116128
365470,1,2.226380222
365480,1,2.226644443
365490,1,2.226908346
365500,1,2.227172326
365510,1,2.227436589
365520,1,2.227700647
365530,1,2.227964994
365540,1,2.228229332
365550,1,2.228493658
365560,1,2.228757926
365570,1,2.229022543
365580,1,2.229286783
365590,1,2.229551231
365600,1,2.229815786
365610,1,2.230080361
365620,1,2.230344917
365630,1,2.23060978
365640,1,2.230874342
365650,1,2.231139037
365660,1,2.231403745
365670,1,2.231668592
365680,1,2.231933448
365690,1,2.232198238
365700,1,2.232462993
365710,1,2.232728034
365720,1,2.232993015
365730,1,2.233258121
365740,1,2.233523155
365750,1,2.233788239
365760,1,2.234053373
365770,1,2.234318518
365780,1,2.234583562
365790,1,2.234849066
365800,1,2.235114161
365810,1,2.235379604
365820,1,2.235644841
365830,1,2.235910424
365840,1,2.236175642
365850,1,2.236441326
365860,1,2.236706725
365870,1,2.236972373
365880,1,2.237237673
365890,1,2.237503254
365900,1,2.237768747
365910,1,2.23803445
365920,1,2.238300321
365930,1,2.238566137
365940,1,2.238831709
365950,1,2.239097513
365960,1,2.239363446
365970,1,2.239629383
365980,1,2.239895233
365990,1,2.240161199
366000,1,2.240427042
366010,1,2.240693163
366020,1,2.240959295
366030,1,2.241225292
366040,1,2.241491192
366050,1,2.241757442
366060,1,2.242023894
366070,1,2.242289743
366080,1,2.242556025
366090,1,2.242822323
366100,1,2.243088691
366110,1,2.243354987
366120,1,2.24362139
366130,1,2.243887561
366140,1,2.244154154
366150,1,2.244420564
366160,1,2.244687181
366170,1,2.244953649
366180,1,2.245220217
366190,1,2.245486654
366200,1,2.245753331
366210,1,2.246019971
366220,1,2.24628649
366230,1,2.246553205
366240,1,2.24681986
366250,1,2.247086784
366260,1,2.247353611
366270,1,2.247620476
366280,1,2.247887396
366290,1,2.248154057
366300,1,2.248421095
366310,1,2.248688198
366320,1,2.248954924
366330,1,2.249222074
366340,1,2.249489083
366350,1,2.249756015
366360,1,2.250023097
366370,1,2.250290298
366380,1,2.250557368
366390,1,2.250824624
366400,1,2.251091673
366410,1,2.25135906
366420,1,2.251626119
366430,1,2.251893531
366440,1,2.252160874
366450,1,2.252428174
366460,1,2.2526954
366470,1,2.252962651
366480,1,2.253230208
366490,1,2.253497766
366500,1,2.253765234
366510,1,2.254032766
366520,1,2.254300226
366530,1,2.254567718
366540,1,2.254835321
366550,1,2.255102881
366560,1,2.255370468
366570,1,2.255638328
366580,1,2.255905936
366590,1,2.256173558
366600,1,2.256441194
366610,1,2.256709184
366620,1,2.256976731
366630,1,2.257244693
366640,1,2.257512274
366650,1,2.257780307
366660,1,2.2580482
366670,1,2.258315861
366680,1,2.258583976
366690,1,2.258851863
366700,1,2.259119779
366710,1,2.259387801
366720,1,2.259655898
366730,1,2.259923699
366740,1,2.260191864
366750,1,2.260459912
366760,1,2.260728049
366770,1,2.260996371
366780,1,2.261264379
366790,1,2.261532534
366800,1,2.261800612
366810,1,2.262068935
366820,1,2.262337102
366830,1,2.262605457
366840,1,2.262873658
366850,1,2.263141999
366860,1,2.263410237
366870,1,2.263678655
366880,1,2.263946957
366890,1,2.264215514
366900,1,2.264483886
366910,1,2.264752229
366920,1,2.265020475
366930,1,2.265289209
366940,1,2.265557498
366950,1,2.265826093
366960,1,2.266094606
366970,1,2.266363203
366980,1,2.266631793
366990,1,2.266900365
367000,1,2.26716884
367010,1,2.267437519
367020,1,2.267706166
367030,1,2.267974732
367040,1,2.268243594
367050,1,2.268512287
367060,1,2.268780817
367070,1,2.269049644
367080,1,2.269318339
367090,1,2.269587243
367100,1,2.269855852
367110,1,2.270124565
367120,1,2.270393407
367130,1,2.270662564
367140,1,2.270931217
367150,1,2.271200101
367160,1,2.271468976
367170,1,2.271737831
367180,1,2.272006796
367190,1,2.272275706
367200,1,2.272544682
367210,1,2.272813615
367220,1,2.273082769
367230,1,2.273351699
367240,1,2.273620722
367250,1,2.273889738
367260,1,2.274158717
367270,1,2.274427873
367280,1,2.274696767
367290,1,2.274966126
367300,1,2.275235144
367310,1,2.275504174
367320,1,2.275773292
367330,1,2.276042467
367340,1,2.276311659
367350,1,2.276580825
367360,1,2.276849946
367370,1,2.277119275
367380,1,2.2773885
367390,1,2.277657775
367400,1,2.277926949
367410,1,2.278196148
367420,1,2.278465557
367430,1,2.278734985
367440,1,2.279004248
367450,1,2.27927338
367460,1,2.27954268
367470,1,2.279811988
367480,1,2.280081544
367490,1,2.280350917
367500,1,2.280620171
367510,1,2.280889773
367520,1,2.281159047
367530,1,2.28142834
367540,1,2.28169773
367550,1,2.281967098
367560,1,2.282236704
367570,1,2.28250617
367580,1,2.282775897
367590,1,2.283045254
367600,1,2.283314737
367610,1,2.283583944
367620,1,2.283853572
367630,1,2.28412308
367640,1,2.284392623
367650,1,2.284662151
367660,1,2.284931704
367670,1,2.285201399
367680,1,2.285470924
367690,1,2.285740525
367700,1,2.286010027
367710,1,2.286279566
367720,1,2.286549229
367730,1,2.286818802
367740,1,2.287088662
367750,1,2.287358027
367760,1,2.287627693
367770,1,2.287897272
367780,1,2.288167018
367790,1,2.288436749
367800,1,2.288706309
367810,1,2.288976055
367820,1,2.289245716
367830,1,2.289515081
367840,1,2.289785208
367850,1,2.290054785
367860,1,2.290324581
367870,1,2.290594324
367880,1,2.290863731
367890,1,2.291133737
367900,1,2.291403464
367910,1,2.291673054
367920,1,2.29194288
367930,1,2.292212562
367940,1,2.292482264
367950,1,2.292752326
367960,1,2.293021777
367970,1,2.293291677
367980,1,2.293561478
367990,1,2.293831331
368000,1,2.29410097
368010,1,2.294370786
368020,1,2.294640711
368030,1,2.294910587
368040,1,2.295180307
368050,1,2.295450171
368060,1,2.29571982
368070,1,2.295989671
368080,1,2.296259583
368090,1,2.296529115
368100,1,2.29679933
368110,1,2.297068929
368120,1,2.297338892
368130,1,2.297608603
368140,1,2.2978785
368150,1,2.298148355
368160,1,2.298418322
368170,1,2.298688019
368180,1,2.298957948
368190,1,2.299227743
368200,1,2.299497754
368210,1,2.299767559
368220,1,2.300037265
368230,1,2.300307109
368240,1,2.300577169
368250,1,2.30084697
368260,1,2.301116794
368270,1,2.301386623
368280,1,2.301656558
368290,1,2.301926389
368300,1,2.302196277
368310,1,2.302466228
368320,1,2.302735962
368330,1,2.303005878
368340,1,2.303275753
368350,1,2.303545694
368360,1,2.303815524
368370,1,2.304085373
368380,1,2.304355189
368390,1,2.304625197
368400,1,2.304895014
368410,1,2.305164746
368420,1,2.305434412
368430,1,2.30570454
368440,1,2.305974348
368450,1,2.30624414
368460,1,2.306513942
368470,1,2.306783983
368480,1,2.307053779
368490,1,2.307323569
368500,1,2.307593489
368510,1,2.307863393
368520,1,2.308133074
368530,1,2.308403217
368540,1,2.308672775
368550,1,2.308942666
368560,1,2.309212421
368570,1,2.309482443
368580,1,2.309751893
368590,1,2.31002188
368600,1,2.310291661
368610,1,2.310561617
368620,1,2.31083141
368630,1,2.311101038
368640,1,2.311370735
368650,1,2.311640614
368660,1,2.311910508
368670,1,2.312180219
368680,1,2.312450145
368690,1,2.312719893
368700,1,2.312989588
368710,1,2.313259281
368720,1,2.313529187
368730,1,2.313798869
368740,1,2.314068526
368750,1,2.314338168
368760,1,2.314608123
368770,1,2.314877785
368780,1,2.315147479
368790,1,2.31541731
368800,1,2.315687024
368810,1,2.315956608
368820,1,2.316226178
368830,1,2.316495844
368840,1,2.316765638
368850,1,2.317035063
368860,1,2.317304951
368870,1,2.317574533
368880,1,2.317844167
368890,1,2.318114086
368900,1,2.318383622
368910,1,2.318653203
368920,1,2.318922834
368930,1,2.319192308
368940,1,2.319461879
368950,1,2.31973135
368960,1,2.320000858
368970,1,2.320270597
368980,1,2.320540002
368990,1,2.320809576
369000,1,2.321079246
369010,1,2.321348837
369020,1,2.321618294
369030,1,2.321887635
369040,1,2.322157317
369050,1,2.322426892
369060,1,2.322696252
369070,1,2.32296556
369080,1,2.323235197
369090,1,2.323504535
369100,1,2.323773968
369110,1,2.324043369
369120,1,2.324312944
369130,1,2.32458215
369140,1,2.324851429
369150,1,2.325120855
369160,1,2.325390324
369170,1,2.325659696
369180,1,2.325928973
369190,1,2.326198542
369200,1,2.326467552
369210,1,2.3267368
369220,1,2.327006111
369230,1,2.327275481
369240,1,2.327544678
369250,1,2.327814062
369260,1,2.32808345
369270,1,2.3283525
369280,1,2.328621601
369290,1,2.328890874
369300,1,2.329159974
369310,1,2.329429228
369320,1,2.329698364
369330,1,2.329967466
369340,1,2.330236567
369350,1,2.330505522
369360,1,2.330774765
369370,1,2.331043774
369380,1,2.331312966
369390,1,2.331581842
369400,1,2.33185094
369410,1,2.332119995
369420,1,2.332389061
369430,1,2.332657889
369440,1,2.332927066
369450,1,2.333195924
369460,1,2.333464672
369470,1,2.333733756
369480,1,2.334002548
369490,1,2.334271473
369500,1,2.334540169
369510,1,2.3348092
369520,1,2.335078052
369530,1,2.335346911
369540,1,2.33561568
369550,1,2.335884359
369560,1,2.336153152
369570,1,2.336421898
369580,1,2.336690591
369590,1,2.336959421
369600,1,2.337228019
369610,1,2.33749672
369620,1,2.337765322
369630,1,2.338033935
369640,1,2.338302501
369650,1,2.33857119
369660,1,2.338839719
369670,1,2.339108285
369680,1,2.339376999
369690,1,2.33964536
369700,1,2.339913851
369710,1,2.340182083
369720,1,2.340450776
369730,1,2.340719123
369740,1,2.340987473
369750,1,2.341255981
369760,1,2.341524333
369770,1,2.341792634
369780,1,2.342061121
369790,1,2.342329303
369800,1,2.34259777
369810,1,2.342865752
369820,1,2.343134101
369830,1,2.343402294
369840,1,2.343670643
369850,1,2.343938692
369860,1,2.344206946
369870,1,2.344474911
369880,1,2.344742956
369890,1,2.34501136
369900,1,2.345279393
369910,1,2.345547469
369920,1,2.345815537
369930,1,2.346083345
369940,1,2.346351453
369950,1,2.346619318
369960,1,2.346887162
369970,1,2.34715518
369980,1,2.34742317
369990,1,2.347690888
370000,1,2.347958638
370010,1,2.348226603
370020,1,2.348494388
370030,1,2.348762229
370040,1,2.349029926
370050,1,2.349297571
370060,1,2.349565254
370070,1,2.349832743
370080,1,2.350100472
370090,1,2.350368151
370100,1,2.350635691
370110,1,2.3509031
370120,1,2.351170864
370130,1,2.351438237
370140,1,2.351705703
370150,1,2.35197328
370160,1,2.352240685
370170,1,2.352508072
370180,1,2.35277526
370190,1,2.353042625
370200,1,2.353310114
370210,1,2.35357725
370220,1,2.353844646
370230,1,2.354111785
370240,1,2.354379165
370250,1,2.354646172
370260,1,2.354913472
370270,1,2.355180644
370280,1,2.355447685
370290,1,2.355714461
370300,1,2.355981668
370310,1,2.356248787
370320,1,2.356516014
370330,1,2.356782649
370340,1,2.357049551
370350,1,2.357316615
370360,1,2.357583598
370370,1,2.357850211
370380,1,2.358117123
370390,1,2.35838368
370400,1,2.358650527
370410,1,2.358917238
370420,1,2.359184022
370430,1,2.359450668
370440,1,2.359717205
370450,1,2.359983866
370460,1,2.360250507
370470,1,2.360516973
370480,1,2.360783493
370490,1,2.361050043
370500,1,2.361316152
370510,1,2.361582995
370520,1,2.361849221
370530,1,2.362115676
370540,1,2.362381893
370550,1,2.362648175
370560,1,2.362914339
370570,1,2.36318075
370580,1,2.36344688
370590,1,2.363712892
370600,1,2.363978935
370610,1,2.364245252
370620,1,2.36451133
370630,1,2.364777157
370640,1,2.365043315
370650,1,2.365309021
370660,1,2.365575073
370670,1,2.365840927
370680,1,2.366107022
370690,1,2.366372719
370700,1,2.366638399
370710,1,2.366904255
370720,1,2.367169953
370730,1,2.36743569
370740,1,2.367701152
370750,1,2.367966767
370760,1,2.368232608
370770,1,2.368497953
370780,1,2.368763401
370790,1,2.369029074
370800,1,2.369294266
370810,1,2.369559793
370820,1,2.36982517
370830,1,2.37009053
370840,1,2.370355721
370850,1,2.37062097
370860,1,2.370886327
370870,1,2.371151573
370880,1,2.371416486
370890,1,2.371681755
370900,1,2.371946866
370910,1,2.37221182
370920,1,2.372476932
370930,1,2.372741613
370940,1,2.373006601
370950,1,2.37327152
370960,1,2.373536522
370970,1,2.373801341
370980,1,2.37406602
370990,1,2.374330775
371000,1,2.374595519
371010,1,2.374860322
371020,1,2.375124681
371030,1,2.375389309
371040,1,2.375653897
371050,1,2.375918483
371060,1,2.376182763
371070,1,2.376447144
371080,1,2.376711571
371090,1,2.376975923
371100,1,2.377240193
371110,1,2.377504493
371120,1,2.37776882
371130,1,2.37803286
371140,1,2.378297012
371150,1,2.378561017
371160,1,2.378825214
371170,1,2.37908927
371180,1,2.379353261
371190,1,2.379617148
371200,1,2.379880977
371210,1,2.380144922
371220,1,2.380408743
371230,1,2.380672524
371240,1,2.380936091
371250,1,2.38119985
371260,1,2.381463488
371270,1,2.381727172
371280,1,2.381990767
371290,1,2.382254343
371300,1,2.382517683
371310,1,2.382781247
371320,1,2.38304451
371330,1,2.383307976
371340,1,2.383571233
371350,1,2.383834446
371360,1,2.384097455
371370,1,2.384361027
371380,1,2.384623883
371390,1,2.384887182
371400,1,2.38515015
371410,1,2.385412969
371420,1,2.385676041
371430,1,2.385938881
371440,1,2.386201805
371450,1,2.386464658
371460,1,2.386727412
371470,1,2.386990075
371480,1,2.387252754
371490,1,2.387515476
371500,1,2.387777989
371510,1,2.388040448
371520,1,2.388303041
371530,1,2.388565441
371540,1,2.388827988
371550,1,2.389090178
371560,1,2.389352435
371570,1,2.389614899
371580,1,2.389877232
371590,1,2.390139145
371600,1,2.390401469
371610,1,2.390663525
371620,1,2.39092563
371630,1,2.391187344
371640,1,2.391449409
371650,1,2.391711211
371660,1,2.391973234
371670,1,2.392234914
371680,1,2.392496757
371690,1,2.392758528
371700,1,2.393020042
371710,1,2.393281581
371720,1,2.393543252
371730,1,2.39380485
371740,1,2.394066255
371750,1,2.39432769
371760,1,2.394589081
371770,1,2.394850247
371780,1,2.395111596
371790,1,2.395372743
371800,1,2.395634053
371810,1,2.395894961
371820,1,2.396156189
371830,1,2.396417236
371840,1,2.396678179
371850,1,2.396939149
371860,1,2.397199794
371870,1,2.397460713
371880,1,2.397721674
371890,1,2.397982109
371900,1,2.398242739
371910,1,2.398503282
371920,1,2.398764361
371930,1,2.399024502
371940,1,2.399284962
371950,1,2.399545353
371960,1,2.399805705
371970,1,2.40006594
371980,1,2.400326174
371990,1,2.400586336
372000,1,2.400846455
372010,1,2.401106722
372020,1,2.401366689
372030,1,2.401626631
372040,1,2.401886395
372050,1,2.402146555
372060,1,2.402406263
372070,1,2.402666115
372080,1,2.402925672
372090,1,2.403185376
372100,1,2.403444883
372110,1,2.403704601
372120,1,2.403964233
372130,1,2.404223543
372140,1,2.404482865
372150,1,2.404742143
372160,1,2.405001397
372170,1,2.405260617
372180,1,2.405519807
372190,1,2.405778999
372200,1,2.406038133
372210,1,2.406296898
372220,1,2.406556003
372230,1,2.406814949
372240,1,2.407073652
372250,1,2.407332367
372260,1,2.407590924
372270,1,2.407849962
372280,1,2.408108513
372290,1,2.408367028
372300,1,2.4086255
372310,1,2.408883992
372320,1,2.409142499
372330,1,2.409400768
372340,1,2.409658779
372350,1,2.409917237
372360,1,2.410175424
372370,1,2.410433522
372380,1,2.410691665
372390,1,2.410949503
372400,1,2.411207265
372410,1,2.411465064
372420,1,2.41172304
372430,1,2.411980806
372440,1,2.412238399
372450,1,2.412496243
372460,1,2.412753674
372470,1,2.41301132
372480,1,2.413268691
372490,1,2.413526034
372500,1,2.413783466
372510,1,2.414040657
372520,1,2.414297998
372530,1,2.414555095
372540,1,2.414812091
372550,1,2.415069126
372560,1,2.415326103
372570,1,2.415582991
372580,1,2.415839832
372590,1,2.416096648
372600,1,2.416353502
372610,1,2.416610067
372620,1,2.416866735
372630,1,2.417123416
372640,1,2.417379929
372650,1,2.417636168
372660,1,2.417892454
372670,1,2.418148672
372680,1,2.418405134
372690,1,2.418661232
372700,1,2.418917389
372710,1,2.419173378
372720,1,2.419429466
372730,1,2.419685387
372740,1,2.419941261
372750,1,2.420196997
372760,1,2.420452647
372770,1,2.42070853
372780,1,2.420963964
372790,1,2.421219736
372800,1,2.421475099
372810,1,2.421730461
372820,1,2.421985864
372830,1,2.422241482
372840,1,2.422496278
372850,1,2.42275158
372860,1,2.42300663
372870,1,2.423261562
372880,1,2.423516648
372890,1,2.423771584
372900,1,2.424026334
372910,1,2.424281176
372920,1,2.424535763
372930,1,2.424790463
372940,1,2.425045062
372950,1,2.425299602
372960,1,2.425553931
372970,1,2.425808524
372980,1,2.42606264
372990,1,2.426316804
373000,1,2.4265712
373010,1,2.426825369
373020,1,2.427079406
373030,1,2.427333519
373040,1,2.42758718
373050,1,2.427841216
373060,1,2.428094895
373070,1,2.428348617
373080,1,2.42860221
373090,1,2.428855968
373100,1,2.429109358
373110,1,2.429362833
373120,1,2.429616284
373130,1,2.429869502
373140,1,2.43012277
373150,1,2.43037593
373160,1,2.430629168
373170,1,2.430882178
373180,1,2.431134974
373190,1,2.431388048
373200,1,2.431640753
373210,1,2.431893409
373220,1,2.432146157
373230,1,2.432398842
373240,1,2.432651416
373250,1,2.432903878
373260,1,2.433156318
373270,1,2.433408605
373280,1,2.433660955
373290,1,2.433913182
373300,1,2.434165169
373310,1,2.434417405
373320,1,2.43466924
373330,1,2.434921221
373340,1,2.435173073
373350,1,2.435424798
373360,1,2.435676549
373370,1,2.43592816
373380,1,2.436179777
373390,1,2.436431199
373400,1,2.436682967
373410,1,2.436933973
373420,1,2.437185427
373430,1,2.437436516
373440,1,2.437687585
373450,1,2.437938641
373460,1,2.438189797
373470,1,2.438440744
373480,1,2.438691541
373490,1,2.438942093
373500,1,2.439192952
373510,1,2.439443523
373520,1,2.439694192
373530,1,2.439944658
373540,1,2.440195071
373550,1,2.440445176
373560,1,2.440695595
373570,1,2.440945774
373580,1,2.441195755
373590,1,2.441445889
373600,1,2.44169574
373610,1,2.441945604
373620,1,2.44219537
373630,1,2.442445293
373640,1,2.442694812
373650,1,2.442944693
373660,1,2.44319396
373670,1,2.443443434
373680,1,2.443693028
373690,1,2.443942126
373700,1,2.444191527
373710,1,2.44444046
373720,1,2.44468941
373730,1,2.444938321
373740,1,2.445187334
373750,1,2.445436302
373760,1,2.44568485
373770,1,2.445933477
373780,1,2.446182286
373790,1,2.446430675
373800,1,2.446679061
373810,1,2.446927438
373820,1,2.447175823
373830,1,2.447423929
373840,1,2.447671957
373850,1,2.44792024
373860,1,2.448168144
373870,1,2.448415927
373880,1,2.448663802
373890,1,2.448911402
373900,1,2.449159236
373910,1,2.449406906
373920,1,2.449654213
373930,1,2.449901557
373940,1,2.45014891
373950,1,2.450396445
373960,1,2.450643376
373970,1,2.450890554
373980,1,2.451137663
373990,1,2.451384546
374000,1,2.451631651
374010,1,2.451878231
374020,1,2.452125088
374030,1,2.45237154
374040,1,2.45261816
374050,1,2.452864919
374060,1,2.453111021
374070,1,2.453357521
374080,1,2.453603368
374090,1,2.453849872
374100,1,2.454095805
374110,1,2.454341951
374120,1,2.454587632
374130,1,2.454833488
374140,1,2.455079202
374150,1,2.45532485
374160,1,2.455570313
374170,1,2.455816035
374180,1,2.456061438
374190,1,2.456306591
374200,1,2.456551861
374210,1,2.456797053
374220,1,2.457042252
374230,1,2.45728724
374240,1,2.457532144
374250,1,2.45777708
374260,1,2.458021716
374270,1,2.458266371
374280,1,2.458510913
374290,1,2.458755568
374300,1,2.458999729
374310,1,2.459244307
374320,1,2.459488469
374330,1,2.459732422
374340,1,2.459976782
374350,1,2.460220631
374360,1,2.460464339
374370,1,2.46070836
374380,1,2.460952085
374390,1,2.461195608
374400,1,2.461439547
374410,1,2.461682839
374420,1,2.461926505
374430,1,2.462169477
374440,1,2.462412807
374450,1,2.462655828
374460,1,2.462898823
374470,1,2.463141942
374480,1,2.463384747
374490,1,2.463627735
374500,1,2.463870198
374510,1,2.4641129
374520,1,2.464355654
374530,1,2.464597955
374540,1,2.464840225
374550,1,2.465082631
374560,1,2.465324755
374570,1,2.465567061
374580,1,2.465808956
374590,1,2.466050924
374600,1,2.466292799
374610,1,2.46653438
374620,1,2.46677605
374630,1,2.467017603
374640,1,2.467259208
374650,1,2.467500581
374660,1,2.467741722
374670,1,2.46798302
374680,1,2.46822439
374690,1,2.468465345
374700,1,2.468706191
374710,1,2.468947118
374720,1,2.46918796
374730,1,2.46942851
374740,1,2.469669169
374750,1,2.469909679
374760,1,2.47015017
374770,1,2.470390607
374780,1,2.470630795
374790,1,2.470870727
374800,1,2.471111067
374810,1,2.471350768
374820,1,2.471590947
374830,1,2.471830502
374840,1,2.47207035
374850,1,2.472309747
374860,1,2.472549304
374870,1,2.472788793
374880,1,2.473028155
374890,1,2.47326727
374900,1,2.473506579
374910,1,2.473745653
374920,1,2.473984516
374930,1,2.474223434
374940,1,2.474462214
374950,1,2.4747009
374960,1,2.474939535
374970,1,2.475177917
374980,1,2.475416355
374990,1,2.475654486
375000,1,2.475892847
375010,1,2.476131179
375020,1,2.47636913
375030,1,2.476607159
375040,1,2.476845063
375050,1,2.477082808
375060,1,2.477320253
375070,1,2.477557919
375080,1,2.477795254
375090,1,2.478032645
375100,1,2.478270036
375110,1,2.478507246
375120,1,2.478744218
375130,1,2.478981387
375140,1,2.47921823
375150,1,2.479455194
375160,1,2.479691871
375170,1,2.479928369
375180,1,2.480164899
375190,1,2.480401528
375200,1,2.480637574
375210,1,2.480874051
375220,1,2.481110146
375230,1,2.481346213
375240,1,2.48158209
375250,1,2.481818155
375260,1,2.482053963
375270,1,2.482289643
375280,1,2.482525102
375290,1,2.482760454
375300,1,2.482995979
375310,1,2.483231198
375320,1,2.483466435
375330,1,2.483701637
375340,1,2.483936535
375350,1,2.484171211
375360,1,2.484406174
375370,1,2.484640786
375380,1,2.484875534
375390,1,2.485109936
375400,1,2.485344397
375410,1,2.485578885
375420,1,2.485813014
375430,1,2.486047091
375440,1,2.48628123
375450,1,2.486515025
375460,1,2.486748865
375470,1,2.486982549
375480,1,2.487216147
375490,1,2.48744978
375500,1,2.487683071
375510,1,2.487916506
375520,1,2.488149746
375530,1,2.488382828
375540,1,2.488615825
375550,1,2.488848776
375560,1,2.48908157
375570,1,2.489314242
375580,1,2.489546761
375590,1,2.489779489
375600,1,2.490012005
375610,1,2.490244112
375620,1,2.490476318
375630,1,2.490708398
375640,1,2.49094056
375650,1,2.49117241
375660,1,2.491404357
375670,1,2.491636128
375680,1,2.491867731
375690,1,2.49209919
375700,1,2.492330549
375710,1,2.492561816
375720,1,2.492793168
375730,1,2.493024317
375740,1,2.493255226
375750,1,2.49348618
375760,1,2.493716779
375770,1,2.493947809
375780,1,2.49417812
375790,1,2.494408705
375800,1,2.494639217
375810,1,2.494869374
375820,1,2.495099714
375830,1,2.495329836
375840,1,2.495559733
375850,1,2.495789429
375860,1,2.496019208
375870,1,2.496248936
375880,1,2.496478568
375890,1,2.496707958
375900,1,2.496937315
375910,1,2.497166693
375920,1,2.497395734
375930,1,2.497624747
375940,1,2.497853795
375950,1,2.49808259
375960,1,2.498311049
375970,1,2.498539845
375980,1,2.498768494
375990,1,2.49899684
376000,1,2.499225219
376010,1,2.499453507
376020,1,2.499681394
376030,1,2.499909794
376040,1,2.500137118
376050,1,2.500365133
376060,1,2.500592905
376070,1,2.500820247
376080,1,2.501047845
376090,1,2.501275147
376100,1,2.501502324
376110,1,2.501729568
376120,1,2.501956607
376130,1,2.502183542
376140,1,2.502410283
376150,1,2.502637002
376160,1,2.502863573
376170,1,2.503090074
376180,1,2.503316666
376190,1,2.503542631
376200,1,2.503768801
376210,1,2.503994928
376220,1,2.504221184
376230,1,2.504446911
376240,1,2.504672481
376250,1,2.504898238
376260,1,2.50512356
376270,1,2.505349247
376280,1,2.505574748
376290,1,2.505799554
376300,1,2.506024661
376310,1,2.506249901
376320,1,2.50647465
376330,1,2.506699334
376340,1,2.506924072
376350,1,2.50714857
376360,1,2.507373011
376370,1,2.507597266
376380,1,2.507821558
376390,1,2.508045573
376400,1,2.508269529
376410,1,2.508493341
376420,1,2.508717321
376430,1,2.508941127
376440,1,2.509164707
376450,1,2.509387955
376460,1,2.509611177
376470,1,2.509834554
376480,1,2.510057594
376490,1,2.510280555
376500,1,2.51050347
376510,1,2.510726182
376520,1,2.510948933
376530,1,2.51117146
376540,1,2.511393772
376550,1,2.511616049
376560,1,2.51183845
376570,1,2.51206065
376580,1,2.512282743
376590,1,2.512504463
376600,1,2.512725951
376610,1,2.512947681
376620,1,2.513169253
376630,1,2.513390842
376640,1,2.513612129
376650,1,2.513833287
376660,1,2.514054267
376670,1,2.514275248
376680,1,2.514496292
376690,1,2.514716823
376700,1,2.514937441
376710,1,2.515157886
376720,1,2.515378633
376730,1,2.515598867
376740,1,2.515818814
376750,1,2.516039214
376760,1,2.516258942
376770,1,2.516478837
376780,1,2.516698407
376790,1,2.516918159
376800,1,2.517137523
376810,1,2.517356911
376820,1,2.517576056
376830,1,2.517795348
376840,1,2.518014331
376850,1,2.518233212
376860,1,2.518452131
376870,1,2.518670662
376880,1,2.518889363
376890,1,2.519107779
376900,1,2.519325942
376910,1,2.519544239
376920,1,2.519762264
376930,1,2.519980142
376940,1,2.520198192
376950,1,2.52041597
376960,1,2.520633504
376970,1,2.520851134
376980,1,2.521068601
376990,1,2.521285602
377000,1,2.521502966
377010,1,2.521720112
377020,1,2.52193664
377030,1,2.522153623
377040,1,2.522370369
377050,1,2.522587111
377060,1,2.522803351
377070,1,2.52301967
377080,1,2.523235952
377090,1,2.523451799
377100,1,2.52366791
377110,1,2.523883923
377120,1,2.5240996
377130,1,2.524315129
377140,1,2.524530819
377150,1,2.524746049
377160,1,2.524961266
377170,1,2.525176664
377180,1,2.525391585
377190,1,2.525606325
377200,1,2.525821043
377210,1,2.526035835
377220,1,2.526250395
377230,1,2.526464852
377240,1,2.526679101
377250,1,2.526893474
377260,1,2.527107403
377270,1,2.527321402
377280,1,2.527535229
377290,1,2.52774893
377300,1,2.527962542
377310,1,2.528176006
377320,1,2.528389196
377330,1,2.528602313
377340,1,2.528815807
377350,1,2.529028487
377360,1,2.529241398
377370,1,2.529454202
377380,1,2.529667114
377390,1,2.52987935
377400,1,2.530091635
377410,1,2.530303866
377420,1,2.530515867
377430,1,2.530728374
377440,1,2.530939875
377450,1,2.531151863
377460,1,2.531363451
377470,1,2.531574997
377480,1,2.531786141
377490,1,2.531997615
377500,1,2.532208752
377510,1,2.532419764
377520,1,2.532630644
377530,1,2.532841484
377540,1,2.533051816
377550,1,2.533262569
377560,1,2.533472892
377570,1,2.53368334
377580,1,2.533893256
377590,1,2.534103365
377600,1,2.534313388
377610,1,2.534522873
377620,1,2.534732634
377630,1,2.534941987
377640,1,2.535151471
377650,1,2.535361027
377660,1,2.535570155
377670,1,2.535779077
377680,1,2.535988066
377690,1,2.53619673
377700,1,2.536405538
377710,1,2.536614018
377720,1,2.536822532
377730,1,2.537030568
377740,1,2.537238904
377750,1,2.537446848
377760,1,2.537654671
377770,1,2.537862741
377780,1,2.538070318
377790,1,2.538277764
377800,1,2.53848527
377810,1,2.53869247
377820,1,2.538899652
377830,1,2.539106551
377840,1,2.539313622
377850,1,2.539520267
377860,1,2.539727178
377870,1,2.539933335
377880,1,2.540139898
377890,1,2.540346019
377900,1,2.540552111
377910,1,2.54075811
377920,1,2.540964104
377930,1,2.541169847
377940,1,2.541375517
377950,1,2.541580811
377960,1,2.541786298
377970,1,2.541991482
377980,1,2.542196576
377990,1,2.542401738
378000,1,2.542606403
378010,1,2.542811121
378020,1,2.543015747
378030,1,2.54322028
378040,1,2.543424636
378050,1,2.543628675
378060,1,2.543832708
378070,1,2.544036669
378080,1,2.544240526
378090,1,2.544444238
378100,1,2.544647631
378110,1,2.544851216
378120,1,2.545054428
378130,1,2.545257511
378140,1,2.545460647
378150,1,2.545663648
378160,1,2.545866154
378170,1,2.546068933
378180,1,2.546271441
378190,1,2.546473947
378200,1,2.546675995
378210,1,2.546878215
378220,1,2.54707994
378230,1,2.547282003
378240,1,2.547483759
378250,1,2.547685107
378260,1,2.547886895
378270,1,2.548088082
378280,1,2.548289335
378290,1,2.548490232
378300,1,2.548691453
378310,1,2.548892166
378320,1,2.549092739
378330,1,2.549293255
378340,1,2.549493665
378350,1,2.549694022
378360,1,2.54989408
378370,1,2.55009436
378380,1,2.550294174
378390,1,2.550493671
378400,1,2.55069335
378410,1,2.550892679
378420,1,2.551092111
378430,1,2.551291328
378440,1,2.551490302
378450,1,2.551689464
378460,1,2.551888219
378470,1,2.552086731
378480,1,2.552285265
378490,1,2.552483879
378500,1,2.552682048
378510,1,2.552880142
378520,1,2.553078162
378530,1,2.553275908
378540,1,2.553473602
378550,1,2.553671319
378560,1,2.553868731
378570,1,2.554066079
378580,1,2.55426331
378590,1,2.554460481
378600,1,2.554657114
378610,1,2.554853988
378620,1,2.555050722
378630,1,2.555247361
378640,1,2.555443733
378650,1,2.555640028
378660,1,2.555836033
378670,1,2.556031888
378680,1,2.556227968
378690,1,2.556423341
378700,1,2.556619129
378710,1,2.55681461
378720,1,2.557009862
378730,1,2.55720497
378740,1,2.557399953
378750,1,2.557594637
378760,1,2.557789599
378770,1,2.557984148
378780,1,2.558178526
378790,1,2.558372837
378800,1,2.558567287
378810,1,2.558761287
378820,1,2.558955111
378830,1,2.55914904
378840,1,2.55934258
378850,1,2.559536165
378860,1,2.559729376
378870,1,2.559922783
378880,1,2.560115791
378890,1,2.560308634
378900,1,2.560501568
378910,1,2.560694298
378920,1,2.560886796
378930,1,2.56107924
378940,1,2.561271376
378950,1,2.56146377
378960,1,2.561655585
378970,1,2.561847243
378980,1,2.562039129
378990,1,2.562230513
379000,1,2.562422145
379010,1,2.562613374
379020,1,2.562804473
379030,1,2.562995413
379040,1,2.563186502
379050,1,2.563377144
379060,1,2.563567451
379070,1,2.563758156
379080,1,2.563948418
379090,1,2.56413886
379100,1,2.564328542
379110,1,2.564518688
379120,1,2.564708306
379130,1,2.564897965
379140,1,2.565087384
379150,1,2.565276638
379160,1,2.565465822
379170,1,2.565654989
379180,1,2.565843754
379190,1,2.566032576
379200,1,2.566221112
379210,1,2.566409801
379220,1,2.566598022
379230,1,2.566786346
379240,1,2.566974283
379250,1,2.567162102
379260,1,2.567350041
379270,1,2.567537617
379280,1,2.56772502
379290,1,2.567912323
379300,1,2.568099596
379310,1,2.568286716
379320,1,2.56847352
379330,1,2.5686603
379340,1,2.568846904
379350,1,2.569033351
379360,1,2.569219667
379370,1,2.569405929
379380,1,2.569592031
379390,1,2.569777905
379400,1,2.569963589
379410,1,2.570149272
379420,1,2.570334873
379430,1,2.570520045
379440,1,2.570705285
379450,1,2.570890288
379460,1,2.571075221
379470,1,2.571259951
379480,1,2.571444791
379490,1,2.571629138
379500,1,2.571813548
379510,1,2.571997611
379520,1,2.57218157
379530,1,2.572365554
379540,1,2.572549429
379550,1,2.572732944
379560,1,2.57291643
379570,1,2.573099527
379580,1,2.573282588
379590,1,2.573465813
379600,1,2.573648639
379610,1,2.573831302
379620,1,2.574013977
379630,1,2.57419632
379640,1,2.574378773
379650,1,2.574560904
379660,1,2.574742939
379670,1,2.574924782
379680,1,2.575106453
379690,1,2.575288014
379700,1,2.575469451
379710,1,2.575650882
379720,1,2.575831865
379730,1,2.576012836
379740,1,2.576193556
379750,1,2.576374189
379760,1,2.576554934
379770,1,2.576735275
379780,1,2.576915555
379790,1,2.577095484
379800,1,2.577275719
379810,1,2.577455138
379820,1,2.577634774
379830,1,2.577814498
379840,1,2.577993811
379850,1,2.578172927
379860,1,2.578351978
379870,1,2.578531018
379880,1,2.578709917
379890,1,2.578888434
379900,1,2.579066753
379910,1,2.579245072
379920,1,2.579423035
379930,1,2.579601145
379940,1,2.579779287
379950,1,2.579956996
379960,1,2.580134482
379970,1,2.580311606
379980,1,2.580489402
379990,1,2.58066619
380000,1,2.580843195
380010,1,2.581019982
380020,1,2.581196811
380030,1,2.581373396
380040,1,2.58154971
380050,1,2.581726106
380060,1,2.581902293
380070,1,2.582077925
380080,1,2.582253863
380090,1,2.582429519
380100,1,2.582604848
380110,1,2.582780302
380120,1,2.582955373
380130,1,2.58313014
380140,1,2.583305331
380150,1,2.583480056
380160,1,2.583654682
380170,1,2.583828932
380180,1,2.58400322
380190,1,2.584177466
380200,1,2.584351438
380210,1,2.584525023
380220,1,2.584698826
380230,1,2.584872219
380240,1,2.585045763
380250,1,2.585218858
380260,1,2.585391977
380270,1,2.585564877
380280,1,2.585737658
380290,1,2.585910296
380300,1,2.586082638
380310,1,2.586254878
380320,1,2.586427117
380330,1,2.586599034
380340,1,2.586771057
380350,1,2.586942727
380360,1,2.587114099
380370,1,2.587285608
380380,1,2.587457091
380390,1,2.587627763
380400,1,2.587798852
380410,1,2.587969498
380420,1,2.588140195
380430,1,2.588310562
380440,1,2.588481059
380450,1,2.58865112
380460,1,2.588821108
380470,1,2.588991
380480,1,2.589160717
380490,1,2.589330137
380500,1,2.589499605
380510,1,2.589668867
380520,1,2.589837998
380530,1,2.590006775
380540,1,2.590175488
380550,1,2.590344353
380560,1,2.59051272
380570,1,2.59068101
380580,1,2.590849149
380590,1,2.591017207
380600,1,2.591185031
380610,1,2.591352671
380620,1,2.591520246
380630,1,2.591687568
380640,1,2.591854703
380650,1,2.592021905
380660,1,2.592188804
380670,1,2.5923556
380680,1,2.592522236
380690,1,2.592688738
380700,1,2.592854861
380710,1,2.593021034
380720,1,2.5931869
380730,1,2.593352775
380740,1,2.593518385
380750,1,2.593684055
380760,1,2.593849255
380770,1,2.594014609
380780,1,2.594179579
380790,1,2.594344535
380800,1,2.594509128
380810,1,2.594673778
380820,1,2.594838213
380830,1,2.595002775
380840,1,2.595166532
380850,1,2.595330516
380860,1,2.595494264
380870,1,2.595657854
380880,1,2.595821337
380890,1,2.595984615
380900,1,2.596147832
380910,1,2.596310853
380920,1,2.596473606
380930,1,2.596636265
380940,1,2.596798679
380950,1,2.596961265
380960,1,2.597123422
380970,1,2.597285536
380980,1,2.59744738
380990,1,2.597609172
381000,1,2.59777074
381010,1,2.597932045
381020,1,2.598093224
381030,1,2.598254669
381040,1,2.598415337
381050,1,2.598576134
381060,1,2.598736779
381070,1,2.598897279
381080,1,2.599057547
381090,1,2.599217581
381100,1,2.599377707
381110,1,2.599537523
381120,1,2.599697244
381130,1,2.599856531
381140,1,2.600016119
381150,1,2.600175129
381160,1,2.600334265
381170,1,2.600493008
381180,1,2.600651676
381190,1,2.600810164
381200,1,2.600968723
381210,1,2.601126898
381220,1,2.601284923
381230,1,2.6014428
381240,1,2.601600665
381250,1,2.60175815
381260,1,2.601915601
381270,1,2.602072897
381280,1,2.602229872
381290,1,2.602387069
381300,1,2.602543628
381310,1,2.602700294
381320,1,2.602856797
381330,1,2.603012908
381340,1,2.603169352
381350,1,2.603325103
381360,1,2.603480999
381370,1,2.603636582
381380,1,2.603792055
381390,1,2.603947397
381400,1,2.604102574
381410,1,2.604257451
381420,1,2.604412383
381430,1,2.604567143
381440,1,2.604721563
381450,1,2.604876086
381460,1,2.605029914
381470,1,2.60518412
381480,1,2.605337853
381490,1,2.605491806
381500,1,2.60564549
381510,1,2.605798734
381520,1,2.605951929
381530,1,2.606104826
381540,1,2.606257715
381550,1,2.606410615
381560,1,2.606563207
381570,1,2.606715429
381580,1,2.606867708
381590,1,2.607019988
381600,1,2.607171543
381610,1,2.607323461
381620,1,2.607475176
381630,1,2.607626271
381640,1,2.607777583
381650,1,2.60792885
381660,1,2.608079402
381670,1,2.608230328
381680,1,2.608380865
381690,1,2.608531357
381700,1,2.608681615
381710,1,2.608831716
381720,1,2.608981842
381730,1,2.609131533
381740,1,2.609281155
381750,1,2.609430599
381760,1,2.609579772
381770,1,2.609729173
381780,1,2.609877835
381790,1,2.610026575
381800,1,2.610175119
381810,1,2.61032371
381820,1,2.610471984
381830,1,2.610619935
381840,1,2.610767946
381850,1,2.610915818
381860,1,2.611063571
381870,1,2.611210973
381880,1,2.611358172
381890,1,2.611505427
381900,1,2.611652326
381910,1,2.611799294
381920,1,2.611945841
381930,1,2.612092278
381940,1,2.612238481
381950,1,2.612384806
381960,1,2.612530583
381970,1,2.612676563
381980,1,2.612821844
381990,1,2.612967561
382000,1,2.613112748
382010,1,2.613257872
382020,1,2.61340287
382030,1,2.613547498
382040,1,2.613692309
382050,1,2.613836773
382060,1,2.613980958
382070,1,2.614125154
382080,1,2.614269227
382090,1,2.614412795
382100,1,2.614556493
382110,1,2.614700063
382120,1,2.6148431
382130,1,2.614986506
382140,1,2.6151292
382150,1,2.615272231
382160,1,2.615414502
382170,1,2.615557215
382180,1,2.615699367
382190,1,2.615841596
382200,1,2.615983451
382210,1,2.616125306
382220,1,2.616266921
382230,1,2.6164083
382240,1,2.616549442
382250,1,2.616690681
382260,1,2.616831887
382270,1,2.616972482
382280,1,2.617113071
382290,1,2.617253339
382300,1,2.617393727
382310,1,2.617533727
382320,1,2.617673784
382330,1,2.61781342
382340,1,2.617952909
382350,1,2.618092312
382360,1,2.618231728
382370,1,2.618370669
382380,1,2.618509583
382390,1,2.618648332
382400,1,2.618786992
382410,1,2.618925194
382420,1,2.619063581
382430,1,2.619201323
382440,1,2.619339433
382450,1,2.619477183
382460,1,2.61961452
382470,1,2.619751944
382480,1,2.619889335
382490,1,2.620026124
382500,1,2.620162848
382510,1,2.620299755
382520,1,2.620436104
382530,1,2.620572501
382540,1,2.620708804
382550,1,2.62084471
382560,1,2.620980407
382570,1,2.621116139
382580,1,2.621251737
382590,1,2.621386946
382600,1,2.621522179
382610,1,2.621657104
382620,1,2.621792023
382630,1,2.621926618
382640,1,2.622060945
382650,1,2.622195305
382660,1,2.622329585
382670,1,2.62246333
382680,1,2.622597183
382690,1,2.622730868
382700,1,2.622864258
382710,1,2.622997303
382720,1,2.623130621
382730,1,2.623263352
382740,1,2.623396145
382750,1,2.623528569
382760,1,2.623661206
382770,1,2.623793214
382780,1,2.62392537
382790,1,2.624057222
382800,1,2.624188918
382810,1,2.624320727
382820,1,2.624451701
382830,1,2.624583094
382840,1,2.624714087
382850,1,2.62484484
382860,1,2.624975464
382870,1,2.625105944
382880,1,2.625236306
382890,1,2.625366418
382900,1,2.625496496
382910,1,2.625626331
382920,1,2.625755643
382930,1,2.625885174
382940,1,2.62601452
382950,1,2.626143851
382960,1,2.626272786
382970,1,2.626401486
382980,1,2.626529918
382990,1,2.626658297
383000,1,2.626786505
383010,1,2.626914559
383020,1,2.627042409
383030,1,2.62717012
383040,1,2.627297626
383050,1,2.62742504
383060,1,2.627552428
383070,1,2.627679419
383080,1,2.62780594
383090,1,2.627932738
383100,1,2.628059187
383110,1,2.62818558
383120,1,2.628311824
383130,1,2.62843766
383140,1,2.628563381
383150,1,2.628689194
383160,1,2.628814289
383170,1,2.628939684
383180,1,2.629064868
383190,1,2.629190026
383200,1,2.629314485
383210,1,2.629439232
383220,1,2.629563463
383230,1,2.629687627
383240,1,2.629811553
383250,1,2.629935353
383260,1,2.630059192
383270,1,2.630182601
383280,1,2.630306063
383290,1,2.630429074
383300,1,2.6305521
383310,1,2.630674909
383320,1,2.630797321
383330,1,2.630919962
383340,1,2.63104208
383350,1,2.631164154
383360,1,2.631286295
383370,1,2.631407832
383380,1,2.631529449
383390,1,2.631650838
383400,1,2.631771986
383410,1,2.631892872
383420,1,2.632014002
383430,1,2.632134839
383440,1,2.632254926
383450,1,2.632375432
383460,1,2.632495516
383470,1,2.632615507
383480,1,2.632735207
383490,1,2.632854771
383500,1,2.632974212
383510,1,2.633093448
383520,1,2.633212537
383530,1,2.633331694
383540,1,2.633450165
383550,1,2.633568919
383560,1,2.633687234
383570,1,2.633805313
383580,1,2.633923434
383590,1,2.634041198
383600,1,2.63415894
383610,1,2.634276274
383620,1,2.634393615
383630,1,2.634510741
383640,1,2.634627655
383650,1,2.634744367
383660,1,2.634861002
383670,1,2.634977355
383680,1,2.635093702
383690,1,2.635209606
383700,1,2.63532551
383710,1,2.635441135
383720,1,2.635556646
383730,1,2.635672
383740,1,2.635787358
383750,1,2.635902251
383760,1,2.636016991
383770,1,2.636131502
383780,1,2.636245951
383790,1,2.63636005
383800,1,2.636474207
383810,1,2.636588264
383820,1,2.636701796
383830,1,2.636815474
383840,1,2.636928695
383850,1,2.637041924
383860,1,2.637154945
383870,1,2.637267381
383880,1,2.637380499
383890,1,2.637492604
383900,1,2.637605135
383910,1,2.637717297
383920,1,2.637829112
383930,1,2.637940803
383940,1,2.638052257
383950,1,2.638163852
383960,1,2.638274935
383970,1,2.638386082
383980,1,2.638496789
383990,1,2.638607397
384000,1,2.63871783
384010,1,2.638828289
384020,1,2.638938153
384030,1,2.639048172
384040,1,2.639157958
384050,1,2.639267399
384060,1,2.639376829
384070,1,2.639486185
384080,1,2.639594953
384090,1,2.639703869
384100,1,2.639812506
384110,1,2.639920949
384120,1,2.640029229
384130,1,2.640137552
384140,1,2.640245485
384150,1,2.640353256
384160,1,2.64046072
384170,1,2.640568054
384180,1,2.640675286
384190,1,2.640782255
384200,1,2.640889073
384210,1,2.640995809
384220,1,2.641102292
384230,1,2.641208421
384240,1,2.641314623
384250,1,2.641420564
384260,1,2.641526403
384270,1,2.641631817
384280,1,2.641737229
384290,1,2.641842383
384300,1,2.641947653
384310,1,2.642052167
384320,1,2.642157064
384330,1,2.642261408
384340,1,2.642365805
384350,1,2.642470025
384360,1,2.642573532
384370,1,2.642677458
384380,1,2.642780946
384390,1,2.642884603
384400,1,2.642987541
384410,1,2.643090816
384420,1,2.643193343
384430,1,2.643295961
384440,1,2.643398465
384450,1,2.643500803
384460,1,2.643602903
384470,1,2.64370497
384480,1,2.643806472
384490,1,2.643908087
384500,1,2.644009353
384510,1,2.644110458
384520,1,2.644211505
384530,1,2.644312384
384540,1,2.644412742
384550,1,2.644513431
384560,1,2.644613728
384570,1,2.644713817
384580,1,2.64481386
384590,1,2.644913352
384600,1,2.645012751
384610,1,2.645112146
384620,1,2.645211198
384630,1,2.645310442
384640,1,2.64540895
384650,1,2.645507389
384660,1,2.645605955
384670,1,2.645704114
384680,1,2.645802196
384690,1,2.645900204
384700,1,2.645997859
384710,1,2.646095166
384720,1,2.646192318
384730,1,2.646289865
384740,1,2.646386753
384750,1,2.646483641
384760,1,2.646580012
384770,1,2.646676364
384780,1,2.646772506
384790,1,2.646868552
384800,1,2.646964444
384810,1,2.647059988
384820,1,2.647155436
384830,1,2.64725064
384840,1,2.64734577
384850,1,2.647440668
384860,1,2.647535218
384870,1,2.647629748
384880,1,2.647724092
384890,1,2.647818338
384900,1,2.647912381
384910,1,2.648006029
384920,1,2.648099698
384930,1,2.648193075
384940,1,2.648286354
384950,1,2.648379266
384960,1,2.648472131
384970,1,2.648564921
384980,1,2.648657209
384990,1,2.648749641
385000,1,2.648841751
385010,1,2.648933671
385020,1,2.649025321
385030,1,2.649116804
385040,1,2.649208224
385050,1,2.649299347
385060,1,2.649390402
385070,1,2.64948121
385080,1,2.649571713
385090,1,2.649662367
385100,1,2.649752546
385110,1,2.649842547
385120,1,2.649932478
385130,1,2.650022076
385140,1,2.650111583
385150,1,2.650200776
385160,1,2.65028993
385170,1,2.650378865
385180,1,2.650467582
385190,1,2.650556188
385200,1,2.650644549
385210,1,2.650732619
385220,1,2.650820625
385230,1,2.650908514
385240,1,2.650996159
385250,1,2.651083542
385260,1,2.651170733
385270,1,2.651258041
385280,1,2.651344556
385290,1,2.651431312
385300,1,2.651517906
385310,1,2.651604203
385320,1,2.651690021
385330,1,2.651776226
385340,1,2.65186171
385350,1,2.651947545
385360,1,2.652032917
385370,1,2.652118098
385380,1,2.652202939
385390,1,2.652287873
385400,1,2.652372438
385410,1,2.652456768
385420,1,2.652541081
385430,1,2.652625026
385440,1,2.652709008
385450,1,2.652792752
385460,1,2.652875948
385470,1,2.652959486
385480,1,2.653042543
385490,1,2.653125515
385500,1,2.653208191
385510,1,2.653290772
385520,1,2.653372947
385530,1,2.653455013
385540,1,2.653537151
385550,1,2.653618859
385560,1,2.65370047
385570,1,2.653781946
385580,1,2.653863183
385590,2,2.15560676
385600,2,2.155856622
385610,2,2.156106583
385620,2,2.156356899
385630,2,2.156606885
385640,2,2.156856817
385650,2,2.157107042
385660,2,2.157357636
385670,2,2.157608053
385680,2,2.157858641
385690,2,2.158109016
385700,2,2.158360022
385710,2,2.158610703
385720,2,2.158861367
385730,2,2.159112164
385740,2,2.159363285
385750,2,2.159614341
385760,2,2.159865119
385770,2,2.160116436
385780,2,2.160367663
385790,2,2.160619093
385800,2,2.160870471
385810,2,2.161121732
385820,2,2.161373495
385830,2,2.161625038
385840,2,2.161876643
385850,2,2.162128341
385860,2,2.162380309
385870,2,2.162632065
385880,2,2.162884167
385890,2,2.163136142
385900,2,2.163388246
385910,2,2.16364043
385920,2,2.163892599
385930,2,2.164144993
385940,2,2.164397441
385950,2,2.164649734
385960,2,2.164902394
385970,2,2.165155078
385980,2,2.165407581
385990,2,2.165660421
386000,2,2.165912942
386010,2,2.166166072
386020,2,2.166418747
386030,2,2.166672014
386040,2,2.166925096
386050,2,2.167178134
386060,2,2.167431325
386070,2,2.167684718
386080,2,2.167937969
386090,2,2.168191593
386100,2,2.168445017
386110,2,2.16869847
386120,2,2.168952087
386130,2,2.169205745
386140,2,2.169459683
386150,2,2.169713492
386160,2,2.169967391
386170,2,2.170221263
386180,2,2.170475327
386190,2,2.170729528
386200,2,2.170983427
386210,2,2.17123798
386220,2,2.17149212
386230,2,2.171746593
386240,2,2.172001047
386250,2,2.172255544
386260,2,2.17250999
386270,2,2.172764669
386280,2,2.173019498
386290,2,2.173273981
386300,2,2.173529046
386310,2,2.173783621
386320,2,2.174038918
386330,2,2.174293772
386340,2,2.174549064
386350,2,2.17480389
386360,2,2.17505923
386370,2,2.175314387
386380,2,2.175569945
386390,2,2.175825447
386400,2,2.176080935
386410,2,2.176336444
386420,2,2.176591982
386430,2,2.17684767
386440,2,2.17710355
386450,2,2.177359111
386460,2,2.177615034
386470,2,2.177871082
386480,2,2.178126885
386490,2,2.178382919
386500,2,2.178639077
386510,2,2.178895296
386520,2,2.179151324
386530,2,2.179407797
386540,2,2.179664126
386550,2,2.179920604
386560,2,2.180177193
386570,2,2.180433648
386580,2,2.180690105
386590,2,2.180946852
386600,2,2.181203581
386610,2,2.181460553
386620,2,2.18171716
386630,2,2.181974245
386640,2,2.182231071
386650,2,2.182488139
386660,2,2.182745007
386670,2,2.183002357
386680,2,2.183259486
386690,2,2.183516608
386700,2,2.183774384
386710,2,2.184031626
386720,2,2.184288881
386730,2,2.184546388
386740,2,2.184804047
386750,2,2.185061678
386760,2,2.185319504
386770,2,2.185577053
386780,2,2.185835073
386790,2,2.186092726
386800,2,2.186350721
386810,2,2.186608894
386820,2,2.186866737
386830,2,2.187124869
386840,2,2.187383168
386850,2,2.187641315
386860,2,2.18789968
386870,2,2.188157832
386880,2,2.188416368
386890,2,2.188674815
386900,2,2.188933337
386910,2,2.189191809
386920,2,2.189450399
386930,2,2.189708981
386940,2,2.189967843
386950,2,2.190226661
386960,2,2.190485461
386970,2,2.190744344
386980,2,2.191003292
386990,2,2.191262286
387000,2,2.191521391
387010,2,2.191780302
387020,2,2.192039743
387030,2,2.192298878
387040,2,2.192558323
387050,2,2.192817683
387060,2,2.193076884
387070,2,2.193336423
387080,2,2.193595924
387090,2,2.193855565
387100,2,2.194114998
387110,2,2.194374782
387120,2,2.194634731
387130,2,2.19489442
387140,2,2.195153978
387150,2,2.195414009
387160,2,2.195673991
387170,2,2.195934007
387180,2,2.196193993
387190,2,2.196454181
387200,2,2.196714197
387210,2,2.196974387
387220,2,2.197234769
387230,2,2.197494971
387240,2,2.197755411
387250,2,2.198015817
387260,2,2.198276488
387270,2,2.198536879
387280,2,2.198797467
387290,2,2.199058123
387300,2,2.199318716
387310,2,2.199579464
387320,2,2.199840287
387330,2,2.200101015
387340,2,2.200361942
387350,2,2.200623029
387360,2,2.200883787
387370,2,2.201144758
387380,2,2.201405921
387390,2,2.201667069
387400,2,2.201928205
387410,2,2.202189477
387420,2,2.202450982
387430,2,2.2027122
387440,2,2.202973534
387450,2,2.203235118
387460,2,2.203496465
387470,2,2.20375796
387480,2,2.20401963
387490,2,2.204281223
387500,2,2.204542984
387510,2,2.204804257
387520,2,2.205066647
387530,2,2.205328247
387540,2,2.205590039
387550,2,2.205852136
387560,2,2.20611428
387570,2,2.206375984
387580,2,2.206638164
387590,2,2.206900282
387600,2,2.207162293
387610,2,2.207424594
387620,2,2.207686857
387630,2,2.207949208
387640,2,2.208211273
387650,2,2.208474096
387660,2,2.208736419
387670,2,2.208998971
387680,2,2.209261445
387690,2,2.209524026
387700,2,2.209786668
387710,2,2.210049112
387720,2,2.210312006
387730,2,2.210574697
387740,2,2.210837396
387750,2,2.21110034
387760,2,2.21136336
387770,2,2.211626213
387780,2,2.211889316
387790,2,2.212152441
387800,2,2.212415405
387810,2,2.212678806
387820,2,2.212941749
387830,2,2.213204964
387840,2,2.213468039
387850,2,2.213731483
387860,2,2.213994976
387870,2,2.214258174
387880,2,2.214521564
387890,2,2.214784963
387900,2,2.215048408
387910,2,2.215312231
387920,2,2.215575679
387930,2,2.215839236
387940,2,2.216103108
387950,2,2.21636682
387960,2,2.216630545
387970,2,2.216894444
387980,2,2.217158086
387990,2,2.21742234
388000,2,2.217686266
388010,2,2.217950213
388020,2,2.218214001
388030,2,2.218478351
388040,2,2.218742444
388050,2,2.219006492
388060,2,2.219270728
388070,2,2.219535008
388080,2,2.219799143
388090,2,2.220063588
388100,2,2.220327689
388110,2,2.22059223
388120,2,2.220856662
388130,2,2.221121158
388140,2,2.221385771
388150,2,2.221650213
388160,2,2.221914795
388170,2,2.222179429
388180,2,2.222444173
388190,2,2.222708997
388200,2,2.222973729
388210,2,2.223238492
388220,2,2.223503194
388230,2,2.223768121
388240,2,2.224033038
388250,2,2.224297955
388260,2,2.22456278
388270,2,2.224828049
388280,2,2.225093043
388290,2,2.225358083
388300,2,2.225623255
388310,2,2.225888234
388320,2,2.226153557
388330,2,2.226418705
388340,2,2.226683942
388350,2,2.226949648
388360,2,2.227214806
388370,2,2.227480117
388380,2,2.227745624
388390,2,2.228011023
388400,2,2.228276579
388410,2,2.228542095
388420,2,2.228807584
388430,2,2.229073129
388440,2,2.229338922
388450,2,2.229604603
388460,2,2.229870338
388470,2,2.230136017
388480,2,2.230401886
388490,2,2.230667659
388500,2,2.230933511
388510,2,2.231199377
388520,2,2.231465279
388530,2,2.231731326
388540,2,2.23199712
388550,2,2.232263335
388560,2,2.232529251
388570,2,2.232795297
388580,2,2.233061555
388590,2,2.233327745
388600,2,2.233594103
388610,2,2.233860078
388620,2,2.234126161
388630,2,2.234392652
388640,2,2.234658829
388650,2,2.234925374
388660,2,2.235191656
388670,2,2.235458217
388680,2,2.235724703
388690,2,2.235991021
388700,2,2.236257757
388710,2,2.236524168
388720,2,2.236790809
388730,2,2.237057212
388740,2,2.237323986
388750,2,2.23759066
388760,2,2.237857213
388770,2,2.238124319
388780,2,2.238390959
388790,2,2.238657656
388800,2,2.238924601
388810,2,2.239191141
388820,2,2.239458125
388830,2,2.239725218
388840,2,2.239992198
388850,2,2.240259153
388860,2,2.240526136
388870,2,2.240793024
388880,2,2.2410602
388890,2,2.241327172
388900,2,2.241594297
388910,2,2.241861643
388920,2,2.242128477
388930,2,2.242395887
388940,2,2.242663245
388950,2,2.242930458
388960,2,2.243197834
388970,2,2.243464912
388980,2,2.243732381
388990,2,2.243999668
389000,2,2.244267235
389010,2,2.244534789
389020,2,2.244802018
389030,2,2.245069626
389040,2,2.245337139
389050,2,2.245604531
389060,2,2.24587206
389070,2,2.246139571
389080,2,2.246407243
389090,2,2.246674917
389100,2,2.246942583
389110,2,2.247210162
389120,2,2.247478224
389130,2,2.247745925
389140,2,2.248013595
389150,2,2.248281214
389160,2,2.248549138
389170,2,2.248817042
389180,2,2.249084891
389190,2,2.249352927
389200,2,2.24962088
389210,2,2.249888776
389220,2,2.250156699
389230,2,2.250424721
389240,2,2.250692669
389250,2,2.250960835
389260,2,2.251228798
389270,2,2.251496978
389280,2,2.25176502
389290,2,2.252033113
389300,2,2.252301487
389310,2,2.252569585
389320,2,2.252837784
389330,2,2.253106037
389340,2,2.253374359
389350,2,2.253642702
389360,2,2.253910814
389370,2,2.254178935
389380,2,2.254447379
389390,2,2.254716114
389400,2,2.254984096
389410,2,2.255252502
389420,2,2.255520974
389430,2,2.255789612
389440,2,2.256058007
389450,2,2.256326494
389460,2,2.25659501
389470,2,2.256863532
389480,2,2.257131989
389490,2,2.257400674
389500,2,2.257669017
389510,2,2.257937684
389520,2,2.25820661
389530,2,2.258475186
389540,2,2.258743952
389550,2,2.259012339
389560,2,2.259281142
389570,2,2.259549886
389580,2,2.259818724
389590,2,2.260087553
389600,2,2.260356306
389610,2,2.260624917
389620,2,2.260894023
389630,2,2.26116273
389640,2,2.261431743
389650,2,2.261700642
389660,2,2.261969505
389670,2,2.262238262
389680,2,2.262507149
389690,2,2.262776308
389700,2,2.263045197
389710,2,2.263314229
389720,2,2.263583216
389730,2,2.26385233
389740,2,2.264121354
389750,2,2.264390334
389760,2,2.264659305
389770,2,2.264928594
389780,2,2.265197524
389790,2,2.265466814
389800,2,2.265735955
389810,2,2.26600507
389820,2,2.266274322
389830,2,2.266543305
389840,2,2.266812532
389850,2,2.26708171
389860,2,2.267351075
389870,2,2.267620268
389880,2,2.267889439
389890,2,2.268158829
389900,2,2.268427972
389910,2,2.268697697
389920,2,2.268966651
389930,2,2.269235988
389940,2,2.269505464
389950,2,2.26977461
389960,2,2.270044146
389970,2,2.270313654
389980,2,2.270582962
389990,2,2.270852163
390000,2,2.271121876
390010,2,2.271391254
390020,2,2.271660849
390030,2,2.271930187
390040,2,2.272199763
390050,2,2.272468984
390060,2,2.272738576
390070,2,2.273007938
390080,2,2.273277614
390090,2,2.273547085
390100,2,2.273816737
390110,2,2.27408639
390120,2,2.274355988
390130,2,2.274625476
390140,2,2.274895296
390150,2,2.275164787
390160,2,2.275434355
390170,2,2.275703832
390180,2,2.275973545
390190,2,2.276243332
390200,2,2.276512904
390210,2,2.276782853
390220,2,2.277052315
390230,2,2.277321939
390240,2,2.277591798
390250,2,2.277861449
390260,2,2.278131079
390270,2,2.27840069
390280,2,2.278670427
390290,2,2.278940154
390300,2,2.279210184
390310,2,2.279479801
390320,2,2.279749562
390330,2,2.280019396
390340,2,2.280289072
390350,2,2.280558963
390360,2,2.280828729
390370,2,2.281098481
390380,2,2.281368338
390390,2,2.281638289
390400,2,2.281908239
390410,2,2.282177988
390420,2,2.282447892
390430,2,2.282717599
390440,2,2.282987583
390450,2,2.283257319
390460,2,2.283527209
390470,2,2.283797164
390480,2,2.284066985
390490,2,2.284337082
390500,2,2.284606791
390510,2,2.28487669
390520,2,2.285146581
390530,2,2.285416712
390540,2,2.285686499
390550,2,2.285956454
390560,2,2.286226383
390570,2,2.286496125
390580,2,2.286766061
390590,2,2.287036276
390600,2,2.287306094
390610,2,2.287575929
390620,2,2.287845975
390630,2,2.288115961
390640,2,2.288386002
390650,2,2.288655824
390660,2,2.288926104
390670,2,2.289195731
390680,2,2.289466013
390690,2,2.289736058
390700,2,2.290005791
390710,2,2.290275943
390720,2,2.290545813
390730,2,2.290815829
390740,2,2.291085874
390750,2,2.291355792
390760,2,2.29162595
390770,2,2.291895826
390780,2,2.292165978
390790,2,2.292435818
390800,2,2.292705881
390810,2,2.292975967
390820,2,2.293245927
390830,2,2.293515968
390840,2,2.293785856
390850,2,2.294055765
390860,2,2.294325805
390870,2,2.294596071
390880,2,2.294865819
390890,2,2.295136048
390900,2,2.295406044
390910,2,2.295676181
390920,2,2.295946202
390930,2,2.296216127
390940,2,2.296486298
390950,2,2.296755999
390960,2,2.297026141
390970,2,2.297296275
390980,2,2.2975661
390990,2,2.297836393
391000,2,2.298106205
391010,2,2.298376318
391020,2,2.298646224
391030,2,2.298916135
391040,2,2.299186244
391050,2,2.299456176
391060,2,2.299726263
391070,2,2.29999613
391080,2,2.30026639
391090,2,2.300536233
391100,2,2.300806249
391110,2,2.30107628
391120,2,2.30134626
391130,2,2.3016162
391140,2,2.301886204
391150,2,2.302156016
391160,2,2.30242601
391170,2,2.302695942
391180,2,2.302966009
391190,2,2.303236106
391200,2,2.303505987
391210,2,2.30377571
391220,2,2.304045866
391230,2,2.304315773
391240,2,2.304585571
391250,2,2.304855572
391260,2,2.305125694
391270,2,2.305395652
391280,2,2.305665503
391290,2,2.305935193
391300,2,2.306205367
391310,2,2.306475075
391320,2,2.306744939
391330,2,2.307014917
391340,2,2.307284849
391350,2,2.307554686
391360,2,2.307824457
391370,2,2.308094382
391380,2,2.30836425
391390,2,2.308634185
391400,2,2.308903876
391410,2,2.309173708
391420,2,2.309443597
391430,2,2.309713227
391440,2,2.309983217
391450,2,2.310253156
391460,2,2.310522749
391470,2,2.310792326
391480,2,2.31106219
391490,2,2.311332211
391500,2,2.311601742
391510,2,2.311871627
391520,2,2.312141386
391530,2,2.312411025
391540,2,2.31268089
391550,2,2.312950569
391560,2,2.313220187
391570,2,2.313490111
391580,2,2.313759532
391590,2,2.314029467
391600,2,2.314299177
391610,2,2.314568575
391620,2,2.314838351
391630,2,2.315107972
391640,2,2.315377637
391650,2,2.315647068
391660,2,2.315916798
391670,2,2.316186251
391680,2,2.316455911
391690,2,2.316725538
391700,2,2.316994883
391710,2,2.317264496
391720,2,2.317534221
391730,2,2.317803734
391740,2,2.318073045
391750,2,2.318342684
391760,2,2.318612051
391770,2,2.318881503
391780,2,2.31915096
391790,2,2.31942053
391800,2,2.31968987
391810,2,2.319959381
391820,2,2.32022887
391830,2,2.320498202
391840,2,2.32076752
391850,2,2.321036902
391860,2,2.321306157
391870,2,2.321575711
391880,2,2.321844953
391890,2,2.322114167
391900,2,2.322383387
391910,2,2.322652852
391920,2,2.322922128
391930,2,2.323191381
391940,2,2.323460673
391950,2,2.323729619
391960,2,2.323999097
391970,2,2.324268318
391980,2,2.324537437
391990,2,2.324806535
392000,2,2.32507579
392010,2,2.325344876
392020,2,2.325613878
392030,2,2.325883074
392040,2,2.326152269
392050,2,2.326421011
392060,2,2.326690327
392070,2,2.326959311
392080,2,2.327228267
392090,2,2.327497162
392100,2,2.327766256
392110,2,2.328035361
392120,2,2.328304158
392130,2,2.328573035
392140,2,2.32884192
392150,2,2.329110962
392160,2,2.329379887
392170,2,2.329648641
392180,2,2.329917525
392190,2,2.330186168
392200,2,2.330454864
392210,2,2.330723846
392220,2,2.33099284
392230,2,2.331261419
392240,2,2.331530143
392250,2,2.331798894
392260,2,2.33206759
392270,2,2.332336104
392280,2,2.332604733
392290,2,2.332873308
392300,2,2.333141947
392310,2,2.333410669
392320,2,2.333679351
392330,2,2.333947757
392340,2,2.334216208
392350,2,2.334484645
392360,2,2.334752954
392370,2,2.335021607
392380,2,2.33529013
392390,2,2.335558479
392400,2,2.335826835
392410,2,2.336095121
392420,2,2.336363574
392430,2,2.336631832
392440,2,2.336900301
392450,2,2.337168444
392460,2,2.33743687
392470,2,2.337704948
392480,2,2.337973383
392490,2,2.338241455
392500,2,2.338509482
392510,2,2.338777837
392520,2,2.339046034
392530,2,2.339314053
392540,2,2.339581957
392550,2,2.339850237
392560,2,2.340118179
392570,2,2.340386171
392580,2,2.340654167
392590,2,2.340922066
392600,2,2.341189963
392610,2,2.341458017
392620,2,2.34172582
392630,2,2.341993758
392640,2,2.342261468
392650,2,2.342529371
392660,2,2.342797096
392670,2,2.343064748
392680,2,2.343332577
392690,2,2.343600419
392700,2,2.343868195
392710,2,2.344135642
392720,2,2.344403176
392730,2,2.344670803
392740,2,2.344938489
392750,2,2.345205989
392760,2,2.345473473
392770,2,2.34574105
392780,2,2.346008671
392790,2,2.346275951
392800,2,2.34654328
392810,2,2.346810674
392820,2,2.347078238
392830,2,2.34734548
392840,2,2.347612691
392850,2,2.347880124
392860,2,2.348147314
392870,2,2.348414529
392880,2,2.348681648
392890,2,2.3489488
392900,2,2.349215912
392910,2,2.349482774
392920,2,2.349750138
392930,2,2.350017097
392940,2,2.35028416
392950,2,2.350551173
392960,2,2.350818069
392970,2,2.351085147
392980,2,2.351351869
392990,2,2.351618768
393000,2,2.351885643
393010,2,2.352152635
393020,2,2.352419141
393030,2,2.352685954
393040,2,2.352952659
393050,2,2.353219266
393060,2,2.353485991
393070,2,2.353752631
393080,2,2.354019305
393090,2,2.354285773
393100,2,2.354552355
393110,2,2.35481873
393120,2,2.35508548
393130,2,2.355351753
393140,2,2.355618185
393150,2,2.355884535
393160,2,2.356150743
393170,2,2.356417085
393180,2,2.35668338
393190,2,2.35694954
393200,2,2.357215923
393210,2,2.357481839
393220,2,2.357748053
393230,2,2.358014318
393240,2,2.358280169
393250,2,2.358546289
393260,2,2.358812325
393270,2,2.359078254
393280,2,2.359344247
393290,2,2.359610257
393300,2,2.359876082
393310,2,2.360141815
393320,2,2.360407573
393330,2,2.360673459
393340,2,2.360939161
393350,2,2.36120488
393360,2,2.361470536
393370,2,2.361736009
393380,2,2.362001559
393390,2,2.362267259
393400,2,2.362532657
393410,2,2.36279811
393420,2,2.363063652
393430,2,2.363328969
393440,2,2.363594268
393450,2,2.363859788
393460,2,2.364124899
393470,2,2.364390425
393480,2,2.364655496
393490,2,2.364920753
393500,2,2.365185993
393510,2,2.365451079
393520,2,2.365715971
393530,2,2.365980991
393540,2,2.366246015
393550,2,2.366510874
393560,2,2.366775837
393570,2,2.367040651
393580,2,2.367305598
393590,2,2.367570369
393600,2,2.367835057
393610,2,2.368099922
393620,2,2.368364509
393630,2,2.368629161
393640,2,2.368893897
393650,2,2.369158485
393660,2,2.369422932
393670,2,2.36968766
393680,2,2.369951781
393690,2,2.370216226
393700,2,2.370480827
393710,2,2.370744918
393720,2,2.371009211
393730,2,2.371273599
393740,2,2.371537687
393750,2,2.371801874
393760,2,2.37206605
393770,2,2.372330196
393780,2,2.372594054
393790,2,2.372858155
393800,2,2.373122132
393810,2,2.373385879
393820,2,2.373649832
393830,2,2.373913858
393840,2,2.37417753
393850,2,2.374441286
393860,2,2.374704976
393870,2,2.37496868
393880,2,2.375232026
393890,2,2.375495928
393900,2,2.375759355
393910,2,2.376022754
393920,2,2.376286339
393930,2,2.376549652
393940,2,2.376812979
393950,2,2.377076352
393960,2,2.377339911
393970,2,2.377603099
393980,2,2.377866155
393990,2,2.378129179
394000,2,2.378392501
394010,2,2.378655258
394020,2,2.378918386
394030,2,2.379181271
394040,2,2.379444253
394050,2,2.379707169
394060,2,2.37996992
394070,2,2.380232889
394080,2,2.380495517
394090,2,2.380758068
394100,2,2.381020934
394110,2,2.381283539
394120,2,2.381546065
394130,2,2.38180845
394140,2,2.382070981
394150,2,2.382333369
394160,2,2.382595792
394170,2,2.382858084
394180,2,2.383120262
394190,2,2.383382593
394200,2,2.383644736
394210,2,2.383906992
394220,2,2.384169133
394230,2,2.384431034
394240,2,2.384693079
394250,2,2.384955068
394260,2,2.385216943
394270,2,2.385478587
394280,2,2.38574063
394290,2,2.386002042
394300,2,2.38626384
394310,2,2.386525565
394320,2,2.386787187
394330,2,2.387048783
394340,2,2.387310163
394350,2,2.38757155
394360,2,2.387833008
394370,2,2.388094406
394380,2,2.388355649
394390,2,2.38861706
394400,2,2.38887823
394410,2,2.389139397
394420,2,2.3894003
394430,2,2.38966151
394440,2,2.38992215
394450,2,2.390183509
394460,2,2.390444348
394470,2,2.390705298
394480,2,2.390966219
394490,2,2.391226766
394500,2,2.39148739
394510,2,2.391748195
394520,2,2.392008802
394530,2,2.392269183
394540,2,2.392529714
394550,2,2.392790197
394560,2,2.393050545
394570,2,2.393311001
394580,2,2.393571077
394590,2,2.393831506
394600,2,2.394091581
394610,2,2.394351849
394620,2,2.394611997
394630,2,2.394871963
394640,2,2.395131755
394650,2,2.395391612
394660,2,2.395651397
394670,2,2.395911418
394680,2,2.396170926
394690,2,2.396430919
394700,2,2.396690356
394710,2,2.396949732
394720,2,2.397209448
394730,2,2.397469064
394740,2,2.397728271
394750,2,2.397987857
394760,2,2.3982471
394770,2,2.398506414
394780,2,2.398765307
394790,2,2.399024786
394800,2,2.399283826
394810,2,2.399542871
394820,2,2.399801803
394830,2,2.40006057
394840,2,2.400319608
394850,2,2.40057836
394860,2,2.400836975
394870,2,2.401095753
394880,2,2.401354385
394890,2,2.401613033
394900,2,2.401871472
394910,2,2.402130059
394920,2,2.402388393
394930,2,2.402646975
394940,2,2.402905082
394950,2,2.403163238
394960,2,2.4034215
394970,2,2.403679719
394980,2,2.403937746
394990,2,2.40419578
395000,2,2.404453774
395010,2,2.404711434
395020,2,2.404969396
395030,2,2.405227371
395040,2,2.405485027
395050,2,2.405742572
395060,2,2.406000171
395070,2,2.406257648
395080,2,2.406515045
395090,2,2.406772541
395100,2,2.407030013
395110,2,2.407287285
395120,2,2.407544493
395130,2,2.407801469
395140,2,2.408058565
395150,2,2.408315769
395160,2,2.408572702
395170,2,2.408829624
395180,2,2.409086489
395190,2,2.409343415
395200,2,2.409600086
395210,2,2.409856855
395220,2,2.410113471
395230,2,2.41036997
395240,2,2.410626623
395250,2,2.410882973
395260,2,2.411139437
395270,2,2.411395623
395280,2,2.411652097
395290,2,2.411908081
395300,2,2.41216426
395310,2,2.412420302
395320,2,2.412676357
395330,2,2.412932355
395340,2,2.413188249
395350,2,2.413443775
395360,2,2.413699567
395370,2,2.413955572
395380,2,2.414211009
395390,2,2.41446668
395400,2,2.4147221
395410,2,2.414977285
395420,2,2.41523279
395430,2,2.41548811
395440,2,2.415743416
395450,2,2.415998539
395460,2,2.416253599
395470,2,2.416508767
395480,2,2.416763643
395490,2,2.417018772
395500,2,2.41727319
395510,2,2.417528044
395520,2,2.417782934
395530,2,2.418037431
395540,2,2.418292304
395550,2,2.418546793
395560,2,2.418801386
395570,2,2.419055596
395580,2,2.419309991
395590,2,2.419564295
395600,2,2.419818363
395610,2,2.420072524
395620,2,2.420326597
395630,2,2.420580483
395640,2,2.420834283
395650,2,2.421088418
395660,2,2.421341897
395670,2,2.42159574
395680,2,2.421849465
395690,2,2.422103033
395700,2,2.422356531
395710,2,2.422610184
395720,2,2.422863472
395730,2,2.423116788
395740,2,2.423369938
395750,2,2.423623058
395760,2,2.423876325
395770,2,2.424129404
395780,2,2.424382335
395790,2,2.424635182
395800,2,2.424888074
395810,2,2.42514063
395820,2,2.425393437
395830,2,2.425646051
395840,2,2.425898597
395850,2,2.42615103
395860,2,2.426403572
395870,2,2.426655745
395880,2,2.426908156
395890,2,2.42716021
395900,2,2.427412358
395910,2,2.427664653
395920,2,2.427916396
395930,2,2.428168314
395940,2,2.428420098
395950,2,2.428671937
395960,2,2.428923695
395970,2,2.429175281
395980,2,2.429426908
395990,2,2.429678414
396000,2,2.429929715
396010,2,2.43018125
396020,2,2.430432483
396030,2,2.430683637
396040,2,2.430934759
396050,2,2.431185686
396060,2,2.431436761
396070,2,2.431687732
396080,2,2.4319383
396090,2,2.432189492
396100,2,2.432439935
396110,2,2.432690493
396120,2,2.43294118
396130,2,2.433191616
396140,2,2.433442015
396150,2,2.433692234
396160,2,2.433942379
396170,2,2.434192554
396180,2,2.43444255
396190,2,2.434692876
396200,2,2.434942695
396210,2,2.435192589
396220,2,2.435442456
396230,2,2.435692166
396240,2,2.435941833
396250,2,2.436191392
396260,2,2.436440889
396270,2,2.436690126
396280,2,2.436939609
396290,2,2.437188992
396300,2,2.437437847
396310,2,2.437687215
396320,2,2.43793628
396330,2,2.438185003
396340,2,2.438433884
396350,2,2.438682821
396360,2,2.438931463
396370,2,2.439180255
396380,2,2.439428857
396390,2,2.439677169
396400,2,2.439925647
396410,2,2.440174033
396420,2,2.440422418
396430,2,2.440670343
396440,2,2.440918524
396450,2,2.441166524
396460,2,2.441414518
396470,2,2.441662569
396480,2,2.441910326
396490,2,2.442158065
396500,2,2.442405493
396510,2,2.442653137
396520,2,2.442900603
396530,2,2.443148114
396540,2,2.443395229
396550,2,2.443642462
396560,2,2.443889881
396570,2,2.444136705
396580,2,2.444383971
396590,2,2.444630776
396600,2,2.444877492
396610,2,2.445124295
396620,2,2.445370975
396630,2,2.445617938
396640,2,2.445864092
396650,2,2.446110346
396660,2,2.446357078
396670,2,2.44660318
396680,2,2.446849522
396690,2,2.447095354
396700,2,2.447341405
396710,2,2.447587536
396720,2,2.447833412
396730,2,2.44807914
396740,2,2.448324686
396750,2,2.448570687
396760,2,2.44881607
396770,2,2.449061543
396780,2,2.449306879
396790,2,2.449552296
396800,2,2.449797307
396810,2,2.45004246
396820,2,2.45028757
396830,2,2.450532528
396840,2,2.45077751
396850,2,2.451022272
396860,2,2.451267016
396870,2,2.451511749
396880,2,2.451756058
396890,2,2.452000557
396900,2,2.452244901
396910,2,2.452489194
396920,2,2.452733724
396930,2,2.452977527
396940,2,2.453221568
396950,2,2.45346555
396960,2,2.45370957
396970,2,2.453953397
396980,2,2.454196946
396990,2,2.454440364
397000,2,2.454683933
397010,2,2.454927524
397020,2,2.455170811
397030,2,2.455414281
397040,2,2.455657486
397050,2,2.455900455
397060,2,2.456143512
397070,2,2.456386415
397080,2,2.456629349
397090,2,2.45687196
397100,2,2.457114599
397110,2,2.457357173
397120,2,2.457599639
397130,2,2.45784224
397140,2,2.458084479
397150,2,2.458326836
397160,2,2.458568785
397170,2,2.458810876
397180,2,2.459052848
397190,2,2.459294672
397200,2,2.459536615
397210,2,2.459778256
397220,2,2.460019907
397230,2,2.460261433
397240,2,2.460502869
397250,2,2.460744204
397260,2,2.460985474
397270,2,2.461226628
397280,2,2.461467742
397290,2,2.46170865
397300,2,2.461949475
397310,2,2.462190499
397320,2,2.462431251
397330,2,2.462671916
397340,2,2.462912337
397350,2,2.463152701
397360,2,2.46339312
397370,2,2.4636334
397380,2,2.463873804
397390,2,2.464113731
397400,2,2.464353663
397410,2,2.464593653
397420,2,2.464833486
397430,2,2.465073301
397440,2,2.465312869
397450,2,2.465552368
397460,2,2.4657919
397470,2,2.466031285
397480,2,2.466270562
397490,2,2.466509721
397500,2,2.466748801
397510,2,2.46698785
397520,2,2.467226813
397530,2,2.467465608
397540,2,2.467704418
397550,2,2.467942948
397560,2,2.468181563
397570,2,2.468420041
397580,2,2.46865844
397590,2,2.468896479
397600,2,2.469134777
397610,2,2.469372793
397620,2,2.469610912
397630,2,2.469848522
397640,2,2.470086553
397650,2,2.470324238
397660,2,2.47056151
397670,2,2.470799453
397680,2,2.471036843
397690,2,2.471273962
397700,2,2.471511136
397710,2,2.471748297
397720,2,2.471985277
397730,2,2.472222363
397740,2,2.472459214
397750,2,2.472696054
397760,2,2.472932756
397770,2,2.473169245
397780,2,2.473405752
397790,2,2.473642007
397800,2,2.473878475
397810,2,2.474114496
397820,2,2.474350731
397830,2,2.474586572
397840,2,2.47482245
397850,2,2.475058349
397860,2,2.475293904
397870,2,2.475529637
397880,2,2.475765189
397890,2,2.476000569
397900,2,2.476235982
397910,2,2.476470902
397920,2,2.476706241
397930,2,2.476941246
397940,2,2.477176249
397950,2,2.477410927
397960,2,2.477645823
397970,2,2.477880442
397980,2,2.478115072
397990,2,2.47834933
398000,2,2.478583665
398010,2,2.478817913
398020,2,2.479052162
398030,2,2.479286149
398040,2,2.479520289
398050,2,2.479753926
398060,2,2.479987676
398070,2,2.480221085
398080,2,2.480454826
398090,2,2.480688279
398100,2,2.480921657
398110,2,2.481154989
398120,2,2.481388044
398130,2,2.481621078
398140,2,2.481853962
398150,2,2.482086782
398160,2,2.48231953
398170,2,2.482552176
398180,2,2.482785068
398190,2,2.483017383
398200,2,2.483249484
398210,2,2.483481905
398220,2,2.483713946
398230,2,2.483946104
398240,2,2.484178071
398250,2,2.484409928
398260,2,2.484641555
398270,2,2.484873188
398280,2,2.485104831
398290,2,2.485336181
398300,2,2.48556755
398310,2,2.485798826
398320,2,2.486029864
398330,2,2.486260885
398340,2,2.486491877
398350,2,2.486722608
398360,2,2.48695332
398370,2,2.487183998
398380,2,2.487414613
398390,2,2.487645042
398400,2,2.487875453
398410,2,2.488105476
398420,2,2.488335308
398430,2,2.488565327
398440,2,2.488795337
398450,2,2.489025325
398460,2,2.489254914
398470,2,2.489484628
398480,2,2.489713868
398490,2,2.489943429
398500,2,2.490172676
398510,2,2.490401843
398520,2,2.490630929
398530,2,2.490859735
398540,2,2.491088768
398550,2,2.491317403
398560,2,2.491546143
398570,2,2.491774508
398580,2,2.492002941
398590,2,2.492231374
398600,2,2.492459515
398610,2,2.492687695
398620,2,2.492915891
398630,2,2.493143648
398640,2,2.493371412
398650,2,2.493598976
398660,2,2.493826598
398670,2,2.494054023
398680,2,2.494281494
398690,2,2.494508816
398700,2,2.494735836
398710,2,2.494962981
398720,2,2.495189889
398730,2,2.49541671
398740,2,2.495643286
398750,2,2.495869877
398760,2,2.496096447
398770,2,2.49632295
398780,2,2.496549179
398790,2,2.496775461
398800,2,2.497001586
398810,2,2.497227602
398820,2,2.497453286
398830,2,2.497679153
398840,2,2.497904685
398850,2,2.498130286
398860,2,2.498355731
398870,2,2.498580978
398880,2,2.498806438
398890,2,2.499031395
398900,2,2.499256234
398910,2,2.499481264
398920,2,2.499706165
398930,2,2.499930499
398940,2,2.500155185
398950,2,2.500379901
398960,2,2.5006039
398970,2,2.500828247
398980,2,2.501052378
398990,2,2.501276206
399000,2,2.501500229
399010,2,2.501724051
399020,2,2.501947555
399030,2,2.502171144
399040,2,2.502394615
399050,2,2.502617992
399060,2,2.502841222
399070,2,2.503064182
399080,2,2.503287307
399090,2,2.503510292
399100,2,2.503733001
399110,2,2.50395547
399120,2,2.504178299
399130,2,2.504400668
399140,2,2.504622995
399150,2,2.50484526
399160,2,2.505067372
399170,2,2.505289332
399180,2,2.505511097
399190,2,2.505733145
399200,2,2.505954711
399210,2,2.506176089
399220,2,2.506397798
399230,2,2.506619033
399240,2,2.506840146
399250,2,2.507061225
399260,2,2.507282069
399270,2,2.507503111
399280,2,2.507723866
399290,2,2.507944458
399300,2,2.508164867
399310,2,2.508385361
399320,2,2.508605515
399330,2,2.508825854
399340,2,2.5090456
399350,2,2.509265597
399360,2,2.509485484
399370,2,2.509705556
399380,2,2.509924756
399390,2,2.510144439
399400,2,2.510363737
399410,2,2.510583048
399420,2,2.510802201
399430,2,2.511021234
399440,2,2.511240137
399450,2,2.511458777
399460,2,2.51167745
399470,2,2.511896098
399480,2,2.512114498
399490,2,2.512333041
399500,2,2.512551099
399510,2,2.51276909
399520,2,2.512987347
399530,2,2.51320508
399540,2,2.513422739
399550,2,2.513640444
399560,2,2.513857797
399570,2,2.514075236
399580,2,2.514292535
399590,2,2.514509996
399600,2,2.514726799
399610,2,2.514943693
399620,2,2.515160419
399630,2,2.515377203
399640,2,2.51559377
399650,2,2.515810324
399660,2,2.516026466
399670,2,2.516242751
399680,2,2.516458931
399690,2,2.516674949
399700,2,2.516890571
399710,2,2.517106517
399720,2,2.51732201
399730,2,2.517537479
399740,2,2.517752887
399750,2,2.517968211
399760,2,2.518183284
399770,2,2.518398337
399780,2,2.518613298
399790,2,2.518827911
399800,2,2.519042883
399810,2,2.519257073
399820,2,2.519471799
399830,2,2.519686021
399840,2,2.519900254
399850,2,2.520113929
399860,2,2.520328277
399870,2,2.520541979
399880,2,2.520755561
399890,2,2.520969389
399900,2,2.521182817
399910,2,2.521396036
399920,2,2.521609221
399930,2,2.521822255
399940,2,2.522035327
399950,2,2.522248135
399960,2,2.522460849
399970,2,2.522673482
399980,2,2.522886106
399990,2,2.523098325
400000,2,2.523310382
400010,2,2.523522793
400020,2,2.523734888
400030,2,2.523946586
400040,2,2.524158339
400050,2,2.524370066
400060,2,2.524581547
400070,2,2.524792915
400080,2,2.52500405
400090,2,2.525215269
400100,2,2.525426254
400110,2,2.525636983
400120,2,2.525848029
400130,2,2.526058504
400140,2,2.526269062
400150,2,2.526479321
400160,2,2.526689747
400170,2,2.526899754
400180,2,2.527109763
400190,2,2.527319798
400200,2,2.527529353
400210,2,2.527739115
400220,2,2.527948551
400230,2,2.528157937
400240,2,2.528367327
400250,2,2.528576503
400260,2,2.528785501
400270,2,2.528994254
400280,2,2.529203047
400290,2,2.529411679
400300,2,2.529620386
400310,2,2.529828575
400320,2,2.530036924
400330,2,2.530244985
400340,2,2.530453198
400350,2,2.530661009
400360,2,2.530868739
400370,2,2.531076371
400380,2,2.531284031
400390,2,2.531491284
400400,2,2.531698223
400410,2,2.531905706
400420,2,2.532112562
400430,2,2.53231942
400440,2,2.532526307
400450,2,2.532732793
400460,2,2.532939425
400470,2,2.533145612
400480,2,2.533351994
400490,2,2.533558038
400500,2,2.533763936
400510,2,2.533969752
400520,2,2.534175732
400530,2,2.534381157
400540,2,2.534586506
400550,2,2.53479201
400560,2,2.5349974
400570,2,2.535202399
400580,2,2.535407158
400590,2,2.535612183
400600,2,2.535816828
400610,2,2.53602128
400620,2,2.536225622
400630,2,2.536430062
400640,2,2.536634157
400650,2,2.536838309
400660,2,2.537042187
400670,2,2.537245977
400680,2,2.537449435
400690,2,2.537653098
400700,2,2.537856689
400710,2,2.538059899
400720,2,2.53826306
400730,2,2.538465904
400740,2,2.538668989
400750,2,2.538871845
400760,2,2.539074352
400770,2,2.539276737
400780,2,2.53947915
400790,2,2.539681353
400800,2,2.539883446
400810,2,2.540085444
400820,2,2.540287098
400830,2,2.540488863
400840,2,2.540690428
400850,2,2.540891847
400860,2,2.541093306
400870,2,2.541294553
400880,2,2.541495508
400890,2,2.541696248
400900,2,2.541897063
400910,2,2.542097821
400920,2,2.542298051
400930,2,2.542498613
400940,2,2.542698834
400950,2,2.54289879
400960,2,2.543099001
400970,2,2.543298758
400980,2,2.543498419
400990,2,2.543698039
401000,2,2.54389739
401010,2,2.544096817
401020,2,2.544296186
401030,2,2.544495146
401040,2,2.544693979
401050,2,2.544892409
401060,2,2.545091141
401070,2,2.545289912
401080,2,2.545488315
401090,2,2.545686503
401100,2,2.545884586
401110,2,2.546082543
401120,2,2.546280239
401130,2,2.546478101
401140,2,2.546675615
401150,2,2.546872889
401160,2,2.547070377
401170,2,2.547267672
401180,2,2.547464479
401190,2,2.547661354
401200,2,2.547858181
401210,2,2.548054979
401220,2,2.548251342
401230,2,2.548447548
401240,2,2.548643742
401250,2,2.548839872
401260,2,2.549035934
401270,2,2.549231601
401280,2,2.549427225
401290,2,2.549622956
401300,2,2.549818301
401310,2,2.550013582
401320,2,2.550208596
401330,2,2.550403859
401340,2,2.550598601
401350,2,2.55079307
401360,2,2.550987754
401370,2,2.551182194
401380,2,2.551376522
401390,2,2.551570588
401400,2,2.551764383
401410,2,2.55195843
401420,2,2.552152407
401430,2,2.552345986
401440,2,2.552539186
401450,2,2.552732593
401460,2,2.552925899
401470,2,2.55311879
401480,2,2.553311717
401490,2,2.553504475
401500,2,2.553697409
401510,2,2.553889915
401520,2,2.554082179
401530,2,2.554274425
401540,2,2.554466419
401550,2,2.554658341
401560,2,2.554850301
401570,2,2.555041682
401580,2,2.55523334
401590,2,2.555424867
401600,2,2.555616055
401610,2,2.555807213
401620,2,2.555998124
401630,2,2.556188927
401640,2,2.556379625
401650,2,2.556570119
401660,2,2.556760603
401670,2,2.556951038
401680,2,2.557141003
401690,2,2.557330985
401700,2,2.557520801
401710,2,2.557710433
401720,2,2.557899868
401730,2,2.558089488
401740,2,2.558278637
401750,2,2.558467876
401760,2,2.558656639
401770,2,2.558845767
401780,2,2.559034378
401790,2,2.559223227
401800,2,2.559411384
401810,2,2.559599805
401820,2,2.559787865
401830,2,2.559975995
401840,2,2.560163595
401850,2,2.56035136
401860,2,2.560538869
401870,2,2.560726508
401880,2,2.560913875
401890,2,2.561101091
401900,2,2.561287858
401910,2,2.561475081
401920,2,2.561661618
401930,2,2.561848135
401940,2,2.562034778
401950,2,2.562220887
401960,2,2.562407175
401970,2,2.562592749
401980,2,2.562778832
401990,2,2.562964337
402000,2,2.563150309
402010,2,2.563335639
402020,2,2.563520888
402030,2,2.563706044
402040,2,2.563890822
402050,2,2.564076055
402060,2,2.56426069
402070,2,2.564444972
402080,2,2.564629411
402090,2,2.564813997
402100,2,2.564998105
402110,2,2.565181839
402120,2,2.565365635
402130,2,2.565549431
402140,2,2.565733072
402150,2,2.56591645
402160,2,2.566099533
402170,2,2.566282785
402180,2,2.566465782
402190,2,2.566648727
402200,2,2.566831163
402210,2,2.567014068
402220,2,2.567196133
402230,2,2.567378477
402240,2,2.567560489
402250,2,2.567742656
402260,2,2.567924247
402270,2,2.568106205
402280,2,2.568287628
402290,2,2.56846892
402300,2,2.568650042
402310,2,2.568831114
402320,2,2.569011929
402330,2,2.569192726
402340,2,2.569373355
402350,2,2.569554114
402360,2,2.569734158
402370,2,2.569914405
402380,2,2.570094554
402390,2,2.570274448
402400,2,2.570454176
402410,2,2.570633685
402420,2,2.570813044
402430,2,2.570992575
402440,2,2.571171709
402450,2,2.571350648
402460,2,2.571529628
402470,2,2.571708384
402480,2,2.57188684
402490,2,2.572065128
402500,2,2.572243368
402510,2,2.57242148
402520,2,2.572599446
402530,2,2.572777329
402540,2,2.572954991
402550,2,2.573132554
402560,2,2.573309892
402570,2,2.5734871
402580,2,2.573664173
402590,2,2.57384125
402600,2,2.574017732
402610,2,2.574194607
402620,2,2.574370812
402630,2,2.574547448
402640,2,2.574723556
402650,2,2.574899528
402660,2,2.57507543
402670,2,2.575251163
402680,2,2.575426631
402690,2,2.575602228
402700,2,2.575777534
402710,2,2.575952466
402720,2,2.576127375
402730,2,2.576302116
402740,2,2.576476813
402750,2,2.576651311
402760,2,2.576825751
402770,2,2.576999991
402780,2,2.577173803
402790,2,2.577348109
402800,2,2.577521702
402810,2,2.577695307
402820,2,2.577868612
402830,2,2.578042116
402840,2,2.578215293
402850,2,2.578388081
402860,2,2.578560975
402870,2,2.578733729
402880,2,2.578906323
402890,2,2.579078673
402900,2,2.57925078
402910,2,2.579423022
402920,2,2.579594905
402930,2,2.579766688
402940,2,2.579938305
402950,2,2.580109807
402960,2,2.580281063
402970,2,2.580452351
402980,2,2.580623398
402990,2,2.580794257
403000,2,2.580964945
403010,2,2.581135405
403020,2,2.581305658
403030,2,2.581476034
403040,2,2.581646014
403050,2,2.581816252
403060,2,2.581985899
403070,2,2.582155417
403080,2,2.58232503
403090,2,2.582494193
403100,2,2.58266338
403110,2,2.582832538
403120,2,2.583001324
403130,2,2.583169929
403140,2,2.583338529
403150,2,2.58350691
403160,2,2.58367538
403170,2,2.583843338
403180,2,2.584011209
403190,2,2.584179076
403200,2,2.584346516
403210,2,2.584513995
403220,2,2.584681561
403230,2,2.584848422
403240,2,2.58501557
403250,2,2.585182618
403260,2,2.585349021
403270,2,2.585515586
403280,2,2.585682027
403290,2,2.585848303
403300,2,2.586014241
403310,2,2.586180226
403320,2,2.58634604
403330,2,2.586511484
403340,2,2.586677203
403350,2,2.586842272
403360,2,2.58700772
403370,2,2.587172404
403380,2,2.587337184
403390,2,2.587501879
403400,2,2.587666342
403410,2,2.587830711
403420,2,2.587994785
403430,2,2.588158815
403440,2,2.588322767
403450,2,2.588486457
403460,2,2.588650116
403470,2,2.588813572
403480,2,2.588976753
403490,2,2.589139577
403500,2,2.589302706
403510,2,2.589465294
403520,2,2.589627931
403530,2,2.589790409
403540,2,2.589952897
403550,2,2.590114916
403560,2,2.590276906
403570,2,2.590438712
403580,2,2.590600505
403590,2,2.590761731
403600,2,2.590923146
403610,2,2.591084265
403620,2,2.59124529
403630,2,2.591406239
403640,2,2.591567142
403650,2,2.591727363
403660,2,2.591887763
403670,2,2.592048023
403680,2,2.592208151
403690,2,2.592368062
403700,2,2.592527816
403710,2,2.592687607
403720,2,2.592846829
403730,2,2.593006086
403740,2,2.593165033
403750,2,2.593324093
403760,2,2.593482833
403770,2,2.593641669
403780,2,2.593799904
403790,2,2.593958347
403800,2,2.594116435
403810,2,2.594274264
403820,2,2.594432057
403830,2,2.594589855
403840,2,2.594747541
403850,2,2.594904728
403860,2,2.595061841
403870,2,2.595218918
403880,2,2.595375793
403890,2,2.595532432
403900,2,2.595689062
403910,2,2.595845473
403920,2,2.596001752
403930,2,2.59615767
403940,2,2.596313506
403950,2,2.59646928
403960,2,2.596624809
403970,2,2.596780294
403980,2,2.596935495
403990,2,2.597090632
404000,2,2.597245457
404010,2,2.597400132
404020,2,2.597554791
404030,2,2.597709259
404040,2,2.597863455
404050,2,2.598017586
404060,2,2.598171535
404070,2,2.598325326
404080,2,2.598478985
404090,2,2.598632365
404100,2,2.598785898
404110,2,2.598938855
404120,2,2.599091813
404130,2,2.599244792
404140,2,2.59939723
404150,2,2.599549619
404160,2,2.599702138
404170,2,2.599854134
404180,2,2.600006047
404190,2,2.600157993
404200,2,2.600309626
404210,2,2.600461242
404220,2,2.600612451
404230,2,2.600763709
404240,2,2.600914728
404250,2,2.601065456
404260,2,2.601216253
404270,2,2.601366649
404280,2,2.601517056
404290,2,2.601667155
404300,2,2.601817312
404310,2,2.601967161
404320,2,2.602116576
404330,2,2.602266298
404340,2,2.602415507
404350,2,2.602564992
404360,2,2.602713806
404370,2,2.602862546
404380,2,2.603011219
404390,2,2.603159869
404400,2,2.603308313
404410,2,2.603456573
404420,2,2.603604252
404430,2,2.603752363
404440,2,2.603900074
404450,2,2.604047589
404460,2,2.604195082
404470,2,2.604342062
404480,2,2.604489166
404490,2,2.604636178
404500,2,2.604782682
404510,2,2.604929323
404520,2,2.605075828
404530,2,2.605221863
404540,2,2.605367827
404550,2,2.605513774
404560,2,2.605659452
404570,2,2.605804946
404580,2,2.605950326
404590,2,2.606095582
404600,2,2.60624064
404610,2,2.606385538
404620,2,2.606530171
404630,2,2.606674668
404640,2,2.606818996
404650,2,2.60696306
404660,2,2.607107363
404670,2,2.60725124
404680,2,2.607394846
404690,2,2.607538388
404700,2,2.607681658
404710,2,2.607824906
404720,2,2.607967959
404730,2,2.608110807
404740,2,2.608253501
404750,2,2.60839608
404760,2,2.608538195
404770,2,2.608680648
404780,2,2.608822391
404790,2,2.608964459
404800,2,2.609106064
404810,2,2.609247636
404820,2,2.609388884
404830,2,2.609530254
404840,2,2.609670967
404850,2,2.609811702
404860,2,2.609952519
404870,2,2.610093089
404880,2,2.610233388
404890,2,2.61037363
404900,2,2.610513549
404910,2,2.610653451
404920,2,2.61079292
404930,2,2.610932552
404940,2,2.611071911
404950,2,2.611210993
404960,2,2.611349894
404970,2,2.61148877
404980,2,2.611627126
404990,2,2.611765886
405000,2,2.611904002
405010,2,2.612042177
405020,2,2.612180107
405030,2,2.612317975
405040,2,2.612455325
405050,2,2.612592972
405060,2,2.612730228
405070,2,2.612867129
405080,2,2.613004328
405090,2,2.613141128
405100,2,2.613277644
405110,2,2.613414202
405120,2,2.613550283
405130,2,2.613686287
405140,2,2.613822132
405150,2,2.613958005
405160,2,2.614093597
405170,2,2.614228764
405180,2,2.614364093
405190,2,2.614499083
405200,2,2.614634055
405210,2,2.614768701
405220,2,2.614903128
405230,2,2.615037598
405240,2,2.615171871
405250,2,2.615305802
405260,2,2.615439736
405270,2,2.615573185
405280,2,2.615706533
405290,2,2.615839971
405300,2,2.615973207
405310,2,2.616106103
405320,2,2.616239067
405330,2,2.616371683
405340,2,2.616503965
405350,2,2.616636237
405360,2,2.616768514
405370,2,2.616900488
405380,2,2.61703223
405390,2,2.617163764
405400,2,2.617295364
405410,2,2.617426632
405420,2,2.617557556
405430,2,2.617688444
405440,2,2.617819258
405450,2,2.617949631
405460,2,2.618080145
405470,2,2.61821039
405480,2,2.61834031
405490,2,2.618470294
405500,2,2.618599898
405510,2,2.618729485
405520,2,2.618858852
405530,2,2.618987926
405540,2,2.619116863
405550,2,2.61924566
405560,2,2.619374212
405570,2,2.619502713
405580,2,2.619631136
405590,2,2.619759272
405600,2,2.619887272
405610,2,2.620015004
405620,2,2.620142733
405630,2,2.620269893
405640,2,2.620397129
405650,2,2.620524302
405660,2,2.620651194
405670,2,2.620777978
405680,2,2.620904575
405690,2,2.621030951
405700,2,2.621157032
405710,2,2.62128317
405720,2,2.621408771
405730,2,2.621534685
405740,2,2.621660129
405750,2,2.621785377
405760,2,2.621910511
405770,2,2.62203547
405780,2,2.622160264
405790,2,2.622285049
405800,2,2.62240932
405810,2,2.622533787
405820,2,2.622657864
405830,2,2.622781611
405840,2,2.62290543
405850,2,2.623028882
405860,2,2.623152434
405870,2,2.623275567
405880,2,2.623398651
405890,2,2.62352163
405900,2,2.623644145
405910,2,2.623766652
405920,2,2.62388885
405930,2,2.624011143
405940,2,2.624132905
405950,2,2.624254811
405960,2,2.624376484
405970,2,2.624497755
405980,2,2.624619164
405990,2,2.624740076
406000,2,2.624861145
406010,2,2.62498191
406020,2,2.625102478
406030,2,2.625222878
406040,2,2.625342967
406050,2,2.625463019
406060,2,2.625582852
406070,2,2.625702617
406080,2,2.625822183
406090,2,2.625941489
406100,2,2.626060461
406110,2,2.626179522
406120,2,2.626298202
406130,2,2.626416982
406140,2,2.626535201
406150,2,2.626653446
406160,2,2.626771527
406170,2,2.626889525
406180,2,2.627007145
406190,2,2.62712473
406200,2,2.627242033
406210,2,2.627359081
406220,2,2.627475953
406230,2,2.627593025
406240,2,2.627709673
406250,2,2.627825859
406260,2,2.627942593
406270,2,2.62805859
406280,2,2.628174513
406290,2,2.62829023
406300,2,2.628405735
406310,2,2.628521287
406320,2,2.628636335
406330,2,2.628751425
406340,2,2.628866254
406350,2,2.628980834
406360,2,2.629095474
406370,2,2.629209741
406380,2,2.629323908
406390,2,2.629437746
406400,2,2.629551358
406410,2,2.629665071
406420,2,2.629778296
406430,2,2.629891695
406440,2,2.630004631
406450,2,2.630117749
406460,2,2.630230267
406470,2,2.630342779
406480,2,2.630455028
406490,2,2.630567187
406500,2,2.630679277
406510,2,2.6307909
406520,2,2.630902805
406530,2,2.631014189
406540,2,2.631125327
406550,2,2.63123644
406560,2,2.631347365
406570,2,2.631458088
406580,2,2.631568567
406590,2,2.631678903
406600,2,2.631789114
406610,2,2.63189891
406620,2,2.632008822
406630,2,2.632118558
406640,2,2.632227987
406650,2,2.632337026
406660,2,2.63244643
406670,2,2.632554945
406680,2,2.632663605
406690,2,2.632772171
406700,2,2.632880625
406710,2,2.632988935
406720,2,2.633096979
406730,2,2.633204694
406740,2,2.63331231
406750,2,2.633419657
406760,2,2.63352689
406770,2,2.633633983
406780,2,2.633740865
406790,2,2.633847527
406800,2,2.633954207
406810,2,2.634060521
406820,2,2.634166706
406830,2,2.634272574
406840,2,2.634378413
406850,2,2.634484074
406860,2,2.634589458
406870,2,2.634694594
406880,2,2.634799707
406890,2,2.63490471
406900,2,2.635009287
406910,2,2.635114068
406920,2,2.635218128
406930,2,2.63532248
406940,2,2.635426421
406950,2,2.635530228
406960,2,2.635633837
406970,2,2.635737302
406980,2,2.635840365
406990,2,2.635943598
407000,2,2.636046259
407010,2,2.636148895
407020,2,2.636251562
407030,2,2.636353814
407040,2,2.636456108
407050,2,2.636557995
407060,2,2.63665977
407070,2,2.63676138
407080,2,2.636862846
407090,2,2.636964023
407100,2,2.637065016
407110,2,2.637165946
407120,2,2.637266484
407130,2,2.63736699
407140,2,2.637467313
407150,2,2.637567415
407160,2,2.63766735
407170,2,2.637767087
407180,2,2.637866655
407190,2,2.637966175
407200,2,2.638065122
407210,2,2.638164317
407220,2,2.638263044
407230,2,2.638361705
407240,2,2.638460204
407250,2,2.638558444
407260,2,2.638656618
407270,2,2.638754406
407280,2,2.638852014
407290,2,2.638949516
407300,2,2.639047143
407310,2,2.639144317
407320,2,2.639241179
407330,2,2.639337853
407340,2,2.639434472
407350,2,2.639531039
407360,2,2.639627285
407370,2,2.639723334
407380,2,2.639819154
407390,2,2.639914728
407400,2,2.640010177
407410,2,2.640105608
407420,2,2.640200743
407430,2,2.64029573
407440,2,2.640390476
407450,2,2.640485112
407460,2,2.640579386
407470,2,2.640673675
407480,2,2.640767701
407490,2,2.640861555
407500,2,2.640955046
407510,2,2.641048517
407520,2,2.641141642
407530,2,2.641234718
407540,2,2.641327735
407550,2,2.641420442
407560,2,2.641513183
407570,2,2.641605494
407580,2,2.641697413
407590,2,2.64178956
407600,2,2.641881131
407610,2,2.641972675
407620,2,2.642064177
407630,2,2.64215559
407640,2,2.64224626
407650,2,2.64233725
407660,2,2.642428075
407670,2,2.642518347
407680,2,2.642608595
407690,2,2.642698744
407700,2,2.642788596
407710,2,2.642878535
407720,2,2.642967869
407730,2,2.643057432
407740,2,2.643146431
407750,2,2.643235545
407760,2,2.643324388
407770,2,2.643412754
407780,2,2.643501235
407790,2,2.643589609
407800,2,2.643677199
407810,2,2.643765373
407820,2,2.643853062
407830,2,2.643940375
407840,2,2.644027792
407850,2,2.644114658
407860,2,2.644201674
407870,2,2.644288537
407880,2,2.644374984
407890,2,2.644461467
407900,2,2.644547435
407910,2,2.644633344
407920,2,2.644719193
407930,2,2.644804701
407940,2,2.644890248
407950,2,2.644975449
407960,2,2.645060343
407970,2,2.645145306
407980,2,2.645229942
407990,2,2.645314292
408000,2,2.645398636
408010,2,2.645482857
408020,2,2.645566758
408030,2,2.645650297
408040,2,2.645733887
408050,2,2.645817215
408060,2,2.64590025
408070,2,2.6459833
408080,2,2.646065982
408090,2,2.646148594
408100,2,2.646231092
408110,2,2.646313295
408120,2,2.64639518
408130,2,2.646477148
408140,2,2.646558796
408150,2,2.646640042
408160,2,2.64672129
408170,2,2.646802625
408180,2,2.646883139
408190,2,2.64696394
408200,2,2.64704434
408210,2,2.647124785
408220,2,2.647204868
408230,2,2.647284845
408240,2,2.647364607
408250,2,2.647444071
408260,2,2.647523388
408270,2,2.647602741
408280,2,2.647681714
408290,2,2.647760579
408300,2,2.647838954
408310,2,2.647917578
408320,2,2.6479958
408330,2,2.648073727
408340,2,2.648151505
408350,2,2.648228997
408360,2,2.648306582
408370,2,2.648383828
408380,2,2.648460746
408390,2,2.648537922
408400,2,2.648614623
408410,2,2.648691218
408420,2,2.648767335
408430,2,2.648843499
408440,2,2.648919396
408450,2,2.648995294
408460,2,2.649070939
408470,2,2.649146138
408480,2,2.649221147
408490,2,2.649296225
408500,2,2.649371046
408510,2,2.64944576
408520,2,2.64952001
408530,2,2.649594171
408540,2,2.649668269
408550,2,2.64974211
408560,2,2.649815726
408570,2,2.649889263
408580,2,2.649962654
408590,2,2.650035613
408600,2,2.650108429
408610,2,2.650181154
408620,2,2.650253622
408630,2,2.650326182
408640,2,2.650398182
408650,2,2.650470055
408660,2,2.650541751
408670,2,2.650613288
408680,2,2.650684695
408690,2,2.650755809
408700,2,2.650826868
408710,2,2.650897538
408720,2,2.650968231
408730,2,2.651038599
408740,2,2.651108772
408750,2,2.651178897
408760,2,2.651248533
408770,2,2.651318303
408780,2,2.651387737
408790,2,2.651456912
408800,2,2.651525979
408810,2,2.651594825
408820,2,2.651663564
408830,2,2.651732131
408840,2,2.651800242
408850,2,2.65186855
408860,2,2.651936366
408870,2,2.652003983
408880,2,2.65207155
408890,2,2.652138847
408900,2,2.65220614
408910,2,2.652273066
408920,2,2.652339686
408930,2,2.652406365
408940,2,2.652472578
408950,2,2.652538905
408960,2,2.652604822
408970,2,2.652670576
408980,2,2.652736302
408990,2,2.652801642
409000,2,2.652866699
409010,2,2.652931799
409020,2,2.652996587
409030,2,2.653061256
409040,2,2.653125638
409050,2,2.653189886
409060,2,2.65325394
409070,2,2.653317737
409080,2,2.653381569
409090,2,2.65344488
409100,2,2.653508127
409110,2,2.653571384
409120,2,2.653634196
409130,2,2.653696817
409140,2,2.653759531
409150,2,2.653821782
409160,2,2.653883806
409170,2,2.65394607
409180,2,2.65400742
409190,2,2.654069117
409200,2,2.654130614
409210,2,2.654191649
409220,2,2.654252532
409230,2,2.654313367
409240,2,2.654373817
409250,2,2.654434255
409260,2,2.654494576
409270,2,2.654554301
409280,2,2.654614305
409290,2,2.654673874
409300,2,2.654733363
409310,2,2.654792566
409320,2,2.6548516
409330,2,2.654910391
409340,2,2.654968964
409350,2,2.655027395
409360,2,2.655085636
409370,2,2.655143755
409380,2,2.655201766
409390,2,2.65525935
409400,2,2.655316761
409410,2,2.655374149
409420,2,2.655431196
409430,2,2.655488072
409440,2,2.655544813
409450,2,2.655601216
409460,2,2.655657608
409470,2,2.655713766
409480,2,2.655769674
409490,2,2.655825422
409500,2,2.65588096
409510,2,2.655936283
409520,2,2.655991363
409530,2,2.65604632
409540,2,2.656101242
409550,2,2.656155567
409560,2,2.656210088
409570,2,2.656264296
409580,2,2.65631819
409590,2,2.656371729
409600,2,2.656425546
409610,2,2.656478983
409620,2,2.656532316
409630,2,2.656585068
409640,2,2.656638141
409650,2,2.656690463
409660,2,2.65674302
409670,2,2.656795209
409680,2,2.65684725
409690,2,2.656899179
409700,2,2.65695071
409710,2,2.657002082
409720,2,2.657053522
409730,2,2.657104644
409740,2,2.65715534
409750,2,2.657206027
409760,2,2.657256556
409770,2,2.657307066
409780,2,2.65735679
409790,2,2.65740662
409800,2,2.657456662
409810,2,2.657505997
409820,2,2.657555325
409830,2,2.657604471
409840,2,2.657653266
409850,2,2.657702113
409860,2,2.657750748
409870,2,2.657798769
409880,2,2.65784702
409890,2,2.65789522
409900,2,2.657942618
409910,2,2.65799016
409920,2,2.658037488
409930,2,2.658084684
409940,2,2.658131692
409950,2,2.658178157
409960,2,2.658224951
409970,2,2.658271198
409980,2,2.658317503
409990,2,2.658363446
410000,2,2.658409363
410010,2,2.658454796
410020,2,2.658500386
410030,2,2.658545562
410040,2,2.658590432
410050,2,2.658635377
410060,2,2.658679988
410070,2,2.658724279
410080,2,2.658768587
410090,2,2.658812444
410100,2,2.658856463
410110,2,2.658899927
410120,2,2.658943532
410130,2,2.658986725
410140,2,2.659029682
410150,2,2.659072541
410160,2,2.659115269
410170,2,2.659157514
410180,2,2.659199874
410190,2,2.659241848
410200,2,2.659283862
410210,2,2.659325474
410220,2,2.659367085
410230,2,2.659408117
410240,2,2.659449375
410250,2,2.659490318
410260,2,2.659530877
410270,2,2.659571452
410280,2,2.65961169
410290,2,2.659651556
410300,2,2.659691542
410310,2,2.6597315
410320,2,2.659770905
410330,2,2.659810132
410340,2,2.659849358
410350,2,2.659888055
410360,2,2.659926813
410370,2,2.659965587
410380,2,2.66000389
410390,2,2.660041828
410400,2,2.660079939
410410,2,2.660117779
410420,2,2.660154898
410430,2,2.660192519
410440,2,2.660229682
410450,2,2.660266548
410460,2,2.660303378
410470,2,2.660339918
410480,2,2.660376164
410490,2,2.660412353
410500,2,2.660448585
410510,2,2.660484176
410520,2,2.66051965
410530,2,2.660555017
410540,2,2.660590259
410550,2,2.660625132
410560,2,2.660660105
410570,2,2.660694711
410580,2,2.660728859
410590,2,2.660763111
410600,2,2.660796996
410610,2,2.660831062
410620,2,2.660864434
410630,2,2.660897962
410640,2,2.66093128
410650,2,2.660964003
410660,2,2.66099704
410670,2,2.661029604
410680,2,2.661062054
410690,2,2.661094246
410700,2,2.661126356
410710,2,2.661158248
410720,2,2.661189844
410730,2,2.661221209
410740,2,2.661252325
410750,2,2.661283361
410760,2,2.661314357
410770,2,2.661344934
410780,2,2.661375257
410790,2,2.661405573
410800,2,2.661435811
416750,4,2.233443466
416760,4,2.233485119
416770,4,2.233525653
416780,4,2.233565039
416790,4,2.233607027
416800,4,2.233648471
416810,4,2.233690526
416820,4,2.233730086
416830,4,2.233772506
416840,4,2.233812527
416850,4,2.233852119
416860,4,2.233893185
416870,4,2.23393504
416880,4,2.23397756
416890,4,2.234017019
416900,4,2.234058759
416910,4,2.234101027
416920,4,2.234142252
416930,4,2.234182306
416940,4,2.234225177
416950,4,2.23426503
416960,4,2.234308034
416970,4,2.234349059
416980,4,2.234390596
416990,4,2.234430124
417000,4,2.234472496
417010,4,2.234511995
417020,4,2.234553731
417030,4,2.234596002
417040,4,2.234640463
417050,4,2.234682901
417060,4,2.234722144
417070,4,2.23476379
417080,4,2.234806466
417090,4,2.234846547
417100,4,2.234891408
417110,4,2.234929772
417120,4,2.23497261
417130,4,2.235013549
417140,4,2.235057801
417150,4,2.235099027
417160,4,2.235140225
417170,4,2.235182834
417180,4,2.235223836
417190,4,2.235266684
417200,4,2.235309345
417210,4,2.235351663
417220,4,2.235392415
417230,4,2.235435033
417240,4,2.235476215
417250,4,2.235518901
417260,4,2.235561557
417270,4,2.235604278
417280,4,2.235646591
417290,4,2.23568861
417300,4,2.235730575
417310,4,2.235772574
417320,4,2.235815036
417330,4,2.235857916
417340,4,2.235901505
417350,4,2.235941214
417360,4,2.235985802
417370,4,2.236028874
417380,4,2.236070233
417390,4,2.2361115
417400,4,2.236153806
417410,4,2.236197643
417420,4,2.236241014
417430,4,2.236283797
417440,4,2.2363251
417450,4,2.236367154
417460,4,2.236410599
417470,4,2.23645367
417480,4,2.236495947
417490,4,2.23653926
417500,4,2.236585239
417510,4,2.23662626
417520,4,2.236667816
417530,4,2.236710945
417540,4,2.236754047
417550,4,2.236796377
417560,4,2.236840558
417570,4,2.236882568
417580,4,2.236926591
417590,4,2.236970728
417600,4,2.237013428
417610,4,2.237056004
417620,4,2.237097275
417630,4,2.237140506
417640,4,2.237185588
417650,4,2.237229158
417660,4,2.237271782
417670,4,2.237315409
417680,4,2.237360005
417690,4,2.23740009
417700,4,2.237444495
417710,4,2.237487472
417720,4,2.237532784
417730,4,2.237575252
417740,4,2.237620223
417750,4,2.237660927
417760,4,2.237706191
417770,4,2.237748809
417780,4,2.237793583
417790,4,2.237835314
417800,4,2.237877683
417810,4,2.237921803
417820,4,2.237967661
417830,4,2.238010451
417840,4,2.238053554
417850,4,2.238097264
417860,4,2.238142309
417870,4,2.238185612
417880,4,2.238228999
417890,4,2.2382741
417900,4,2.238315485
417910,4,2.238360983
417920,4,2.238404455
417930,4,2.238447995
417940,4,2.23849405
417950,4,2.238538693
417960,4,2.238580705
417970,4,2.238624545
417980,4,2.238669151
417990,4,2.238713836
418000,4,2.23875689
418010,4,2.238800937
418020,4,2.238844293
418030,4,2.238890045
418040,4,2.238935197
418050,4,2.238976385
418060,4,2.23902336
418070,4,2.239067519
418080,4,2.239111126
418090,4,2.239153461
418100,4,2.23919912
418110,4,2.239244543
418120,4,2.239287533
418130,4,2.239335323
418140,4,2.239376509
418150,4,2.239423479
418160,4,2.239468559
418170,4,2.23950933
418180,4,2.239555277
418190,4,2.239600619
418200,4,2.239644446
418210,4,2.239689949
418220,4,2.239732957
418230,4,2.239780329
418240,4,2.239823376
418250,4,2.23986862
418260,4,2.239913663
418270,4,2.239957788
418280,4,2.240002021
418290,4,2.240047987
418300,4,2.240093865
418310,4,2.240138828
418320,4,2.240182294
418330,4,2.240227284
418340,4,2.240271997
418350,4,2.24031856
418360,4,2.240362772
418370,4,2.240407376
418380,4,2.240452146
418390,4,2.240496559
418400,4,2.240541417
418410,4,2.240588505
418420,4,2.240633037
418430,4,2.240678458
418440,4,2.240723458
418450,4,2.240766755
418460,4,2.240813364
418470,4,2.240859198
418480,4,2.240902298
418490,4,2.240952387
418500,4,2.24099591
418510,4,2.241040426
418520,4,2.241084839
418530,4,2.241131705
418540,4,2.241175557
418550,4,2.241221824
418560,4,2.241266832
418570,4,2.241312037
418580,4,2.241358783
418590,4,2.241405214
418600,4,2.241449603
418610,4,2.241495235
418620,4,2.241541752
418630,4,2.241585021
418640,4,2.241631698
418650,4,2.241676858
418660,4,2.24172419
418670,4,2.24177044
418680,4,2.241816225
418690,4,2.241859524
418700,4,2.241907231
418710,4,2.241952074
418720,4,2.24199734
418730,4,2.24204478
418740,4,2.242089928
418750,4,2.242135609
418760,4,2.242180985
418770,4,2.242228711
418780,4,2.242274338
418790,4,2.242318876
418800,4,2.242365297
418810,4,2.242412212
418820,4,2.242457497
418830,4,2.242504161
418840,4,2.24255249
418850,4,2.242596481
418860,4,2.242643321
418870,4,2.242687432
418880,4,2.242735407
418890,4,2.242780386
418900,4,2.24282779
418910,4,2.242873318
418920,4,2.242920822
418930,4,2.242967628
418940,4,2.243014411
418950,4,2.243059113
418960,4,2.243104686
418970,4,2.243153186
418980,4,2.243199261
418990,4,2.243243933
419000,4,2.243292083
419010,4,2.243337602
419020,4,2.24338436
419030,4,2.243431544
419040,4,2.243477083
419050,4,2.243524812
419060,4,2.243570961
419070,4,2.24361698
419080,4,2.243665886
419090,4,2.243712254
419100,4,2.243758401
419110,4,2.24380475
419120,4,2.243850635
419130,4,2.243896776
419140,4,2.24394488
419150,4,2.243994003
419160,4,2.244038992
419170,4,2.244085949
419180,4,2.244130092
419190,4,2.244179003
419200,4,2.244225287
419210,4,2.244273001
419220,4,2.244319307
419230,4,2.244368776
419240,4,2.2444127
419250,4,2.244462087
419260,4,2.244507829
419270,4,2.244556377
419280,4,2.244602561
419290,4,2.244651307
419300,4,2.244698078
419310,4,2.244743826
419320,4,2.244789968
419330,4,2.244837561
419340,4,2.244885955
419350,4,2.244933689
419360,4,2.244980329
419370,4,2.24502573
419380,4,2.245075232
419390,4,2.245124735
419400,4,2.245168804
419410,4,2.245216967
419420,4,2.245265899
419430,4,2.245312866
419440,4,2.245360149
419450,4,2.245407574
419460,4,2.245455233
419470,4,2.245501875
419480,4,2.245550103
419490,4,2.245597645
419500,4,2.245644236
419510,4,2.245690945
419520,4,2.245739773
419530,4,2.245788725
419540,4,2.245837281
419550,4,2.245882603
419560,4,2.245931055
419570,4,2.245978637
419580,4,2.24602595
419590,4,2.246073887
419600,4,2.246122141
419610,4,2.246170905
419620,4,2.246217891
419630,4,2.24626584
419640,4,2.246315183
419650,4,2.246361718
419660,4,2.246408117
419670,4,2.246458034
419680,4,2.246505733
419690,4,2.246552114
419700,4,2.246602951
419710,4,2.246650475
419720,4,2.246696666
419730,4,2.246744328
419740,4,2.246791463
419750,4,2.246843639
419760,4,2.246889152
419770,4,2.246938695
419780,4,2.246985209
419790,4,2.247034098
419800,4,2.247081824
419810,4,2.247130455
419820,4,2.24717789
419830,4,2.247227697
419840,4,2.247275796
419850,4,2.247323923
419860,4,2.247371963
419870,4,2.247420546
419880,4,2.247469587
419890,4,2.247519097
419900,4,2.247566729
419910,4,2.247614026
419920,4,2.24766258
419930,4,2.247710251
419940,4,2.247758815
419950,4,2.247807417
419960,4,2.247856817
419970,4,2.247903251
419980,4,2.247955052
419990,4,2.248002772
420000,4,2.248051512
420010,4,2.248098188
420020,4,2.248148787
420030,4,2.248196886
420040,4,2.24824506
420050,4,2.248293113
420060,4,2.248342803
420070,4,2.248393668
420080,4,2.248440103
420090,4,2.248486815
420100,4,2.248537062
420110,4,2.248588547
420120,4,2.248636588
420130,4,2.2486847
420140,4,2.248733855
420150,4,2.248782573
420160,4,2.248831904
420170,4,2.248879126
420180,4,2.248930066
420190,4,2.248977613
420200,4,2.249026808
420210,4,2.24907723
420220,4,2.249126105
420230,4,2.249175378
420240,4,2.2492217
420250,4,2.249272676
420260,4,2.249321782
420270,4,2.249371499
420280,4,2.249420667
420290,4,2.249468765
420300,4,2.249517513
420310,4,2.249567517
420320,4,2.24961643
420330,4,2.249666939
420340,4,2.249715397
420350,4,2.249765993
420360,4,2.249813718
420370,4,2.249865569
420380,4,2.249912974
420390,4,2.249962966
420400,4,2.25001203
420410,4,2.250061249
420420,4,2.250112114
420430,4,2.25015874
420440,4,2.250209999
420450,4,2.250259081
420460,4,2.250308511
420470,4,2.250357959
420480,4,2.250403854
420490,4,2.250456645
420500,4,2.250504782
420510,4,2.250556281
420520,4,2.2506034
420530,4,2.250654419
420540,4,2.250704482
420550,4,2.250755149
420560,4,2.250802531
420570,4,2.250854743
420580,4,2.250901438
420590,4,2.250952795
420600,4,2.251003961
420610,4,2.251053204
420620,4,2.251101437
420630,4,2.251150685
420640,4,2.251202954
420650,4,2.251253589
420660,4,2.251302589
420670,4,2.251350942
420680,4,2.251403019
420690,4,2.251451827
420700,4,2.251501112
420710,4,2.25155278
420720,4,2.25160035
420730,4,2.251651774
420740,4,2.251701909
420750,4,2.25175062
420760,4,2.251800618
420770,4,2.251851987
420780,4,2.25190024
420790,4,2.251952658
420800,4,2.252003533
420810,4,2.252051104
420820,4,2.252103363
420830,4,2.252151608
420840,4,2.252201801
420850,4,2.252253495
420860,4,2.252304745
420870,4,2.252352488
420880,4,2.252402318
420890,4,2.252453955
420900,4,2.252503113
420910,4,2.252554849
420920,4,2.252602513
420930,4,2.252655915
420940,4,2.252704612
420950,4,2.252756705
420960,4,2.252804894
420970,4,2.252857332
420980,4,2.252906021
420990,4,2.252957417
421000,4,2.253008435
421010,4,2.253058996
421020,4,2.253110598
421030,4,2.253159231
421040,4,2.253209412
421050,4,2.253259157
421060,4,2.253309004
421070,4,2.253361437
421080,4,2.253411414
421090,4,2.253461131
421100,4,2.253513506
421110,4,2.253561194
421120,4,2.253613071
421130,4,2.253665884
421140,4,2.253715293
421150,4,2.253768024
421160,4,2.253818591
421170,4,2.25386712
421180,4,2.253918221
421190,4,2.253968623
421200,4,2.254018106
421210,4,2.254071909
421220,4,2.254124672
421230,4,2.254171049
421240,4,2.254222478
421250,4,2.254274912
421260,4,2.254325645
421270,4,2.254376189
421280,4,2.254426122
421290,4,2.254478817
421300,4,2.25453042
421310,4,2.254577703
421320,4,2.254631485
421330,4,2.254682404
421340,4,2.254732735
421350,4,2.254783165
421360,4,2.254833994
421370,4,2.254887185
421380,4,2.254938448
421390,4,2.254988707
421400,4,2.255039659
421410,4,2.255091723
421420,4,2.255141883
421430,4,2.255193918
421440,4,2.255243332
421450,4,2.255295493
421460,4,2.255346996
421470,4,2.255398773
421480,4,2.255449077
421490,4,2.255499851
421500,4,2.255552079
421510,4,2.255601489
421520,4,2.255652595
421530,4,2.255704001
421540,4,2.255757039
421550,4,2.255809328
421560,4,2.255857456
421570,4,2.255912987
421580,4,2.255962146
421590,4,2.256012123
421600,4,2.256064662
421610,4,2.25611612
421620,4,2.256167495
421630,4,2.256220357
421640,4,2.256270591
421650,4,2.256319404
421660,4,2.256373654
421670,4,2.25642423
421680,4,2.256477337
421690,4,2.256527174
421700,4,2.256579757
421710,4,2.256629699
421720,4,2.256682678
421730,4,2.256734587
421740,4,2.256787061
421750,4,2.256836836
421760,4,2.256890037
421770,4,2.256940485
421780,4,2.256993353
421790,4,2.257044992
421800,4,2.257094867
421810,4,2.257147805
421820,4,2.257201437
421830,4,2.257250788
421840,4,2.257303256
421850,4,2.257353956
421860,4,2.257404958
421870,4,2.257460815
421880,4,2.25750965
421890,4,2.257562423
421900,4,2.257613742
421910,4,2.257664471
421920,4,2.25771687
421930,4,2.257769878
421940,4,2.257821784
421950,4,2.257873508
421960,4,2.257926832
421970,4,2.257979152
421980,4,2.258029779
421990,4,2.258081453
422000,4,2.258134591
422010,4,2.258187477
422020,4,2.258238719
422030,4,2.258288233
422040,4,2.258341176
422050,4,2.258394647
422060,4,2.258445196
422070,4,2.258498281
422080,4,2.258549702
422090,4,2.258602011
422100,4,2.258654891
422110,4,2.258708324
422120,4,2.258762058
422130,4,2.258811089
422140,4,2.25886327
422150,4,2.258918374
422160,4,2.258968899
422170,4,2.259018519
422180,4,2.259072416
422190,4,2.259125179
422200,4,2.259177153
422210,4,2.259230098
422220,4,2.259282185
422230,4,2.259333949
422240,4,2.259385851
422250,4,2.259439009
422260,4,2.259488817
422270,4,2.259543683
422280,4,2.259596343
422290,4,2.259646808
422300,4,2.259700539
422310,4,2.259750881
422320,4,2.259806154
422330,4,2.259861124
422340,4,2.259907698
422350,4,2.259961687
422360,4,2.260016682
422370,4,2.260068646
422380,4,2.260121078
422390,4,2.260172475
422400,4,2.260225797
422410,4,2.260276749
422420,4,2.260330345
422430,4,2.26038467
422440,4,2.260434841
422450,4,2.260489349
422460,4,2.260542229
422470,4,2.260592327
422480,4,2.260647323
422490,4,2.260699709
422500,4,2.26075183
422510,4,2.260803181
422520,4,2.26085786
422530,4,2.260911145
422540,4,2.260962523
422550,4,2.261016043
422560,4,2.261068035
422570,4,2.261120627
422580,4,2.261172784
422590,4,2.261225601
422600,4,2.261279522
422610,4,2.261332911
422620,4,2.261385205
422630,4,2.26143816
422640,4,2.261488941
422650,4,2.26154443
422660,4,2.261595703
422670,4,2.261647471
422680,4,2.261702502
422690,4,2.261754568
422700,4,2.261807144
422710,4,2.261859051
422720,4,2.261913583
422730,4,2.2619657
422740,4,2.262019443
422750,4,2.262072254
422760,4,2.26212479
422770,4,2.26217902
422780,4,2.262229258
422790,4,2.262283887
422800,4,2.26233796
422810,4,2.262390332
422820,4,2.262444828
422830,4,2.262497501
422840,4,2.262548244
422850,4,2.262601441
422860,4,2.262655457
422870,4,2.26270989
422880,4,2.262761189
422890,4,2.262814774
422900,4,2.262870794
422910,4,2.262920603
422920,4,2.262975499
422930,4,2.263028394
422940,4,2.263081459
422950,4,2.263134093
422960,4,2.263186832
422970,4,2.263238975
422980,4,2.263294343
422990,4,2.263347456
423000,4,2.26340108
423010,4,2.263454024
423020,4,2.263508591
423030,4,2.263561011
423040,4,2.263613965
423050,4,2.263669026
423060,4,2.26372043
423070,4,2.263774106
423080,4,2.263828859
423090,4,2.263880912
423100,4,2.26393478
423110,4,2.263986075
423120,4,2.264040461
423130,4,2.264093718
423140,4,2.264148485
423150,4,2.264201478
423160,4,2.264253254
423170,4,2.264307094
423180,4,2.264363123
423190,4,2.264415138
423200,4,2.264469204
423210,4,2.2645214
423220,4,2.26457708
423230,4,2.264630141
423240,4,2.264680119
423250,4,2.264735085
423260,4,2.264788326
423270,4,2.264843433
423280,4,2.26489543
423290,4,2.264951655
423300,4,2.265004916
423310,4,2.265057902
423320,4,2.265110626
423330,4,2.26516319
423340,4,2.26521825
423350,4,2.265272984
423360,4,2.265326323
423370,4,2.265380069
423380,4,2.265433539
423390,4,2.265487157
423400,4,2.265538543
423410,4,2.265593301
423420,4,2.265648647
423430,4,2.265702482
423440,4,2.265755442
423450,4,2.265810265
423460,4,2.265862743
423470,4,2.265917286
423480,4,2.265971124
423490,4,2.266024366
423500,4,2.266078063
423510,4,2.266131959
423520,4,2.266184181
423530,4,2.266238812
423540,4,2.266293664
423550,4,2.266347039
423560,4,2.26639952
423570,4,2.266453883
423580,4,2.266507369
423590,4,2.266562332
423600,4,2.266616038
423610,4,2.266669865
423620,4,2.266723047
423630,4,2.266778412
423640,4,2.266832423
423650,4,2.266886067
423660,4,2.266938953
423670,4,2.266994285
423680,4,2.267047706
423690,4,2.267101325
423700,4,2.267156402
423710,4,2.267208611
423720,4,2.267265243
423730,4,2.267316483
423740,4,2.267372065
423750,4,2.267424479
423760,4,2.267478867
423770,4,2.26753495
423780,4,2.26758669
423790,4,2.267641071
423800,4,2.267694543
423810,4,2.267750187
423820,4,2.267804433
423830,4,2.267856116
423840,4,2.267911095
423850,4,2.267966429
423860,4,2.268021896
423870,4,2.268073176
423880,4,2.268130111
423890,4,2.268182796
423900,4,2.268237479
423910,4,2.268292041
423920,4,2.268344439
423930,4,2.268398835
423940,4,2.268453578
423950,4,2.268506514
423960,4,2.268562447
423970,4,2.268617249
423980,4,2.26867113
423990,4,2.26872398
424000,4,2.26877962
424010,4,2.268832185
424020,4,2.268888226
424030,4,2.26894128
424040,4,2.26899697
424050,4,2.269048364
424060,4,2.269103056
424070,4,2.269158403
424080,4,2.269213257
424090,4,2.269267672
424100,4,2.269321678
424110,4,2.269376625
424120,4,2.269431234
424130,4,2.269484837
424140,4,2.269537823
424150,4,2.269593903
424160,4,2.269646061
424170,4,2.269702778
424180,4,2.269755373
424190,4,2.269810402
424200,4,2.269864655
424210,4,2.269920356
424220,4,2.269972629
424230,4,2.270027794
424240,4,2.270083163
424250,4,2.2701352
424260,4,2.270190689
424270,4,2.270243343
424280,4,2.270301689
424290,4,2.270354816
424300,4,2.270409262
424310,4,2.270463088
424320,4,2.270518736
424330,4,2.270570738
424340,4,2.270626073
424350,4,2.270682808
424360,4,2.270734769
424370,4,2.270791989
424380,4,2.270844834
424390,4,2.270898486
424400,4,2.270954385
424410,4,2.271010772
424420,4,2.271062219
424430,4,2.271117756
424440,4,2.271173229
424450,4,2.271228027
424460,4,2.271280965
424470,4,2.271336488
424480,4,2.271390704
424490,4,2.271445429
424500,4,2.27150076
424510,4,2.2715542
424520,4,2.271609086
424530,4,2.271665064
424540,4,2.271716514
424550,4,2.271772671
424560,4,2.271827788
424570,4,2.271883838
424580,4,2.271935303
424590,4,2.271991943
424600,4,2.272046136
424610,4,2.272101474
424620,4,2.272154648
424630,4,2.272210122
424640,4,2.272265065
424650,4,2.272320579
424660,4,2.272374371
424670,4,2.272429719
424680,4,2.272485414
424690,4,2.272536994
424700,4,2.272592951
424710,4,2.272646748
424720,4,2.272701868
424730,4,2.272754901
424740,4,2.272810695
424750,4,2.27286614
424760,4,2.27292109
424770,4,2.272978403
424780,4,2.273030633
424790,4,2.273087518
424800,4,2.273140245
424810,4,2.273194271
424820,4,2.273251703
424830,4,2.273305354
424840,4,2.273359551
424850,4,2.273412937
424860,4,2.273469056
424870,4,2.273523087
424880,4,2.273579073
424890,4,2.273633504
424900,4,2.273687524
424910,4,2.273742555
424920,4,2.273798076
424930,4,2.27385257
424940,4,2.273907101
424950,4,2.273963323
424960,4,2.274016985
424970,4,2.274072302
424980,4,2.274127913
424990,4,2.274180193
425000,4,2.274236332
425010,4,2.274293703
425020,4,2.274347223
425030,4,2.274401016
425040,4,2.274458322
425050,4,2.2745121
425060,4,2.274567152
425070,4,2.274620846
425080,4,2.274675208
425090,4,2.274733424
425100,4,2.274787255
425110,4,2.274841034
425120,4,2.27489462
425130,4,2.274951524
425140,4,2.275006412
425150,4,2.275061817
425160,4,2.275116228
425170,4,2.27516905
425180,4,2.275225324
425190,4,2.27528052
425200,4,2.275336029
425210,4,2.27539129
425220,4,2.275445948
425230,4,2.275500905
425240,4,2.275556184
425250,4,2.275609665
425260,4,2.275666144
425270,4,2.275720223
425280,4,2.275776068
425290,4,2.275828877
425300,4,2.275883956
425310,4,2.275941808
425320,4,2.275995979
425330,4,2.276050572
425340,4,2.276105122
425350,4,2.276160728
425360,4,2.276216307
425370,4,2.27627198
425380,4,2.276326413
425390,4,2.276381519
425400,4,2.276434218
425410,4,2.276492562
425420,4,2.276546516
425430,4,2.276601278
425440,4,2.276657694
425450,4,2.276710646
425460,4,2.276767143
425470,4,2.27682201
425480,4,2.276877285
425490,4,2.276932827
425500,4,2.276987132
425510,4,2.27704126
425520,4,2.277097075
425530,4,2.277152941
425540,4,2.277208297
425550,4,2.277262108
425560,4,2.277316591
425570,4,2.27737213
425580,4,2.277430503
425590,4,2.27748312
425600,4,2.277539274
425610,4,2.277593956
425620,4,2.277650156
425630,4,2.277701693
425640,4,2.277759913
425650,4,2.277813608
425660,4,2.27787002
425670,4,2.277924028
425680,4,2.277980885
425690,4,2.27803525
425700,4,2.278089764
425710,4,2.278144303
425720,4,2.278199606
425730,4,2.278254524
425740,4,2.278308655
425750,4,2.278364408
425760,4,2.278420322
425770,4,2.278476795
425780,4,2.27853099
425790,4,2.278587325
425800,4,2.27863973
425810,4,2.278697205
425820,4,2.278752557
425830,4,2.278809225
425840,4,2.278862167
425850,4,2.27891643
425860,4,2.278970969
425870,4,2.27902772
425880,4,2.279082327
425890,4,2.279138434
425900,4,2.279193984
425910,4,2.279249359
425920,4,2.27930543
425930,4,2.279358192
425940,4,2.27941609
425950,4,2.279472395
425960,4,2.279525893
425970,4,2.27958026
425980,4,2.279633762
425990,4,2.279691433
426000,4,2.279746152
426010,4,2.279800187
426020,4,2.279857581
426030,4,2.279912173
426040,4,2.27996646
426050,4,2.280022857
426060,4,2.280078105
426070,4,2.280132412
426080,4,2.280187389
426090,4,2.280241397
426100,4,2.280297604
426110,4,2.280355786
426120,4,2.280407136
426130,4,2.280464929
426140,4,2.28051991
426150,4,2.280574873
426160,4,2.280629114
426170,4,2.280685328
426180,4,2.280739097
426190,4,2.280794819
426200,4,2.28084933
426210,4,2.280906288
426220,4,2.28096253
426230,4,2.28101679
426240,4,2.281071197
426250,4,2.281125683
426260,4,2.281183593
426270,4,2.281238138
426280,4,2.281291465
426290,4,2.281347047
426300,4,2.281404053
426310,4,2.281459161
426320,4,2.281515312
426330,4,2.281566276
426340,4,2.28162673
426350,4,2.281678719
426360,4,2.281737065
426370,4,2.281790705
426380,4,2.28184777
426390,4,2.281900312
426400,4,2.28195624
426410,4,2.282010567
426420,4,2.282066999
426430,4,2.282120566
426440,4,2.282177328
426450,4,2.282233837
426460,4,2.282288648
426470,4,2.282342538
426480,4,2.28240003
426490,4,2.282453974
426500,4,2.282509641
426510,4,2.282563868
426520,4,2.282619342
426530,4,2.282677168
426540,4,2.282729289
426550,4,2.282784968
426560,4,2.282840239
426570,4,2.2828972
426580,4,2.28295152
426590,4,2.283005234
426600,4,2.283062329
426610,4,2.28311759
426620,4,2.283172509
426630,4,2.283226849
426640,4,2.283283332
426650,4,2.283337317
426660,4,2.283392946
426670,4,2.283448327
426680,4,2.283504872
426690,4,2.283558424
426700,4,2.283613649
426710,4,2.283670141
426720,4,2.283725589
426730,4,2.283781705
426740,4,2.283835272
426750,4,2.283889518
426760,4,2.2839466
426770,4,2.284002584
426780,4,2.28405787
426790,4,2.284112732
426800,4,2.284169427
426810,4,2.284223762
426820,4,2.284277443
426830,4,2.284332399
426840,4,2.284388541
426850,4,2.284442206
426860,4,2.28449997
426870,4,2.284555788
426880,4,2.284608528
426890,4,2.284663119
426900,4,2.284720561
426910,4,2.284775201
426920,4,2.284833702
426930,4,2.284884822
426940,4,2.284941449
426950,4,2.284995733
426960,4,2.285050905
426970,4,2.285108259
426980,4,2.285161985
426990,4,2.285215832
427000,4,2.285274288
427010,4,2.285329906
427020,4,2.285384165
427030,4,2.285439755
427040,4,2.285491663
427050,4,2.285548446
427060,4,2.2856047
427070,4,2.285659298
427080,4,2.28571406
427090,4,2.28577048
427100,4,2.285826238
427110,4,2.285880866
427120,4,2.285935776
427130,4,2.285990632
427140,4,2.286046703
427150,4,2.286101099
427160,4,2.286156459
427170,4,2.286211829
427180,4,2.286266781
427190,4,2.286322754
427200,4,2.286375767
427210,4,2.286433777
427220,4,2.286488268
427230,4,2.28654533
427240,4,2.286599369
427250,4,2.286653839
427260,4,2.286710225
427270,4,2.286763018
427280,4,2.286822197
427290,4,2.286875406
427300,4,2.286932361
427310,4,2.286984816
427320,4,2.287039897
427330,4,2.287096728
427340,4,2.287151061
427350,4,2.287206407
427360,4,2.287261804
427370,4,2.287317767
427380,4,2.287371723
427390,4,2.287428416
427400,4,2.28748381
427410,4,2.287538186
427420,4,2.287594289
427430,4,2.287646974
427440,4,2.287703406
427450,4,2.287756911
427460,4,2.287815835
427470,4,2.287867578
427480,4,2.287922006
427490,4,2.287979225
427500,4,2.288032633
427510,4,2.288089674
427520,4,2.288144711
427530,4,2.288199192
427540,4,2.288254971
427550,4,2.288310163
427560,4,2.28836371
427570,4,2.288418644
427580,4,2.288474178
427590,4,2.288531708
427600,4,2.28858524
427610,4,2.288641677
427620,4,2.28869598
427630,4,2.288752146
427640,4,2.288805077
427650,4,2.288862035
427660,4,2.288917858
427670,4,2.28897156
427680,4,2.28902493
427690,4,2.289081381
427700,4,2.289137767
427710,4,2.289190248
427720,4,2.2892461
427730,4,2.289301636
427740,4,2.289355871
427750,4,2.28941292
427760,4,2.289466698
427770,4,2.28952198
427780,4,2.289577794
427790,4,2.289632809
427800,4,2.289685321
427810,4,2.289742614
427820,4,2.289797946
427830,4,2.289852466
427840,4,2.289906222
427850,4,2.28996248
427860,4,2.290016891
427870,4,2.290072711
427880,4,2.290128415
427890,4,2.290183226
427900,4,2.290238766
427910,4,2.290295073
427920,4,2.290348067
427930,4,2.290404193
427940,4,2.290458371
427950,4,2.290514354
427960,4,2.290567837
427970,4,2.290623193
427980,4,2.290679082
427990,4,2.290736103
428000,4,2.290787093
428010,4,2.290842897
428020,4,2.290898618
428030,4,2.290952558
428040,4,2.291009285
428050,4,2.291064492
428060,4,2.291118818
428070,4,2.291174653
428080,4,2.291229971
428090,4,2.291282415
428100,4,2.291339602
428110,4,2.291393521
428120,4,2.291447294
428130,4,2.291501628
428140,4,2.291556904
428150,4,2.291612243
428160,4,2.29166522
428170,4,2.291721962
428180,4,2.291778079
428190,4,2.291831728
428200,4,2.291888184
428210,4,2.291940716
428220,4,2.291996825
428230,4,2.292052922
428240,4,2.292109205
428250,4,2.292162392
428260,4,2.292217542
428270,4,2.29227048
428280,4,2.292326783
428290,4,2.29238324
428300,4,2.292436955
428310,4,2.292491874
428320,4,2.292545651
428330,4,2.29259947
428340,4,2.292654667
428350,4,2.292710377
428360,4,2.292765161
428370,4,2.292819443
428380,4,2.292875015
428390,4,2.292931027
428400,4,2.292985773
428410,4,2.293038077
428420,4,2.293092841
428430,4,2.293148968
428440,4,2.293202873
428450,4,2.293258694
428460,4,2.293312711
428470,4,2.293367301
428480,4,2.293422211
428490,4,2.293476019
428500,4,2.293530823
428510,4,2.293586548
428520,4,2.293640946
428530,4,2.293696269
428540,4,2.293750331
428550,4,2.293805803
428560,4,2.293861287
428570,4,2.293916089
428580,4,2.293968635
428590,4,2.294023185
428600,4,2.294078454
428610,4,2.294134161
428620,4,2.29418804
428630,4,2.29424185
428640,4,2.294296933
428650,4,2.294351268
428660,4,2.29440687
428670,4,2.294461161
428680,4,2.294516067
428690,4,2.294570963
428700,4,2.294625533
428710,4,2.294679881
428720,4,2.294734794
428730,4,2.294790901
428740,4,2.294842873
428750,4,2.29489902
428760,4,2.294952485
428770,4,2.295007029
428780,4,2.295061261
428790,4,2.295117479
428800,4,2.295172969
428810,4,2.295225112
428820,4,2.295278791
428830,4,2.295334913
428840,4,2.295390747
428850,4,2.295443621
428860,4,2.295499259
428870,4,2.295553187
428880,4,2.295606764
428890,4,2.295661138
428900,4,2.295715837
428910,4,2.295771257
428920,4,2.295826679
428930,4,2.295878064
428940,4,2.295932778
428950,4,2.295988999
428960,4,2.296042623
428970,4,2.296098281
428980,4,2.296151872
428990,4,2.29620822
429000,4,2.29625982
429010,4,2.296315492
429020,4,2.296369985
429030,4,2.296422967
429040,4,2.296478161
429050,4,2.296531593
429060,4,2.296586622
429070,4,2.296640168
429080,4,2.296696704
429090,4,2.296749955
429100,4,2.296803696
429110,4,2.296858695
429120,4,2.296913603
429130,4,2.296967189
429140,4,2.297021929
429150,4,2.297074039
429160,4,2.297130024
429170,4,2.297185055
429180,4,2.29723717
429190,4,2.297294014
429200,4,2.297345734
429210,4,2.297401775
429220,4,2.297456174
429230,4,2.297509324
429240,4,2.29756199
429250,4,2.297618511
429260,4,2.297673633
429270,4,2.297728942
429280,4,2.297779796
429290,4,2.297835167
429300,4,2.297889118
429310,4,2.297944249
429320,4,2.297997747
429330,4,2.298050569
429340,4,2.298107467
429350,4,2.298160443
429360,4,2.298214561
429370,4,2.29826754
429380,4,2.298321293
429390,4,2.298375566
429400,4,2.298429777
429410,4,2.298484041
429420,4,2.298537541
429430,4,2.298592881
429440,4,2.298648088
429450,4,2.298700709
429460,4,2.298755074
429470,4,2.298809259
429480,4,2.298861713
429490,4,2.298916922
429500,4,2.298972898
429510,4,2.299024272
429520,4,2.299078821
429530,4,2.299133881
429540,4,2.29918805
429550,4,2.299239963
429560,4,2.299294179
429570,4,2.299349404
429580,4,2.29940328
429590,4,2.299455817
429600,4,2.299510343
429610,4,2.299563813
429620,4,2.299617962
429630,4,2.299675564
429640,4,2.299727235
429650,4,2.299780793
429660,4,2.2998338
429670,4,2.29988648
429680,4,2.299943515
429690,4,2.299995217
429700,4,2.30004789
429710,4,2.300102488
429720,4,2.300156463
429730,4,2.300209988
429740,4,2.300265066
429750,4,2.300317973
429760,4,2.300372637
429770,4,2.300425879
429780,4,2.300480059
429790,4,2.300534319
429800,4,2.300586025
429810,4,2.300639853
429820,4,2.300694332
429830,4,2.30074712
429840,4,2.300800991
429850,4,2.300855655
429860,4,2.30090768
429870,4,2.300962673
429880,4,2.301017427
429890,4,2.301068953
429900,4,2.301123657
429910,4,2.301177161
429920,4,2.30122783
429930,4,2.30128363
429940,4,2.301338834
429950,4,2.30138995
429960,4,2.301444831
429970,4,2.301497535
429980,4,2.301553153
429990,4,2.301604523
430000,4,2.301659009
430010,4,2.301711761
430020,4,2.301765568
430030,4,2.301819224
430040,4,2.301871929
430050,4,2.301925363
430060,4,2.301980328
430070,4,2.302034356
430080,4,2.302086149
430090,4,2.302138618
430100,4,2.302193868
430110,4,2.302247389
430120,4,2.302300311
430130,4,2.302353405
430140,4,2.30240978
430150,4,2.302460343
430160,4,2.302513069
430170,4,2.30256485
430180,4,2.302621906
430190,4,2.302675066
430200,4,2.302728297
430210,4,2.302781311
430220,4,2.302834514
430230,4,2.302887203
430240,4,2.302940469
430250,4,2.302993835
430260,4,2.303047112
430270,4,2.303099788
430280,4,2.303151797
430290,4,2.303206074
430300,4,2.303261328
430310,4,2.303313038
430320,4,2.303364862
430330,4,2.303420203
430340,4,2.303472227
430350,4,2.303526054
430360,4,2.303579546
430370,4,2.303631511
430380,4,2.303685226
430390,4,2.303736535
430400,4,2.303792413
430410,4,2.30384532
430420,4,2.303897344
430430,4,2.303950379
430440,4,2.304003431
430450,4,2.304057182
430460,4,2.304110768
430470,4,2.30416086
430480,4,2.304213543
430490,4,2.304268874
430500,4,2.304322327
430510,4,2.304373649
430520,4,2.304427194
430530,4,2.304479031
430540,4,2.304532672
430550,4,2.304584774
430560,4,2.304639323
430570,4,2.304692112
430580,4,2.304743816
430590,4,2.304798137
430600,4,2.30485058
430610,4,2.304903628
430620,4,2.304955609
430630,4,2.305009873
430640,4,2.305059258
430650,4,2.305114466
430660,4,2.305166696
430670,4,2.305218723
430680,4,2.305271192
430690,4,2.305326433
430700,4,2.30537657
430710,4,2.305428614
430720,4,2.305482617
430730,4,2.305536936
430740,4,2.305588762
430750,4,2.305641955
430760,4,2.305694015
430770,4,2.305747339
430780,4,2.305799812
430790,4,2.305852757
430800,4,2.305905272
430810,4,2.305956686
430820,4,2.306009683
430830,4,2.306062278
430840,4,2.306115653
430850,4,2.306167325
430860,4,2.306219671
430870,4,2.306272696
430880,4,2.306325883
430890,4,2.306376334
430900,4,2.306428546
430910,4,2.306482009
430920,4,2.306534868
430930,4,2.306585303
430940,4,2.306637193
430950,4,2.306694531
430960,4,2.306744607
430970,4,2.306796802
430980,4,2.30684928
430990,4,2.306900262
431000,4,2.306952293
431010,4,2.307006713
431020,4,2.307059583
431030,4,2.307111929
431040,4,2.307162486
431050,4,2.307212433
431060,4,2.307268368
431070,4,2.307317376
431080,4,2.307371124
431090,4,2.307423879
431100,4,2.307477171
431110,4,2.307528293
431120,4,2.307578951
431130,4,2.307633526
431140,4,2.307684142
431150,4,2.307736022
431160,4,2.307789889
431170,4,2.307841735
431180,4,2.307892705
431190,4,2.307944882
431200,4,2.307997757
431210,4,2.308047816
431220,4,2.308102329
431230,4,2.308152843
431240,4,2.308204786
431250,4,2.30825632
431260,4,2.308307939
431270,4,2.30835903
431280,4,2.308413719
431290,4,2.308463285
431300,4,2.308517601
431310,4,2.308568802
431320,4,2.308620319
431330,4,2.308669807
431340,4,2.308723969
431350,4,2.308775994
431360,4,2.308827535
431370,4,2.308877539
431380,4,2.308930274
431390,4,2.30898258
431400,4,2.309034103
431410,4,2.309086493
431420,4,2.309140231
431430,4,2.309190656
431440,4,2.309239876
431450,4,2.309292836
431460,4,2.309345582
431470,4,2.309397715
431480,4,2.309447355
431490,4,2.309501097
431500,4,2.30955196
431510,4,2.309603388
431520,4,2.309656143
431530,4,2.309708192
431540,4,2.309758222
431550,4,2.309809102
431560,4,2.309861727
431570,4,2.309912151
431580,4,2.309965414
431590,4,2.310014893
431600,4,2.310066608
431610,4,2.310118849
431620,4,2.310169592
431630,4,2.310220649
431640,4,2.310272232
431650,4,2.310326027
431660,4,2.310376078
431670,4,2.310427028
431680,4,2.310476773
431690,4,2.310530463
431700,4,2.310580324
431710,4,2.310633117
431720,4,2.310684676
431730,4,2.310732973
431740,4,2.310786723
431750,4,2.310839499
431760,4,2.310890496
431770,4,2.310939193
431780,4,2.310991585
431790,4,2.311043167
431800,4,2.311093359
431810,4,2.311145237
431820,4,2.311196555
431830,4,2.311247717
431840,4,2.311297342
431850,4,2.311351109
431860,4,2.311399693
431870,4,2.311451834
431880,4,2.311502819
431890,4,2.311552433
431900,4,2.311603351
431910,4,2.311655622
431920,4,2.311706127
431930,4,2.311755725
431940,4,2.311808371
431950,4,2.311858703
431960,4,2.311909031
431970,4,2.311959515
431980,4,2.312012082
431990,4,2.31206152
432000,4,2.312114706
432010,4,2.312164512
432020,4,2.312215585
432030,4,2.312266613
432040,4,2.312315659
432050,4,2.312367377
432060,4,2.312415792
432070,4,2.312469092
432080,4,2.312517898
432090,4,2.312570907
432100,4,2.312619346
432110,4,2.312671392
432120,4,2.312723802
432130,4,2.312774594
432140,4,2.31282358
432150,4,2.312874949
432160,4,2.312925671
432170,4,2.312976563
432180,4,2.313026163
432190,4,2.31307849
432200,4,2.313124987
432210,4,2.313179069
432220,4,2.313228116
432230,4,2.313277764
432240,4,2.313329493
432250,4,2.313379281
432260,4,2.313428854
432270,4,2.313479271
432280,4,2.313530143
432290,4,2.313580211
432300,4,2.313632356
432310,4,2.31368071
432320,4,2.313731776
432330,4,2.313781923
432340,4,2.313832057
432350,4,2.313883365
432360,4,2.313932753
432370,4,2.313982778
432380,4,2.314033232
432390,4,2.314083185
432400,4,2.314132777
432410,4,2.314184361
432420,4,2.314234658
432430,4,2.314283162
432440,4,2.314334578
432450,4,2.314383443
432460,4,2.314433178
432470,4,2.314482441
432480,4,2.314534391
432490,4,2.314585655
432500,4,2.314634074
432510,4,2.314682643
432520,4,2.314734019
432530,4,2.314782986
432540,4,2.314834792
432550,4,2.314883203
432560,4,2.314933243
432570,4,2.314983742
432580,4,2.315033068
432590,4,2.315082383
432600,4,2.315132661
432610,4,2.315182093
432620,4,2.315233545
432630,4,2.315281727
432640,4,2.315332433
432650,4,2.315379993
432660,4,2.315430314
432670,4,2.315480187
432680,4,2.31553035
432690,4,2.315578697
432700,4,2.315628524
432710,4,2.315677936
432720,4,2.315728433
432730,4,2.315780139
432740,4,2.315827671
432750,4,2.315875448
432760,4,2.315928179
432770,4,2.31597835
432780,4,2.316027547
432790,4,2.316075207
432800,4,2.316126177
432810,4,2.316174271
432820,4,2.316222975
432830,4,2.316273443
432840,4,2.316323629
432850,4,2.316372531
432860,4,2.316422712
432870,4,2.316469088
432880,4,2.316520605
432890,4,2.316569865
432900,4,2.316616759
432910,4,2.316670199
432920,4,2.316717539
432930,4,2.316767193
432940,4,2.31681581
432950,4,2.316864096
432960,4,2.316915344
432970,4,2.316963674
432980,4,2.317012505
432990,4,2.317061699
433000,4,2.317109379
433010,4,2.317158736
433020,4,2.317208229
433030,4,2.317257566
433040,4,2.317307586
433050,4,2.31735575
433060,4,2.317404168
433070,4,2.317453187
433080,4,2.317503284
433090,4,2.317550404
433100,4,2.317599051
433110,4,2.317648006
433120,4,2.317697338
433130,4,2.317747659
433140,4,2.317795222
433150,4,2.317842118
433160,4,2.317892115
433170,4,2.317942175
433180,4,2.31798905
433190,4,2.318039263
433200,4,2.318087498
433210,4,2.318135245
433220,4,2.31818555
433230,4,2.318231682
433240,4,2.318282503
433250,4,2.318329635
433260,4,2.318380791
433270,4,2.318426909
433280,4,2.318475559
433290,4,2.318527066
433300,4,2.31857254
433310,4,2.318620648
433320,4,2.3186701
433330,4,2.318718756
433340,4,2.318765892
433350,4,2.318815271
433360,4,2.318861916
433370,4,2.318910572
433380,4,2.318960722
433390,4,2.319007942
433400,4,2.319056119
433410,4,2.319105157
433420,4,2.319152456
433430,4,2.319201062
433440,4,2.319248398
433450,4,2.319299084
433460,4,2.319346917
433470,4,2.319394717
433480,4,2.319441529
433490,4,2.319488353
433500,4,2.319538469
433510,4,2.319586545
433520,4,2.319635035
433530,4,2.319683213
433540,4,2.3197291
433550,4,2.319778553
433560,4,2.319824003
433570,4,2.319875547
433580,4,2.31992314
433590,4,2.319971825
433600,4,2.320021131
433610,4,2.320065024
433620,4,2.320114482
433630,4,2.320163184
433640,4,2.320212283
433650,4,2.320256752
433660,4,2.320304134
433670,4,2.320352285
433680,4,2.320398943
433690,4,2.320448266
433700,4,2.320496411
433710,4,2.320542181
433720,4,2.320591992
433730,4,2.320638927
433740,4,2.320684521
433750,4,2.320733711
433760,4,2.320781767
433770,4,2.320828275
433780,4,2.320876267
433790,4,2.320922806
433800,4,2.320970853
433810,4,2.321017491
433820,4,2.32106402
433830,4,2.321114659
433840,4,2.321162036
433850,4,2.321207557
433860,4,2.321256433
433870,4,2.321301001
433880,4,2.321349647
433890,4,2.321398203
433900,4,2.321443486
433910,4,2.321491094
433920,4,2.321537303
433930,4,2.321585693
433940,4,2.321631025
433950,4,2.321680586
433960,4,2.321727234
433970,4,2.321774802
433980,4,2.321820808
433990,4,2.321869418
434000,4,2.321915227
434010,4,2.321962294
434020,4,2.322010656
434030,4,2.322056785
434040,4,2.322104608
434050,4,2.322150517
434060,4,2.322196786
434070,4,2.322243203
434080,4,2.32229069
434090,4,2.322337617
434100,4,2.322384417
434110,4,2.322433023
434120,4,2.322477482
434130,4,2.322525331
434140,4,2.322570306
434150,4,2.322617248
434160,4,2.322666719
434170,4,2.322712089
434180,4,2.322756567
434190,4,2.32280384
434200,4,2.322851907
434210,4,2.322896368
434220,4,2.322946515
434230,4,2.32299028
434240,4,2.323037132
434250,4,2.323084568
434260,4,2.32312979
434270,4,2.323176811
434280,4,2.323222304
434290,4,2.323270249
434300,4,2.323317366
434310,4,2.323361653
434320,4,2.323408335
434330,4,2.323454726
434340,4,2.323501747
434350,4,2.323546505
434360,4,2.323592986
434370,4,2.323638915
434380,4,2.32368631
434390,4,2.323732455
434400,4,2.323778203
434410,4,2.323823892
434420,4,2.323871048
434430,4,2.323913955
434440,4,2.323963146
434450,4,2.324008316
434460,4,2.32405458
434470,4,2.324099858
434480,4,2.324145914
434490,4,2.324190541
434500,4,2.32423875
434510,4,2.324283955
434520,4,2.32432988
434530,4,2.324375291
434540,4,2.324421691
434550,4,2.324466283
434560,4,2.324511998
434570,4,2.324558603
434580,4,2.324606371
434590,4,2.324647052
434600,4,2.324693619
434610,4,2.324741105
434620,4,2.324788475
434630,4,2.324831764
434640,4,2.324877315
434650,4,2.324924003
434660,4,2.324970249
434670,4,2.325014351
434680,4,2.325059493
434690,4,2.325106337
434700,4,2.325151015
434710,4,2.325195087
434720,4,2.32524344
434730,4,2.325286705
434740,4,2.32533167
434750,4,2.325378773
434760,4,2.325423689
434770,4,2.325467284
434780,4,2.325513256
434790,4,2.325559158
434800,4,2.325604152
434810,4,2.325649033
434820,4,2.325693478
434830,4,2.325738909
434840,4,2.325786579
434850,4,2.325827703
434860,4,2.32587518
434870,4,2.325918947
434880,4,2.325963071
434890,4,2.326008124
434900,4,2.326054908
434910,4,2.326099388
434920,4,2.326144818
434930,4,2.326187457
434940,4,2.326234414
434950,4,2.326278542
434960,4,2.326320576
434970,4,2.326369709
434980,4,2.326413676
434990,4,2.326458086
435000,4,2.326501977
435010,4,2.326545822
435020,4,2.326590342
435030,4,2.326634478
435040,4,2.326680325
435050,4,2.32672671
435060,4,2.326770885
435070,4,2.326814872
435080,4,2.326859395
435090,4,2.326903421
435100,4,2.326948095
435110,4,2.326992677
435120,4,2.327036731
435130,4,2.327083086
435140,4,2.327127045
435150,4,2.327169232
435160,4,2.327213936
435170,4,2.327257153
435180,4,2.32730315
435190,4,2.327346905
435200,4,2.327390543
435210,4,2.327434632
435220,4,2.327480389
435230,4,2.327522879
435240,4,2.327566966
435250,4,2.327610596
435260,4,2.327653771
435270,4,2.327699912
435280,4,2.327742577
435290,4,2.327787503
435300,4,2.327831671
435310,4,2.327874773
435320,4,2.327920803
435330,4,2.327964218
435340,4,2.328009086
435350,4,2.328050925
435360,4,2.328096448
435370,4,2.328137958
435380,4,2.328182382
435390,4,2.328224887
435400,4,2.328269883
435410,4,2.328314503
435420,4,2.328358531
435430,4,2.328399455
435440,4,2.328444591
435450,4,2.328487782
435460,4,2.328531633
435470,4,2.328576018
435480,4,2.328619335
435490,4,2.328662827
435500,4,2.32870573
435510,4,2.328750227
435520,4,2.32879397
435530,4,2.328837599
435540,4,2.328879445
435550,4,2.328922151
435560,4,2.328966013
435570,4,2.329008029
435580,4,2.329051039
435590,4,2.329095197
435600,4,2.329139566
435610,4,2.329180438
435620,4,2.329225803
435630,4,2.329269804
435640,4,2.329310738
435650,4,2.329354385
435660,4,2.329397827
435670,4,2.329439677
435680,4,2.329483214
435690,4,2.329526426
435700,4,2.329571205
435710,4,2.32961186
435720,4,2.329653431
435730,4,2.329698558
435740,4,2.329740095
435750,4,2.329785487
435760,4,2.329826765
435770,4,2.329867746
435780,4,2.329910563
435790,4,2.329954256
435800,4,2.329995755
435810,4,2.330040575
435820,4,2.330082219
435830,4,2.330125311
435840,4,2.330167557
435850,4,2.330209327
435860,4,2.330251635
435870,4,2.330296101
435880,4,2.33033766
435890,4,2.330379957
435900,4,2.330423759
435910,4,2.330465027
435920,4,2.330505951
435930,4,2.330551503
435940,4,2.330591251
435950,4,2.330634046
435960,4,2.330676576
435970,4,2.330719712
435980,4,2.330759841
435990,4,2.330801556
436000,4,2.3308433
436010,4,2.330887169
436020,4,2.330930244
436030,4,2.330969458
436040,4,2.331012733
436050,4,2.33105522
436060,4,2.331096919
436070,4,2.331139092
436080,4,2.331181452
436090,4,2.331223105
436100,4,2.331263352
436110,4,2.331305768
436120,4,2.331347278
436130,4,2.331390027
436140,4,2.331430451
436150,4,2.331473673
436160,4,2.331514785
436170,4,2.331555265
436180,4,2.33159934
436190,4,2.331639713
436200,4,2.331679838
436210,4,2.33172186
436220,4,2.331764368
436230,4,2.331806259
436240,4,2.331850458
436250,4,2.331889533
436260,4,2.331928397
436270,4,2.331970848
436280,4,2.332012053
436290,4,2.33205319
436300,4,2.332095756
436310,4,2.332137811
437360,1,1.920996669
437370,1,1.921076959
437380,1,1.921157667
437390,1,1.921238485
437400,1,1.921319411
437410,1,1.921400566
437420,1,1.921481965
437430,1,1.92156349
437440,1,1.921645261
437450,1,1.921727269
437460,1,1.921809329
437470,1,1.921891711
437480,1,1.921974272
437490,1,1.922056827
437500,1,1.922139608
437510,1,1.922222816
437520,1,1.922306065
437530,1,1.922389489
437540,1,1.922473063
437550,1,1.922556977
437560,1,1.922641043
437570,1,1.922724993
437580,1,1.922809466
437590,1,1.922894047
437600,1,1.922979194
437610,1,1.923063728
437620,1,1.923149004
437630,1,1.923234254
437640,1,1.923320038
437650,1,1.923405458
437660,1,1.923491387
437670,1,1.923577294
437680,1,1.92366392
437690,1,1.923750223
437700,1,1.92383665
437710,1,1.923923652
437720,1,1.924010657
437730,1,1.924097704
437740,1,1.924185435
437750,1,1.924272697
437760,1,1.9243609
437770,1,1.924448684
437780,1,1.924536763
437790,1,1.924625184
437800,1,1.924713572
437810,1,1.924802244
437820,1,1.924891067
437830,1,1.924980273
437840,1,1.925069572
437850,1,1.925158985
437860,1,1.925248716
437870,1,1.925338528
437880,1,1.925428439
437890,1,1.925518563
437900,1,1.92560909
437910,1,1.925699604
437920,1,1.925790454
437930,1,1.925881329
437940,1,1.925972332
437950,1,1.926063689
437960,1,1.926155416
437970,1,1.926247168
437980,1,1.926338847
437990,1,1.926431132
438000,1,1.92652321
438010,1,1.926615626
438020,1,1.926708299
438030,1,1.926801327
438040,1,1.926894274
438050,1,1.926987197
438060,1,1.927080776
438070,1,1.927174266
438080,1,1.927268143
438090,1,1.92736196
438100,1,1.927456114
438110,1,1.927550429
438120,1,1.927644847
438130,1,1.927739733
438140,1,1.9278345
438150,1,1.927929454
438160,1,1.928024801
438170,1,1.928120074
438180,1,1.928215842
438190,1,1.928311643
438200,1,1.92840752
438210,1,1.928503894
438220,1,1.928600106
438230,1,1.928696528
438240,1,1.928793319
438250,1,1.928890237
438260,1,1.928987338
438270,1,1.929084757
438280,1,1.929181938
438290,1,1.929279794
438300,1,1.929377544
438310,1,1.929475659
438320,1,1.929573703
438330,1,1.929672087
438340,1,1.929770781
438350,1,1.929869483
438360,1,1.929968435
438370,1,1.930067568
438380,1,1.930166831
438390,1,1.93026646
438400,1,1.930366038
438410,1,1.930465989
438420,1,1.930565999
438430,1,1.930665952
438440,1,1.930766682
438450,1,1.930867065
438460,1,1.930968044
438470,1,1.93106883
438480,1,1.931170028
438490,1,1.931271354
438500,1,1.93137272
438510,1,1.931474481
438520,1,1.93157631
438530,1,1.931678603
438540,1,1.931780828
438550,1,1.931883263
438560,1,1.931985846
438570,1,1.932088588
438580,1,1.932191625
438590,1,1.932294755
438600,1,1.932398088
438610,1,1.932501601
438620,1,1.932605373
438630,1,1.932709228
438640,1,1.932813296
438650,1,1.932917442
438660,1,1.933021985
438670,1,1.933126948
438680,1,1.933231411
438690,1,1.933336558
438700,1,1.933441709
438710,1,1.933546968
438720,1,1.933652847
438730,1,1.933758283
438740,1,1.933864261
438750,1,1.933970484
438760,1,1.934076486
438770,1,1.93418309
438780,1,1.934289832
438790,1,1.934396609
438800,1,1.934503566
438810,1,1.934610815
438820,1,1.934718066
438830,1,1.934825749
438840,1,1.934933447
438850,1,1.935041564
438860,1,1.935149449
438870,1,1.935257683
438880,1,1.935366147
438890,1,1.935474687
438900,1,1.935583704
438910,1,1.935692596
438920,1,1.93580183
438930,1,1.935911307
438940,1,1.936020687
438950,1,1.936130484
438960,1,1.936240441
438970,1,1.93635048
438980,1,1.936460753
438990,1,1.936571323
439000,1,1.936682022
439010,1,1.936792521
439020,1,1.936903541
439030,1,1.937014768
439040,1,1.937126153
439050,1,1.937237653
439060,1,1.937349093
439070,1,1.937461169
439080,1,1.937573484
439090,1,1.937685697
439100,1,1.937797985
439110,1,1.937910611
439120,1,1.938023577
439130,1,1.938136383
439140,1,1.938249553
439150,1,1.938363122
439160,1,1.93847646
439170,1,1.938590004
439180,1,1.938703986
439190,1,1.938818228
439200,1,1.938932333
439210,1,1.939046647
439220,1,1.939161376
439230,1,1.939276239
439240,1,1.939391011
439250,1,1.939506189
439260,1,1.939621534
439270,1,1.939737205
439280,1,1.939852662
439290,1,1.939968604
439300,1,1.940084554
439310,1,1.940200819
439320,1,1.940317381
439330,1,1.940433773
439340,1,1.940550809
439350,1,1.940667343
439360,1,1.940784653
439370,1,1.940902072
439380,1,1.941019262
439390,1,1.941136922
439400,1,1.941254865
439410,1,1.94137299
439420,1,1.941491048
439430,1,1.941609294
439440,1,1.941727906
439450,1,1.941846755
439460,1,1.941965565
439470,1,1.942084591
439480,1,1.942203697
439490,1,1.942323143
439500,1,1.942442646
439510,1,1.942562623
439520,1,1.942682415
439530,1,1.942802798
439540,1,1.942922849
439550,1,1.943043546
439560,1,1.943164074
439570,1,1.943284883
439580,1,1.943406016
439590,1,1.943527056
439600,1,1.943648503
439610,1,1.943770198
439620,1,1.943891806
439630,1,1.944013783
439640,1,1.94413585
439650,1,1.944258138
439660,1,1.944380682
439670,1,1.944503323
439680,1,1.944626029
439690,1,1.944748989
439700,1,1.944872082
439710,1,1.944995336
439720,1,1.945118914
439730,1,1.945242547
439740,1,1.945366561
439750,1,1.945490348
439760,1,1.945614644
439770,1,1.945739073
439780,1,1.945863412
439790,1,1.945988245
439800,1,1.946113281
439810,1,1.946238314
439820,1,1.946363581
439830,1,1.94648909
439840,1,1.946614616
439850,1,1.946740361
439860,1,1.946866226
439870,1,1.946992271
439880,1,1.947118512
439890,1,1.947245202
439900,1,1.947371985
439910,1,1.947498795
439920,1,1.947625856
439930,1,1.947752788
439940,1,1.947880405
439950,1,1.948007721
439960,1,1.948135548
439970,1,1.948263416
439980,1,1.948391262
439990,1,1.948519671
440000,1,1.948647899
440010,1,1.948776797
440020,1,1.948905437
440030,1,1.949034593
440040,1,1.949163384
440050,1,1.949292851
440060,1,1.949422298
440070,1,1.949551768
440080,1,1.949681503
440090,1,1.949811663
440100,1,1.949941608
440110,1,1.950072197
440120,1,1.950202636
440130,1,1.950333355
440140,1,1.950464129
440150,1,1.950594868
440160,1,1.950726415
440170,1,1.950857511
440180,1,1.950989152
440190,1,1.951120753
440200,1,1.951252935
440210,1,1.951384519
440220,1,1.951516968
440230,1,1.951649442
440240,1,1.951782034
440250,1,1.951914682
440260,1,1.952047727
440270,1,1.952180493
440280,1,1.952313897
440290,1,1.952447505
440300,1,1.952580924
440310,1,1.952714731
440320,1,1.952848779
440330,1,1.952982708
440340,1,1.953117053
440350,1,1.953251497
440360,1,1.953386244
440370,1,1.95352099
440380,1,1.953656164
440390,1,1.953791193
440400,1,1.953926632
440410,1,1.954061826
440420,1,1.954197713
440430,1,1.954333557
440440,1,1.95446953
440450,1,1.954605655
440460,1,1.954741968
440470,1,1.95487873
440480,1,1.955015175
440490,1,1.955152015
440500,1,1.955289067
440510,1,1.955426403
440520,1,1.955563688
440530,1,1.955701166
440540,1,1.955838796
440550,1,1.955977041
440560,1,1.956114925
440570,1,1.95625317
440580,1,1.956391571
440590,1,1.956530114
440600,1,1.956668781
440610,1,1.956807798
440620,1,1.95694692
440630,1,1.957086178
440640,1,1.957225519
440650,1,1.957365061
440660,1,1.957504887
440670,1,1.957644693
440680,1,1.957784869
440690,1,1.957925115
440700,1,1.958065678
440710,1,1.958206203
440720,1,1.958347046
440730,1,1.958488064
440740,1,1.958629189
440750,1,1.958770443
440760,1,1.958911718
440770,1,1.959053407
440780,1,1.959195204
440790,1,1.959337033
440800,1,1.959479297
440810,1,1.959621545
440820,1,1.959764003
440830,1,1.959906571
440840,1,1.96004936
440850,1,1.960192501
440860,1,1.960335608
440870,1,1.9604789
440880,1,1.960622433
440890,1,1.960765945
440900,1,1.960909815
440910,1,1.961053729
440920,1,1.96119802
440930,1,1.961342297
440940,1,1.961486815
440950,1,1.96163143
440960,1,1.961776233
440970,1,1.961921142
440980,1,1.962066279
440990,1,1.962211746
441000,1,1.96235721
441010,1,1.962502767
441020,1,1.962648563
441030,1,1.962794427
441040,1,1.962940824
441050,1,1.963087019
441060,1,1.963233436
441070,1,1.963380261
441080,1,1.963526797
441090,1,1.963674003
441100,1,1.963821111
441110,1,1.96396833
441120,1,1.964115773
441130,1,1.964263547
441140,1,1.964411236
441150,1,1.964559422
441160,1,1.964707521
441170,1,1.964855712
441180,1,1.965004323
441190,1,1.965152969
441200,1,1.965301545
441210,1,1.965450795
441220,1,1.965599524
441230,1,1.965749116
441240,1,1.965898577
441250,1,1.966048008
441260,1,1.966197956
441270,1,1.966347822
441280,1,1.966497872
441290,1,1.966648181
441300,1,1.966798807
441310,1,1.966949311
441320,1,1.967100106
441330,1,1.967250914
441340,1,1.967402212
441350,1,1.967553355
441360,1,1.967704889
441370,1,1.967856475
441380,1,1.968008226
441390,1,1.968160224
441400,1,1.968312091
441410,1,1.968464463
441420,1,1.968617102
441430,1,1.96876948
441440,1,1.968922238
441450,1,1.969075274
441460,1,1.969228401
441470,1,1.969381397
441480,1,1.969534775
441490,1,1.969688494
441500,1,1.969842065
441510,1,1.969996128
441520,1,1.970150093
441530,1,1.970304313
441540,1,1.970458783
441550,1,1.970613249
441560,1,1.970767883
441570,1,1.970922841
441580,1,1.971078043
441590,1,1.971233
441600,1,1.971388545
441610,1,1.971543976
441620,1,1.971699376
441630,1,1.971855394
441640,1,1.972011508
441650,1,1.972167562
441660,1,1.972323928
441670,1,1.972480543
441680,1,1.972636978
441690,1,1.972793797
441700,1,1.972950966
441710,1,1.973107927
441720,1,1.973265174
441730,1,1.973422813
441740,1,1.973580341
441750,1,1.973738117
441760,1,1.973895917
441770,1,1.974054134
441780,1,1.974212127
441790,1,1.974370794
441800,1,1.974529332
441810,1,1.974688114
441820,1,1.974847013
441830,1,1.975006058
441840,1,1.975165227
441850,1,1.97532447
441860,1,1.97548427
441870,1,1.975643872
441880,1,1.975803739
441890,1,1.975963812
441900,1,1.976124023
441910,1,1.976284202
441920,1,1.976444861
441930,1,1.976605324
441940,1,1.976766268
441950,1,1.976927087
441960,1,1.977088346
441970,1,1.977249538
441980,1,1.977411037
441990,1,1.977572767
442000,1,1.977734462
442010,1,1.977896287
442020,1,1.978058435
442030,1,1.978220605
442040,1,1.978383035
442050,1,1.978545819
442060,1,1.978708305
442070,1,1.97887123
442080,1,1.979034145
442090,1,1.979197415
442100,1,1.979360753
442110,1,1.979524313
442120,1,1.979688023
442130,1,1.979851683
442140,1,1.98001569
442150,1,1.980179847
442160,1,1.980344242
442170,1,1.980508777
442180,1,1.980673199
442190,1,1.980837904
442200,1,1.981002803
442210,1,1.981167987
442220,1,1.981333253
442230,1,1.981498552
442240,1,1.981664174
442250,1,1.981829818
442260,1,1.981995756
442270,1,1.982161954
442280,1,1.982328042
442290,1,1.982494337
442300,1,1.982660826
442310,1,1.98282733
442320,1,1.982994145
442330,1,1.983161147
442340,1,1.983328295
442350,1,1.98349538
442360,1,1.983662913
442370,1,1.983830452
442380,1,1.983998242
442390,1,1.984166076
442400,1,1.984334053
442410,1,1.984502436
442420,1,1.984670603
442430,1,1.984839157
442440,1,1.985008007
442450,1,1.98517676
442460,1,1.985345642
442470,1,1.985514878
442480,1,1.985684101
442490,1,1.985853498
442500,1,1.986023012
442510,1,1.986192959
442520,1,1.986362795
442530,1,1.986532787
442540,1,1.986703004
442550,1,1.986873524
442560,1,1.987043624
442570,1,1.987214513
442580,1,1.987385294
442590,1,1.987556455
442600,1,1.987727618
442610,1,1.987898705
442620,1,1.988070023
442630,1,1.988241806
442640,1,1.988413438
442650,1,1.988585269
442660,1,1.988757359
442670,1,1.988929515
442680,1,1.989101881
442690,1,1.98927436
442700,1,1.989447066
442710,1,1.989619795
442720,1,1.989792968
442730,1,1.989966123
442740,1,1.990139264
442750,1,1.990312636
442760,1,1.990486337
442770,1,1.990659905
442780,1,1.99083386
442790,1,1.991007603
442800,1,1.991182098
442810,1,1.991356281
442820,1,1.99153079
442830,1,1.99170554
442840,1,1.991880085
442850,1,1.992055008
442860,1,1.992230022
442870,1,1.992405444
442880,1,1.992580606
442890,1,1.992756242
442900,1,1.992931985
442910,1,1.993107966
442920,1,1.993283864
442930,1,1.993460084
442940,1,1.99363617
442950,1,1.993812605
442960,1,1.993989317
442970,1,1.994165883
442980,1,1.994342904
442990,1,1.994519963
443000,1,1.994697024
443010,1,1.994874398
443020,1,1.995052009
443030,1,1.995229461
443040,1,1.995407369
443050,1,1.99558534
443060,1,1.995763158
443070,1,1.995941597
443080,1,1.996119878
443090,1,1.996298387
443100,1,1.996477257
443110,1,1.996655758
443120,1,1.996834654
443130,1,1.997013872
443140,1,1.997193023
443150,1,1.997372579
443160,1,1.997552289
443170,1,1.997731904
443180,1,1.99791172
443190,1,1.998091651
443200,1,1.998271942
443210,1,1.998452235
443220,1,1.998632563
443230,1,1.998813125
443240,1,1.998993881
443250,1,1.999174537
443260,1,1.999355913
443270,1,1.999537017
443280,1,1.999718425
443290,1,1.999899812
443300,1,2.00008147
443310,1,2.000263263
443320,1,2.000445268
443330,1,2.000627293
443340,1,2.000809382
443350,1,2.000991682
443360,1,2.00117439
443370,1,2.001357053
443380,1,2.001539663
443390,1,2.0017227
443400,1,2.001905791
443410,1,2.002088992
443420,1,2.002272231
443430,1,2.002455702
443440,1,2.00263936
443450,1,2.002823405
443460,1,2.003007286
443470,1,2.003191472
443480,1,2.003375496
443490,1,2.003559917
443500,1,2.003744513
443510,1,2.003929073
443520,1,2.004114064
443530,1,2.004298921
443540,1,2.004483963
443550,1,2.00466924
443560,1,2.004854675
443570,1,2.005040166
443580,1,2.005225944
443590,1,2.005411819
443600,1,2.005597809
443610,1,2.005783897
443620,1,2.005969946
443630,1,2.006156548
443640,1,2.006343235
443650,1,2.00652984
443660,1,2.006716496
443670,1,2.006903694
443680,1,2.007090347
443690,1,2.007277972
443700,1,2.007465359
443710,1,2.007652866
443720,1,2.007840735
443730,1,2.008028547
443740,1,2.008216346
443750,1,2.008404522
443760,1,2.008592764
443770,1,2.008781143
443780,1,2.00896981
443790,1,2.009158264
443800,1,2.009347303
443810,1,2.009536167
443820,1,2.009725459
443830,1,2.009914206
443840,1,2.0101039
443850,1,2.010293586
443860,1,2.010483195
443870,1,2.010673043
443880,1,2.010862945
443890,1,2.011053019
443900,1,2.011243338
443910,1,2.011433546
443920,1,2.011624115
443930,1,2.011814627
443940,1,2.012005706
443950,1,2.012196537
443960,1,2.01238763
443970,1,2.012578845
443980,1,2.012770292
443990,1,2.01296173
444000,1,2.013153385
444010,1,2.013345212
444020,1,2.013537115
444030,1,2.013729014
444040,1,2.01392136
444050,1,2.014113581
444060,1,2.014306153
444070,1,2.014498758
444080,1,2.014691304
444090,1,2.014884336
444100,1,2.015077275
444110,1,2.015270609
444120,1,2.015463816
444130,1,2.015657321
444140,1,2.015850826
444150,1,2.016044636
444160,1,2.016238306
444170,1,2.016432348
444180,1,2.016626619
444190,1,2.016820802
444200,1,2.017015273
444210,1,2.017209871
444220,1,2.017404407
444230,1,2.017599145
444240,1,2.017794231
444250,1,2.017989246
444260,1,2.018184542
444270,1,2.018379974
444280,1,2.018575365
444290,1,2.018771173
444300,1,2.018966896
444310,1,2.019162823
444320,1,2.019358895
444330,1,2.019554999
444340,1,2.019751212
444350,1,2.019947583
444360,1,2.020144442
444370,1,2.020341125
444380,1,2.020537883
444390,1,2.020734953
444400,1,2.02093207
444410,1,2.021129262
444420,1,2.021326779
444430,1,2.021524389
444440,1,2.021722148
444450,1,2.021919772
444460,1,2.022117909
444470,1,2.022315754
444480,1,2.022514068
444490,1,2.022712329
444500,1,2.022910944
444510,1,2.023109504
444520,1,2.023308296
444530,1,2.023507143
444540,1,2.023706049
444550,1,2.023905311
444560,1,2.024104654
444570,1,2.024304074
444580,1,2.024503559
444590,1,2.024703383
444600,1,2.024903081
444610,1,2.025103016
444620,1,2.025303026
444630,1,2.025503394
444640,1,2.025703722
444650,1,2.025903947
444660,1,2.026104827
444670,1,2.026305527
444680,1,2.026506631
444690,1,2.026707507
444700,1,2.026908627
444710,1,2.027109864
444720,1,2.027311084
444730,1,2.027512819
444740,1,2.027714536
444750,1,2.027916431
444760,1,2.028118222
444770,1,2.028320239
444780,1,2.028522603
444790,1,2.028724808
444800,1,2.028927436
444810,1,2.029129808
444820,1,2.029332599
444830,1,2.029535476
444840,1,2.029738485
444850,1,2.029941616
444860,1,2.030144619
444870,1,2.030348357
444880,1,2.030551682
444890,1,2.030755181
444900,1,2.030958978
444910,1,2.031162842
444920,1,2.031366909
444930,1,2.031571371
444940,1,2.031775328
444950,1,2.031979889
444960,1,2.032184306
444970,1,2.032389207
444980,1,2.032593958
444990,1,2.032798799
445000,1,2.033003891
445010,1,2.033209026
445020,1,2.033414414
445030,1,2.033619878
445040,1,2.033825393
445050,1,2.034031216
445060,1,2.034237012
445070,1,2.034442954
445080,1,2.034649102
445090,1,2.034855198
445100,1,2.035061555
445110,1,2.035267979
445120,1,2.035474521
445130,1,2.035681359
445140,1,2.035888365
445150,1,2.036095283
445160,1,2.036302216
445170,1,2.036509599
445180,1,2.036716892
445190,1,2.036924305
445200,1,2.037132113
445210,1,2.037339871
445220,1,2.037547645
445230,1,2.037755645
445240,1,2.037963594
445250,1,2.038172173
445260,1,2.038380236
445270,1,2.038589125
445280,1,2.038797506
445290,1,2.039006326
445300,1,2.0392152
445310,1,2.039424134
445320,1,2.039633218
445330,1,2.039842501
445340,1,2.040051992
445350,1,2.04026136
445360,1,2.040471065
445370,1,2.040680921
445380,1,2.04089058
445390,1,2.041100762
445400,1,2.041310728
445410,1,2.041521052
445420,1,2.041731413
445430,1,2.041941899
445440,1,2.042152497
445450,1,2.042363391
445460,1,2.042574298
445470,1,2.042785263
445480,1,2.042996372
445490,1,2.0432078
445500,1,2.043418914
445510,1,2.043630454
445520,1,2.043841825
445530,1,2.04405382
445540,1,2.044265608
445550,1,2.044477614
445560,1,2.04468952
445570,1,2.044901988
445580,1,2.045114332
445590,1,2.04532681
445600,1,2.045539455
445610,1,2.045752084
445620,1,2.045964803
445630,1,2.04617795
445640,1,2.046390869
445650,1,2.04660394
445660,1,2.046817445
445670,1,2.04703093
445680,1,2.047244527
445690,1,2.047458254
445700,1,2.04767201
445710,1,2.047885816
445720,1,2.04810005
445730,1,2.04831416
445740,1,2.048528263
445750,1,2.048742876
445760,1,2.048957255
445770,1,2.049171934
445780,1,2.049386687
445790,1,2.049601653
445800,1,2.04981675
445810,1,2.050031854
445820,1,2.050246894
445830,1,2.050462347
445840,1,2.050677912
445850,1,2.05089365
445860,1,2.051109226
445870,1,2.051324824
445880,1,2.051540884
445890,1,2.05175719
445900,1,2.051973412
445910,1,2.052189819
445920,1,2.052406187
445930,1,2.052622601
445940,1,2.052839174
445950,1,2.053056129
445960,1,2.053272863
445970,1,2.053490057
445980,1,2.053707135
445990,1,2.05392468
446000,1,2.054142021
446010,1,2.054359534
446020,1,2.054576978
446030,1,2.054795034
446040,1,2.055012593
446050,1,2.055230596
446060,1,2.055448636
446070,1,2.055666818
446080,1,2.055885299
446090,1,2.056103591
446100,1,2.056322025
446110,1,2.05654077
446120,1,2.056759413
446130,1,2.056978667
446140,1,2.057197641
446150,1,2.057416678
446160,1,2.057636091
446170,1,2.05785529
446180,1,2.058074778
446190,1,2.058294468
446200,1,2.058513859
446210,1,2.058733771
446220,1,2.058953773
446230,1,2.059173821
446240,1,2.059393996
446250,1,2.0596144
446260,1,2.05983471
446270,1,2.060055554
446280,1,2.060275815
446290,1,2.060496738
446300,1,2.060717678
446310,1,2.060938459
446320,1,2.061159539
446330,1,2.061380793
446340,1,2.061602069
446350,1,2.061823452
446360,1,2.06204512
446370,1,2.062266553
446380,1,2.062488548
446390,1,2.062710397
446400,1,2.062932328
446410,1,2.063154464
446420,1,2.06337665
446430,1,2.063598913
446440,1,2.063821194
446450,1,2.064043923
446460,1,2.064266665
446470,1,2.064489234
446480,1,2.064712348
446490,1,2.064935406
446500,1,2.06515835
446510,1,2.065381664
446520,1,2.065605085
446530,1,2.065828541
446540,1,2.066051889
446550,1,2.066275624
446560,1,2.066499424
446570,1,2.066723303
446580,1,2.066947235
446590,1,2.067171306
446600,1,2.067395575
446610,1,2.067619943
446620,1,2.067844517
446630,1,2.068068977
446640,1,2.06829382
446650,1,2.068518549
446660,1,2.068743438
446670,1,2.068968313
446680,1,2.069193366
446690,1,2.069418658
446700,1,2.069643806
446710,1,2.069869322
446720,1,2.070095049
446730,1,2.070320464
446740,1,2.07054625
446750,1,2.070772045
446760,1,2.070998181
446770,1,2.071224147
446780,1,2.07145029
446790,1,2.071676426
446800,1,2.071903144
446810,1,2.072129622
446820,1,2.072356137
446830,1,2.072582899
446840,1,2.072809578
446850,1,2.073036641
446860,1,2.073263713
446870,1,2.073491006
446880,1,2.073718258
446890,1,2.073945722
446900,1,2.074172963
446910,1,2.074400775
446920,1,2.074628309
446930,1,2.074856017
446940,1,2.075083987
446950,1,2.075312052
446960,1,2.075540161
446970,1,2.075768141
446980,1,2.07599671
446990,1,2.076225087
447000,1,2.076453673
447010,1,2.076682264
447020,1,2.076910975
447030,1,2.077140007
447040,1,2.077368853
447050,1,2.077598032
447060,1,2.077827185
447070,1,2.078056227
447080,1,2.07828552
447090,1,2.078515127
447100,1,2.078744838
447110,1,2.078974583
447120,1,2.079204333
447130,1,2.079434358
447140,1,2.0796643
447150,1,2.079894258
447160,1,2.080124414
447170,1,2.080354884
447180,1,2.080585348
447190,1,2.080815641
447200,1,2.081046395
447210,1,2.081277154
447220,1,2.081507942
447230,1,2.081738759
447240,1,2.081969955
447250,1,2.082201269
447260,1,2.082432157
447270,1,2.082663655
447280,1,2.082895079
447290,1,2.08312687
447300,1,2.083358496
447310,1,2.083590264
447320,1,2.083821775
447330,1,2.084053695
447340,1,2.084285873
447350,1,2.084517884
447360,1,2.084750167
447370,1,2.084982752
447380,1,2.085215083
447390,1,2.085447726
447400,1,2.085680288
447410,1,2.085913101
447420,1,2.086145998
447430,1,2.086378944
447440,1,2.086612138
447450,1,2.086845112
447460,1,2.087078449
447470,1,2.087311844
447480,1,2.087545228
447490,1,2.087778805
447500,1,2.088012656
447510,1,2.088246278
447520,1,2.088480282
447530,1,2.088714161
447540,1,2.088948124
447550,1,2.089182213
447560,1,2.089416698
447570,1,2.08965083
447580,1,2.089885251
447590,1,2.090119774
447600,1,2.090354483
447610,1,2.090589212
447620,1,2.090823952
447630,1,2.091059038
447640,1,2.091293929
447650,1,2.091529174
447660,1,2.09176429
447670,1,2.091999755
447680,1,2.092235046
447690,1,2.092470773
447700,1,2.092706322
447710,1,2.092942182
447720,1,2.093177824
447730,1,2.093413764
447740,1,2.093649746
447750,1,2.093885976
447760,1,2.094122149
447770,1,2.094358411
447780,1,2.094594699
447790,1,2.094831244
447800,1,2.095067833
447810,1,2.095304502
447820,1,2.095541293
447830,1,2.095778019
447840,1,2.096015086
447850,1,2.096252168
447860,1,2.096489345
447870,1,2.09672647
447880,1,2.096963897
447890,1,2.097201339
447900,1,2.097438958
447910,1,2.097676461
447920,1,2.097914341
447930,1,2.098152005
447940,1,2.098389817
447950,1,2.098627952
447960,1,2.098866034
447970,1,2.099104129
447980,1,2.099342388
447990,1,2.099580777
448000,1,2.099819372
448010,1,2.100057669
448020,1,2.100296505
448030,1,2.100535178
448040,1,2.100773986
448050,1,2.101012919
448060,1,2.10125202
448070,1,2.101491125
448080,1,2.101730325
448090,1,2.101969688
448100,1,2.102209103
448110,1,2.102448426
448120,1,2.102688176
448130,1,2.1029278
448140,1,2.103167665
448150,1,2.103407465
448160,1,2.103647228
448170,1,2.103887248
448180,1,2.104127679
448190,1,2.104367638
448200,1,2.104607902
448210,1,2.104848344
448220,1,2.105088678
448230,1,2.105329373
448240,1,2.105569861
448250,1,2.105810775
448260,1,2.106051752
448270,1,2.106292682
448280,1,2.10653343
448290,1,2.106774787
448300,1,2.107015909
448310,1,2.107257245
448320,1,2.107498397
448330,1,2.10774012
448340,1,2.107981665
448350,1,2.108223178
448360,1,2.108464905
448370,1,2.108706643
448380,1,2.108948566
448390,1,2.109190663
448400,1,2.109432679
448410,1,2.109674793
448420,1,2.109916982
448430,1,2.11015943
448440,1,2.110401772
448450,1,2.110644438
448460,1,2.110887105
448470,1,2.111129783
448480,1,2.11137239
448490,1,2.111615383
448500,1,2.111858404
448510,1,2.112101575
448520,1,2.112344521
448530,1,2.112587661
448540,1,2.112830792
448550,1,2.113074271
448560,1,2.113317975
448570,1,2.113561256
448580,1,2.113805325
448590,1,2.114048715
448600,1,2.114292356
448610,1,2.114536464
448620,1,2.11478063
448630,1,2.115024603
448640,1,2.115268747
448650,1,2.115512943
448660,1,2.115757323
448670,1,2.11600156
448680,1,2.116246263
448690,1,2.116490739
448700,1,2.116735493
448710,1,2.11697999
448720,1,2.117225005
448730,1,2.117469908
448740,1,2.117714789
448750,1,2.117959978
448760,1,2.118205045
448770,1,2.118450401
448780,1,2.118695555
448790,1,2.118940948
448800,1,2.119186309
448810,1,2.119432134
448820,1,2.119677671
448830,1,2.119923243
448840,1,2.12016946
448850,1,2.120415231
448860,1,2.120661075
448870,1,2.120907339
448880,1,2.121153341
448890,1,2.121399577
448900,1,2.121646039
448910,1,2.121892317
448920,1,2.122138998
448930,1,2.122385252
448940,1,2.122631769
448950,1,2.122878584
448960,1,2.123125234
448970,1,2.123372169
448980,1,2.123619246
448990,1,2.123866209
449000,1,2.124113312
449010,1,2.124360389
449020,1,2.124607747
449030,1,2.124855302
449040,1,2.125102577
449050,1,2.125350051
449060,1,2.125597826
449070,1,2.12584549
449080,1,2.12609305
449090,1,2.126341176
449100,1,2.126588792
449110,1,2.126836742
449120,1,2.127084913
449130,1,2.127333083
449140,1,2.127581237
449150,1,2.127829518
449160,1,2.128077967
449170,1,2.128326098
449180,1,2.12857495
449190,1,2.12882344
449200,1,2.129072358
449210,1,2.129320864
449220,1,2.129569734
449230,1,2.129818775
449240,1,2.13006763
449250,1,2.130316597
449260,1,2.130565762
449270,1,2.130815055
449280,1,2.13106453
449290,1,2.131313853
449300,1,2.13156331
449310,1,2.131812814
449320,1,2.132062299
449330,1,2.132311923
449340,1,2.132561888
449350,1,2.13281161
449360,1,2.133061603
449370,1,2.133311633
449380,1,2.133561339
449390,1,2.133811718
449400,1,2.134061735
449410,1,2.134312076
449420,1,2.134562546
449430,1,2.134813129
449440,1,2.135063357
449450,1,2.135314112
449460,1,2.13556468
449470,1,2.135815352
449480,1,2.136066202
449490,1,2.136317025
449500,1,2.136568014
449510,1,2.1368191
449520,1,2.137070061
449530,1,2.137321362
449540,1,2.137572541
449550,1,2.13782374
449560,1,2.138075311
449570,1,2.138326656
449580,1,2.138578098
449590,1,2.138829765
449600,1,2.139081376
449610,1,2.139333142
449620,1,2.139584963
449630,1,2.139836978
449640,1,2.140088811
449650,1,2.14034062
449660,1,2.140592905
449670,1,2.140845024
449680,1,2.141097427
449690,1,2.141349519
449700,1,2.141601986
449710,1,2.14185455
449720,1,2.142106841
449730,1,2.142359363
449740,1,2.14261231
449750,1,2.142864873
449760,1,2.143117774
449770,1,2.143370464
449780,1,2.143623387
449790,1,2.143876383
449800,1,2.144129724
449810,1,2.144382687
449820,1,2.144636079
449830,1,2.14488937
449840,1,2.145142578
449850,1,2.145396181
449860,1,2.145649349
449870,1,2.145903027
449880,1,2.146156743
449890,1,2.146410482
449900,1,2.146664119
449910,1,2.14691807
449920,1,2.147171938
449930,1,2.147426026
449940,1,2.147679939
449950,1,2.147933878
449960,1,2.148188237
449970,1,2.148442355
449980,1,2.148696716
449990,1,2.148951009
450000,1,2.149205585
450010,1,2.149459892
450020,1,2.149714467
450030,1,2.149969226
450040,1,2.150223997
450050,1,2.1504787
450060,1,2.150733486
450070,1,2.150988422
450080,1,2.151243222
450090,1,2.151498458
450100,1,2.151753499
450110,1,2.152008544
450120,1,2.152263963
450130,1,2.152519132
450140,1,2.152774455
450150,1,2.153029882
450160,1,2.153285213
450170,1,2.153540844
450180,1,2.153796462
450190,1,2.154052028
450200,1,2.154307855
450210,1,2.15456379
450220,1,2.154819589
450230,1,2.155075563
450240,1,2.155331524
450250,1,2.155587599
450260,1,2.155843567
450270,1,2.156099813
450280,1,2.156356119
450290,1,2.156612364
450300,1,2.156868794
450310,1,2.157125184
450320,1,2.157381614
450330,1,2.157638047
450340,1,2.157894865
450350,1,2.158151583
450360,1,2.158408329
450370,1,2.158665167
450380,1,2.158921943
450390,1,2.15917867
450400,1,2.159435829
450410,1,2.15969295
450420,1,2.159949925
450430,1,2.160207112
450440,1,2.160464076
450450,1,2.160721493
450460,1,2.160978765
450470,1,2.161236344
450480,1,2.161493868
450490,1,2.161751357
450500,1,2.162008961
450510,1,2.162266537
450520,1,2.162524222
450530,1,2.162781934
450540,1,2.163039873
450550,1,2.163297804
450560,1,2.163555784
450570,1,2.163813677
450580,1,2.164071784
450590,1,2.164329825
450600,1,2.164588004
450610,1,2.164846146
450620,1,2.165104549
450630,1,2.165362992
450640,1,2.165621453
450650,1,2.165879689
450660,1,2.166138298
450670,1,2.1663969
450680,1,2.166655478
450690,1,2.166914143
450700,1,2.16717314
450710,1,2.167431788
450720,1,2.167690617
450730,1,2.167949269
450740,1,2.168208557
450750,1,2.168467615
450760,1,2.168726561
450770,1,2.168985709
450780,1,2.169244888
450790,1,2.169504207
450800,1,2.169763468
450810,1,2.170022709
450820,1,2.170282225
450830,1,2.17054173
450840,1,2.170801269
450850,1,2.171060801
450860,1,2.171320502
450870,1,2.171580127
450880,1,2.171840031
450890,1,2.172099851
450900,1,2.172359528
450910,1,2.172619406
450920,1,2.172879383
450930,1,2.173139594
450940,1,2.17339962
450950,1,2.173659651
450960,1,2.173920011
450970,1,2.17418008
450980,1,2.174440499
450990,1,2.174700587
451000,1,2.174961332
451010,1,2.175221681
451020,1,2.17548205
451030,1,2.175742651
451040,1,2.176003115
451050,1,2.176263671
451060,1,2.176524551
451070,1,2.176785377
451080,1,2.177046033
451090,1,2.177306895
451100,1,2.177568074
451110,1,2.177828731
451120,1,2.178089835
451130,1,2.178350986
451140,1,2.178611918
451150,1,2.178873054
451160,1,2.179134317
451170,1,2.179395715
451180,1,2.179656945
451190,1,2.179918182
451200,1,2.180179787
451210,1,2.180441152
451220,1,2.180702897
451230,1,2.180964242
451240,1,2.181225835
451250,1,2.181487556
451260,1,2.181749308
451270,1,2.182010954
451280,1,2.182272866
451290,1,2.182534612
451300,1,2.182796576
451310,1,2.183058654
451320,1,2.183320489
451330,1,2.183582417
451340,1,2.183844782
451350,1,2.184106806
451360,1,2.184369001
451370,1,2.184631293
451380,1,2.18489361
451390,1,2.185155774
451400,1,2.185418286
451410,1,2.185680689
451420,1,2.185943243
451430,1,2.186205813
451440,1,2.186468115
451450,1,2.186730936
451460,1,2.186993665
451470,1,2.187256322
451480,1,2.18751897
451490,1,2.187781862
451500,1,2.188044794
451510,1,2.188307495
451520,1,2.188570456
451530,1,2.188833408
451540,1,2.189096508
451550,1,2.189359676
451560,1,2.189622674
451570,1,2.189885802
451580,1,2.190149114
451590,1,2.190412354
451600,1,2.190675739
451610,1,2.190938924
451620,1,2.191202266
451630,1,2.191465829
451640,1,2.191729168
451650,1,2.19199271
451660,1,2.192256398
451670,1,2.192519732
451680,1,2.192783647
451690,1,2.193047255
451700,1,2.193310943
451710,1,2.193574671
451720,1,2.193838555
451730,1,2.19410243
451740,1,2.19436628
451750,1,2.194630309
451760,1,2.194893995
451770,1,2.195158193
451780,1,2.195422369
451790,1,2.195686274
451800,1,2.195950518
451810,1,2.196214666
451820,1,2.196478933
451830,1,2.196743229
451840,1,2.197007611
451850,1,2.197272025
451860,1,2.197536154
451870,1,2.197800743
451880,1,2.198065101
451890,1,2.198329833
451900,1,2.198594344
451910,1,2.198858829
451920,1,2.19912347
451930,1,2.199388081
451940,1,2.199652905
451950,1,2.199917812
451960,1,2.200182529
451970,1,2.200447153
451980,1,2.200712334
451990,1,2.200977149
452000,1,2.201241883
452010,1,2.201507047
452020,1,2.201772114
452030,1,2.202037324
452040,1,2.202302317
452050,1,2.202567365
452060,1,2.202832564
452070,1,2.203097868
452080,1,2.20336305
452090,1,2.203628219
452100,1,2.20389355
452110,1,2.204158963
452120,1,2.204424317
452130,1,2.204689709
452140,1,2.204955336
452150,1,2.205220743
452160,1,2.205486308
452170,1,2.205751906
452180,1,2.206017534
452190,1,2.206283197
452200,1,2.206549005
452210,1,2.206814466
452220,1,2.207080458
452230,1,2.207346082
452240,1,2.207612214
452250,1,2.207878096
452260,1,2.208143736
452270,1,2.208409684
452280,1,2.208675712
452290,1,2.208941678
452300,1,2.209207676
452310,1,2.209473716
452320,1,2.20973991
452330,1,2.210006155
452340,1,2.210272324
452350,1,2.210538474
452360,1,2.210804911
452370,1,2.211070942
452380,1,2.211337137
452390,1,2.211603722
452400,1,2.211870073
452410,1,2.212136359
452420,1,2.212402898
452430,1,2.212669356
452440,1,2.212935991
452450,1,2.213202405
452460,1,2.213468994
452470,1,2.213735718
452480,1,2.214002194
452490,1,2.214268758
452500,1,2.214535619
452510,1,2.214802269
452520,1,2.215069046
452530,1,2.215335861
452540,1,2.215602696
452550,1,2.215869644
452560,1,2.216136479
452570,1,2.216403058
452580,1,2.216670133
452590,1,2.216937342
452600,1,2.217204238
452610,1,2.217471143
452620,1,2.217738521
452630,1,2.21800562
452640,1,2.218272514
452650,1,2.218539588
452660,1,2.218806771
452670,1,2.219074187
452680,1,2.219341475
452690,1,2.219608635
452700,1,2.21987592
452710,1,2.220143248
452720,1,2.220410736
452730,1,2.220678065
452740,1,2.220945229
452750,1,2.221212916
452760,1,2.221480328
452770,1,2.221747613
452780,1,2.222015219
452790,1,2.222282939
452800,1,2.222550451
452810,1,2.22281804
452820,1,2.223085623
452830,1,2.22335354
452840,1,2.223620939
452850,1,2.223888761
452860,1,2.224156389
452870,1,2.224424189
452880,1,2.224691881
452890,1,2.2249598
452900,1,2.225227454
452910,1,2.225495353
452920,1,2.225763211
452930,1,2.226031192
452940,1,2.22629936
452950,1,2.226567143
452960,1,2.226835042
452970,1,2.227103093
452980,1,2.227371239
452990,1,2.227639314
453000,1,2.227907374
453010,1,2.228175761
453020,1,2.228443548
453030,1,2.228711785
453040,1,2.228979986
453050,1,2.229248342
453060,1,2.22951635
453070,1,2.229784576
453080,1,2.230052932
453090,1,2.230321208
453100,1,2.230589663
453110,1,2.230858026
453120,1,2.231126283
453130,1,2.231394649
453140,1,2.231663203
453150,1,2.231931569
453160,1,2.232200006
453170,1,2.232468478
453180,1,2.232737089
453190,1,2.233005526
453200,1,2.233274015
453210,1,2.233542753
453220,1,2.233811313
453230,1,2.234079751
453240,1,2.2343485
453250,1,2.234617105
453260,1,2.234885867
453270,1,2.235154502
453280,1,2.235423154
453290,1,2.235692004
453300,1,2.235960505
453310,1,2.236229321
453320,1,2.236498247
453330,1,2.236767081
453340,1,2.237035973
453350,1,2.23730475
453360,1,2.237573713
453370,1,2.237842331
453380,1,2.238111398
453390,1,2.238380329
453400,1,2.238649297
453410,1,2.238918187
453420,1,2.239187035
453430,1,2.239456191
453440,1,2.23972518
453450,1,2.23999432
453460,1,2.240263158
453470,1,2.240532365
453480,1,2.240801482
453490,1,2.241070584
453500,1,2.241339577
453510,1,2.241608927
453520,1,2.241878023
453530,1,2.242147037
453540,1,2.242416397
453550,1,2.242685638
453560,1,2.242954586
453570,1,2.24322389
453580,1,2.24349323
453590,1,2.243762418
453600,1,2.244031742
453610,1,2.244301001
453620,1,2.244570261
453630,1,2.244839606
453640,1,2.245109028
453650,1,2.245378308
453660,1,2.245647754
453670,1,2.24591725
453680,1,2.246186533
453690,1,2.246456164
453700,1,2.246725361
453710,1,2.246994965
453720,1,2.247264293
453730,1,2.247533898
453740,1,2.247803287
453750,1,2.248072744
453760,1,2.248342315
453770,1,2.248611733
453780,1,2.248881235
453790,1,2.249150871
453800,1,2.24942043
453810,1,2.249690036
453820,1,2.249959553
453830,1,2.250229076
453840,1,2.250498841
453850,1,2.25076846
453860,1,2.251038171
453870,1,2.251307917
453880,1,2.251577578
453890,1,2.251847079
453900,1,2.252116779
453910,1,2.252386466
453920,1,2.252656274
453930,1,2.252925882
453940,1,2.253195805
453950,1,2.253465419
453960,1,2.253735262
453970,1,2.254004981
453980,1,2.254274598
453990,1,2.254544265
454000,1,2.254814303
454010,1,2.255084114
454020,1,2.255354098
454030,1,2.255623876
454040,1,2.255893576
454050,1,2.256163276
454060,1,2.256433196
454070,1,2.256703098
454080,1,2.256972894
454090,1,2.25724283
454100,1,2.257512702
454110,1,2.257782534
454120,1,2.258052364
454130,1,2.25832216
454140,1,2.258592503
454150,1,2.258862156
454160,1,2.259132194
454170,1,2.259401974
454180,1,2.259671958
454190,1,2.259941979
454200,1,2.260211781
454210,1,2.260481826
454220,1,2.260751855
454230,1,2.261021796
454240,1,2.261291969
454250,1,2.26156189
454260,1,2.261831843
454270,1,2.262101792
454280,1,2.26237196
454290,1,2.262641842
454300,1,2.262911851
454310,1,2.263181797
454320,1,2.263451827
454330,1,2.263721957
454340,1,2.263992052
454350,1,2.264262145
454360,1,2.264532252
454370,1,2.264802143
454380,1,2.265071959
454390,1,2.265342241
454400,1,2.265612364
454410,1,2.265882567
454420,1,2.266152416
454430,1,2.266422328
454440,1,2.26669259
454450,1,2.266962817
454460,1,2.267232952
454470,1,2.267502883
454480,1,2.267773014
454490,1,2.268042917
454500,1,2.268313071
454510,1,2.268583215
454520,1,2.268853348
454530,1,2.269123573
454540,1,2.269393738
454550,1,2.269663669
454560,1,2.26993394
454570,1,2.2702038
454580,1,2.270473878
454590,1,2.270744255
454600,1,2.271014146
454610,1,2.271284475
454620,1,2.27155459
454630,1,2.271824607
454640,1,2.272094874
454650,1,2.272364805
454660,1,2.272634956
454670,1,2.272905127
454680,1,2.273175355
454690,1,2.273445463
454700,1,2.273715571
454710,1,2.273985493
454720,1,2.274255732
454730,1,2.274525948
454740,1,2.274795973
454750,1,2.275066042
454760,1,2.275336087
454770,1,2.275606405
454780,1,2.275876481
454790,1,2.276146598
454800,1,2.276416689
454810,1,2.276686865
454820,1,2.276957021
454830,1,2.27722707
454840,1,2.277497004
454850,1,2.277767163
454860,1,2.278037276
454870,1,2.278307448
454880,1,2.278577731
454890,1,2.278847667
454900,1,2.279117705
454910,1,2.279387879
454920,1,2.279657804
454930,1,2.279927918
454940,1,2.280197965
454950,1,2.280468176
454960,1,2.280738057
454970,1,2.281008027
454980,1,2.281278297
454990,1,2.281548518
455000,1,2.281818257
455010,1,2.282088342
455020,1,2.282358527
455030,1,2.282628411
455040,1,2.282898569
455050,1,2.283168563
455060,1,2.283438767
455070,1,2.283708612
455080,1,2.283978559
455090,1,2.284248399
455100,1,2.284518438
455110,1,2.284788498
455120,1,2.28505847
455130,1,2.285328453
455140,1,2.285598616
455150,1,2.285868416
455160,1,2.28613837
455170,1,2.286408437
455180,1,2.286678306
455190,1,2.286948243
455200,1,2.287218263
455210,1,2.28748808
455220,1,2.287757994
455230,1,2.288027871
455240,1,2.288297844
455250,1,2.288567613
455260,1,2.288837518
455270,1,2.289107448
455280,1,2.289377321
455290,1,2.289647109
455300,1,2.28991697
455310,1,2.290186777
455320,1,2.290456692
455330,1,2.290726329
455340,1,2.29099628
455350,1,2.291266136
455360,1,2.291535814
455370,1,2.29180551
455380,1,2.292075409
455390,1,2.292345144
455400,1,2.292614651
455410,1,2.292884487
455420,1,2.293154231
455430,1,2.293424012
455440,1,2.293693671
455450,1,2.293963433
455460,1,2.294232992
455470,1,2.294502921
455480,1,2.294772366
455490,1,2.29504212
455500,1,2.295311653
455510,1,2.295581353
455520,1,2.295851014
455530,1,2.296120241
455540,1,2.296389853
455550,1,2.29665969
455560,1,2.296929156
455570,1,2.297198811
455580,1,2.29746826
455590,1,2.297737718
455600,1,2.298007285
455610,1,2.298276896
455620,1,2.298546371
455630,1,2.298815744
455640,1,2.299085076
455650,1,2.299354635
455660,1,2.299624002
455670,1,2.299893461
455680,1,2.300162742
455690,1,2.300432101
455700,1,2.300701475
455710,1,2.300970831
455720,1,2.301240262
455730,1,2.301509639
455740,1,2.30177862
455750,1,2.302048155
455760,1,2.302317388
455770,1,2.302586696
455780,1,2.302856019
455790,1,2.303125409
455800,1,2.303394584
455810,1,2.303663649
455820,1,2.303932797
455830,1,2.304201798
455840,1,2.304471067
455850,1,2.304740225
455860,1,2.305009382
455870,1,2.305278269
455880,1,2.305547489
455890,1,2.305816444
455900,1,2.306085491
455910,1,2.306354625
455920,1,2.306623567
455930,1,2.306892472
455940,1,2.307161479
455950,1,2.307430417
455960,1,2.307699466
455970,1,2.307968394
455980,1,2.308237257
455990,1,2.308506028
456000,1,2.30877516
456010,1,2.309043847
456020,1,2.309312407
456030,1,2.309581415
456040,1,2.309850307
456050,1,2.310118827
456060,1,2.310387789
456070,1,2.310656512
456080,1,2.310925091
456090,1,2.311194034
456100,1,2.311462311
456110,1,2.311731163
456120,1,2.311999734
456130,1,2.312268483
456140,1,2.312536998
456150,1,2.312805363
456160,1,2.31307391
456170,1,2.313342469
456180,1,2.313611034
456190,1,2.313879417
456200,1,2.31414805
456210,1,2.314416295
456220,1,2.314684667
456230,1,2.314953069
456240,1,2.315221525
456250,1,2.315489748
456260,1,2.315758142
456270,1,2.316026293
456280,1,2.316294657
456290,1,2.316562965
456300,1,2.316831118
456310,1,2.317099208
456320,1,2.317367449
456330,1,2.317635679
456340,1,2.317903781
456350,1,2.318171613
456360,1,2.318439915
456370,1,2.318707872
456380,1,2.318975955
456390,1,2.319244022
456400,1,2.319511826
456410,1,2.319779723
456420,1,2.32004781
456430,1,2.320315851
456440,1,2.320583495
456450,1,2.320851315
456460,1,2.321119462
456470,1,2.321387056
456480,1,2.321654852
456490,1,2.321922571
456500,1,2.322190277
456510,1,2.322457978
456520,1,2.322725631
456530,1,2.322993217
456540,1,2.323260977
456550,1,2.323528423
456560,1,2.323796017
456570,1,2.324063546
456580,1,2.324331021
456590,1,2.324598554
456600,1,2.324865969
456610,1,2.325133662
456620,1,2.325401
456630,1,2.325668265
456640,1,2.325935474
456650,1,2.326202923
456660,1,2.326470003
456670,1,2.326737431
456680,1,2.32700448
456690,1,2.32727186
456700,1,2.327538951
456710,1,2.327805988
456720,1,2.328073389
456730,1,2.328340276
456740,1,2.328607319
456750,1,2.328874471
456760,1,2.329141375
456770,1,2.329408059
456780,1,2.329675267
456790,1,2.329942191
456800,1,2.33020895
456810,1,2.330475828
456820,1,2.330742603
456830,1,2.331009403
456840,1,2.331276294
456850,1,2.331542793
456860,1,2.331809419
456870,1,2.332076343
456880,1,2.332342647
456890,1,2.332609475
456900,1,2.332875884
456910,1,2.333142444
456920,1,2.333408909
456930,1,2.333675365
456940,1,2.333941818
456950,1,2.334208266
456960,1,2.334474491
456970,1,2.334740938
456980,1,2.335007293
456990,1,2.335273568
457000,1,2.335539323
457010,1,2.335805915
457020,1,2.336072185
457030,1,2.336338198
457040,1,2.33660432
457050,1,2.33687022
457060,1,2.337136216
457070,1,2.337402379
457080,1,2.33766835
457090,1,2.337934157
457100,1,2.338200135
457110,1,2.338465881
457120,1,2.338731724
457130,1,2.338997396
457140,1,2.339263139
457150,1,2.339528876
457160,1,2.339794591
457170,1,2.340060243
457180,1,2.340325942
457190,1,2.340591502
457200,1,2.340856918
457210,1,2.341122277
457220,1,2.341387893
457230,1,2.341653351
457240,1,2.341918741
457250,1,2.342183978
457260,1,2.34244931
457270,1,2.342714735
457280,1,2.342979711
457290,1,2.343245045
457300,1,2.343510068
457310,1,2.343775185
457320,1,2.3440401
457330,1,2.344305256
457340,1,2.344570366
457350,1,2.344835385
457360,1,2.345100077
457370,1,2.345365154
457380,1,2.345629991
457390,1,2.345894727
457400,1,2.34615957
457410,1,2.346424405
457420,1,2.346688937
457430,1,2.346953852
457440,1,2.347218211
457450,1,2.347482671
457460,1,2.347747235
457470,1,2.348011616
457480,1,2.348276289
457490,1,2.348540603
457500,1,2.348805076
457510,1,2.349069496
457520,1,2.349333674
457530,1,2.349597847
457540,1,2.349862219
457550,1,2.350126277
457560,1,2.350390402
457570,1,2.350654401
457580,1,2.350918596
457590,1,2.351182576
457600,1,2.351446808
457610,1,2.351710556
457620,1,2.351974303
457630,1,2.35223823
457640,1,2.352502092
457650,1,2.352765597
457660,1,2.353029391
457670,1,2.353293091
457680,1,2.353556618
457690,1,2.35382024
457700,1,2.354083746
457710,1,2.354347161
457720,1,2.354610673
457730,1,2.354874085
457740,1,2.355137609
457750,1,2.355400746
457760,1,2.355664015
457770,1,2.355927191
457780,1,2.356190238
457790,1,2.356453487
457800,1,2.356716748
457810,1,2.35697969
457820,1,2.357242772
457830,1,2.357505648
457840,1,2.357768715
457850,1,2.358031204
457860,1,2.358294279
457870,1,2.358556989
457880,1,2.358819645
457890,1,2.359082401
457900,1,2.359345257
457910,1,2.359607666
457920,1,2.359870033
457930,1,2.36013253
457940,1,2.36039494
457950,1,2.360657717
457960,1,2.360919859
457970,1,2.36118201
457980,1,2.361444378
457990,1,2.361706743
458000,1,2.361968653
458010,1,2.362230946
458020,1,2.362493009
458030,1,2.36275515
458040,1,2.363017044
458050,1,2.363278903
458060,1,2.363540792
458070,1,2.363802601
458080,1,2.364064627
458090,1,2.364326177
458100,1,2.364587806
458110,1,2.364849463
458120,1,2.365111143
458130,1,2.365372691
458140,1,2.365634112
458150,1,2.365895342
458160,1,2.366156844
458170,1,2.366418227
458180,1,2.366679375
458190,1,2.366940934
458200,1,2.367201821
458210,1,2.367462826
458220,1,2.367724135
458230,1,2.367985226
458240,1,2.368246187
458250,1,2.36850714
458260,1,2.368767967
458270,1,2.36902882
458280,1,2.369289517
458290,1,2.369550076
458300,1,2.369810816
458310,1,2.370071456
458320,1,2.370332036
458330,1,2.370592784
458340,1,2.370853237
458350,1,2.371113413
458360,1,2.371373931
458370,1,2.371634194
458380,1,2.371894384
458390,1,2.372154822
458400,1,2.372414894
458410,1,2.372674936
458420,1,2.372934758
458430,1,2.373194891
458440,1,2.373454873
458450,1,2.373714729
458460,1,2.373974557
458470,1,2.374234115
458480,1,2.374494044
458490,1,2.374753805
458500,1,2.375013295
458510,1,2.375272817
458520,1,2.375532284
458530,1,2.375791792
458540,1,2.376051135
458550,1,2.37631054
458560,1,2.376569768
458570,1,2.376829129
458580,1,2.377088164
458590,1,2.377347263
458600,1,2.377606239
458610,1,2.377865339
458620,1,2.378124371
458630,1,2.378383074
458640,1,2.378642035
458650,1,2.378900742
458660,1,2.379159381
458670,1,2.379418108
458680,1,2.379676641
458690,1,2.379935212
458700,1,2.380193711
458710,1,2.380452109
458720,1,2.38071041
458730,1,2.380968996
458740,1,2.381227175
458750,1,2.381485304
458760,1,2.381743472
458770,1,2.382001452
458780,1,2.382259433
458790,1,2.382517446
458800,1,2.382775406
458810,1,2.383033232
458820,1,2.383290929
458830,1,2.383548778
458840,1,2.383806361
458850,1,2.384063938
458860,1,2.384321543
458870,1,2.384578962
458880,1,2.384836487
458890,1,2.385093841
458900,1,2.385351066
458910,1,2.385608363
458920,1,2.385865498
458930,1,2.386122778
458940,1,2.386379778
458950,1,2.386636756
458960,1,2.386893661
458970,1,2.387150616
458980,1,2.387407359
458990,1,2.387664149
459000,1,2.387920763
459010,1,2.388177495
459020,1,2.388434262
459030,1,2.388690705
459040,1,2.388946816
459050,1,2.389203256
459060,1,2.389459915
459070,1,2.389716027
459080,1,2.389972297
459090,1,2.39022857
459100,1,2.390484454
459110,1,2.390740429
459120,1,2.390996277
459130,1,2.391252373
459140,1,2.391508114
459150,1,2.391763936
459160,1,2.39201963
459170,1,2.392275344
459180,1,2.392530771
459190,1,2.392786287
459200,1,2.393041569
459210,1,2.393297067
459220,1,2.393552424
459230,1,2.393807636
459240,1,2.394062799
459250,1,2.39431774
459260,1,2.394572754
459270,1,2.39482799
459280,1,2.395082856
459290,1,2.395337775
459300,1,2.395592466
459310,1,2.395847181
459320,1,2.396101977
459330,1,2.396356441
459340,1,2.396610921
459350,1,2.396865533
459360,1,2.397119906
459370,1,2.397374253
459380,1,2.397628682
459390,1,2.397882837
459400,1,2.398136786
459410,1,2.398390879
459420,1,2.398644789
459430,1,2.398898729
459440,1,2.399152759
459450,1,2.39940645
459460,1,2.399660234
459470,1,2.399913661
459480,1,2.400167309
459490,1,2.400421027
459500,1,2.400674317
459510,1,2.400927623
459520,1,2.401180964
459530,1,2.401434214
459540,1,2.40168734
459550,1,2.401940503
459560,1,2.402193762
459570,1,2.402446724
459580,1,2.402699495
459590,1,2.402952124
459600,1,2.403205121
459610,1,2.403457846
459620,1,2.403710188
459630,1,2.40396281
459640,1,2.404215476
459650,1,2.404467902
459660,1,2.404720149
459670,1,2.404972361
459680,1,2.405224462
459690,1,2.405476737
459700,1,2.405728772
459710,1,2.405980756
459720,1,2.406232663
459730,1,2.406484409
459740,1,2.406736203
459750,1,2.406987963
459760,1,2.407239311
459770,1,2.407491121
459780,1,2.40774269
459790,1,2.407994007
459800,1,2.408245301
459810,1,2.408496535
459820,1,2.408747732
459830,1,2.40899888
459840,1,2.409249827
459850,1,2.409500939
459860,1,2.409751805
459870,1,2.410002527
459880,1,2.410253327
459890,1,2.410504064
459900,1,2.41075464
459910,1,2.411005241
459920,1,2.411255561
459930,1,2.411506094
459940,1,2.411756225
459950,1,2.412006476
459960,1,2.412256692
459970,1,2.412507046
459980,1,2.412756717
459990,1,2.413006705
460000,1,2.413256695
460010,1,2.413506294
460020,1,2.41375609
460030,1,2.414005681
460040,1,2.414255191
460050,1,2.414504704
460060,1,2.41475419
460070,1,2.415003357
460080,1,2.415252775
460090,1,2.41550191
460100,1,2.415750925
460110,1,2.416000087
460120,1,2.416248872
460130,1,2.416497928
460140,1,2.416746785
460150,1,2.416995275
460160,1,2.41724405
460170,1,2.4174926
460180,1,2.417740992
460190,1,2.417989542
460200,1,2.418237588
460210,1,2.418485945
460220,1,2.418734249
460230,1,2.418982122
460240,1,2.419230323
460250,1,2.419478252
460260,1,2.419726162
460270,1,2.419973936
460280,1,2.420221431
460290,1,2.42046922
460300,1,2.420716648
460310,1,2.420964202
460320,1,2.421211631
460330,1,2.421458834
460340,1,2.421706062
460350,1,2.421953144
460360,1,2.422200179
460370,1,2.422447035
460380,1,2.422694243
460390,1,2.422941003
460400,1,2.423187819
460410,1,2.423434425
460420,1,2.423681035
460430,1,2.423927518
460440,1,2.424173911
460450,1,2.424420167
460460,1,2.424666515
460470,1,2.424912422
460480,1,2.425158944
460490,1,2.425404879
460500,1,2.425650617
460510,1,2.425896607
460520,1,2.426142293
460530,1,2.426387954
460540,1,2.426633541
460550,1,2.426879168
460560,1,2.427124578
460570,1,2.427369997
460580,1,2.427615148
460590,1,2.427860398
460600,1,2.428105565
460610,1,2.428350668
460620,1,2.428595423
460630,1,2.428840302
460640,1,2.429084936
460650,1,2.429329481
460660,1,2.429574376
460670,1,2.429818821
460680,1,2.430063362
460690,1,2.430307797
460700,1,2.430551718
460710,1,2.430796213
460720,1,2.431040053
460730,1,2.431284264
460740,1,2.431528146
460750,1,2.431771897
460760,1,2.432015776
460770,1,2.432259436
460780,1,2.43250294
460790,1,2.432746488
460800,1,2.432989969
460810,1,2.433233311
460820,1,2.433476529
460830,1,2.433719475
460840,1,2.433962924
460850,1,2.434205682
460860,1,2.434448617
460870,1,2.434691657
460880,1,2.434934122
460890,1,2.435176718
460900,1,2.435419351
460910,1,2.43566165
460920,1,2.43590417
460930,1,2.436146567
460940,1,2.436388725
460950,1,2.436630802
460960,1,2.43687271
460970,1,2.437114896
460980,1,2.437356745
460990,1,2.437598361
461000,1,2.437839898
461010,1,2.438081651
461020,1,2.438323031
461030,1,2.43856455
461040,1,2.438805869
461050,1,2.439047135
461060,1,2.439288196
461070,1,2.439529221
461080,1,2.439770051
461090,1,2.440011143
461100,1,2.440251909
461110,1,2.440492414
461120,1,2.44073338
461130,1,2.440973742
461140,1,2.441213829
461150,1,2.441454465
461160,1,2.441694651
461170,1,2.441934766
461180,1,2.442174981
461190,1,2.442414661
461200,1,2.442654827
461210,1,2.44289448
461220,1,2.443134358
461230,1,2.443374115
461240,1,2.44361322
461250,1,2.443852799
461260,1,2.444092162
461270,1,2.444331374
461280,1,2.444570475
461290,1,2.444809648
461300,1,2.445048554
461310,1,2.44528733
461320,1,2.445526292
461330,1,2.445764957
461340,1,2.446003513
461350,1,2.44624194
461360,1,2.446480418
461370,1,2.446718724
461380,1,2.446956796
461390,1,2.447195097
461400,1,2.447433038
461410,1,2.44767107
461420,1,2.447908883
461430,1,2.448146652
461440,1,2.448384406
461450,1,2.448621953
461460,1,2.448859479
461470,1,2.4490968
461480,1,2.449333907
461490,1,2.449571326
461500,1,2.449808395
461510,1,2.450045401
461520,1,2.450282076
461530,1,2.450519079
461540,1,2.450755741
461550,1,2.450992302
461560,1,2.451228878
461570,1,2.451465274
461580,1,2.451701715
461590,1,2.451937906
461600,1,2.452174202
461610,1,2.452410178
461620,1,2.452646187
461630,1,2.452881732
461640,1,2.4531176
461650,1,2.45335337
461660,1,2.453588566
461670,1,2.453824322
461680,1,2.454059627
461690,1,2.454295007
461700,1,2.4545302
461710,1,2.454765162
461720,1,2.455000109
461730,1,2.455234892
461740,1,2.45546981
461750,1,2.455704428
461760,1,2.455939286
461770,1,2.456173422
461780,1,2.456408103
461790,1,2.456642193
461800,1,2.456876409
461810,1,2.457110559
461820,1,2.45734434
461830,1,2.457578447
461840,1,2.457812098
461850,1,2.458045826
461860,1,2.458279503
461870,1,2.458512727
461880,1,2.458746414
461890,1,2.458979532
461900,1,2.45921277
461910,1,2.459445934
461920,1,2.459678949
461930,1,2.459911722
461940,1,2.460144531
461950,1,2.460377282
461960,1,2.46060983
461970,1,2.460842486
461980,1,2.461074953
461990,1,2.461307094
462000,1,2.461539232
462010,1,2.461771349
462020,1,2.462003436
462030,1,2.46223513
462040,1,2.462467117
462050,1,2.462698707
462060,1,2.462930269
462070,1,2.463161764
462080,1,2.46339319
462090,1,2.463624372
462100,1,2.463855809
462110,1,2.464086702
462120,1,2.464317653
462130,1,2.464548708
462140,1,2.464779261
462150,1,2.46500989
462160,1,2.465240653
462170,1,2.465470999
462180,1,2.465701486
462190,1,2.465931788
462200,1,2.466161769
462210,1,2.466392
462220,1,2.466621806
462230,1,2.466851774
462240,1,2.467081434
462250,1,2.467310965
462260,1,2.467540418
462270,1,2.467769908
462280,1,2.467999056
462290,1,2.468228444
462300,1,2.468457469
462310,1,2.468686529
462320,1,2.468915395
462330,1,2.469144189
462340,1,2.469373064
462350,1,2.469601351
462360,1,2.469829926
462370,1,2.470058343
462380,1,2.470286607
462390,1,2.470514702
462400,1,2.47074284
462410,1,2.470970742
462420,1,2.471198671
462430,1,2.471426171
462440,1,2.471653921
462450,1,2.471881469
462460,1,2.472108967
462470,1,2.472335952
462480,1,2.472563234
462490,1,2.472790605
462500,1,2.473017538
462510,1,2.473244221
462520,1,2.473471041
462530,1,2.473697739
462540,1,2.473924152
462550,1,2.474150825
462560,1,2.47437716
462570,1,2.474603293
462580,1,2.474829271
462590,1,2.475055165
462600,1,2.475281425
462610,1,2.47550726
462620,1,2.475732868
462630,1,2.475958237
462640,1,2.476183945
462650,1,2.476409289
462660,1,2.476634494
462670,1,2.476859537
462680,1,2.477084529
462690,1,2.477309488
462700,1,2.477534233
462710,1,2.47775896
462720,1,2.477983642
462730,1,2.478208063
462740,1,2.478432454
462750,1,2.47865684
462760,1,2.478880897
462770,1,2.479105017
462780,1,2.479328973
462790,1,2.479552774
462800,1,2.479776515
462810,1,2.480000073
462820,1,2.480223643
462830,1,2.480446945
462840,1,2.480670011
462850,1,2.480893412
462860,1,2.481116401
462870,1,2.481339216
462880,1,2.481562208
462890,1,2.48178487
462900,1,2.482007426
462910,1,2.482229906
462920,1,2.482452242
462930,1,2.482674724
462940,1,2.482896659
462950,1,2.483118869
462960,1,2.483340733
462970,1,2.48356254
462980,1,2.483783945
462990,1,2.484005807
463000,1,2.484227223
463010,1,2.48444867
463020,1,2.484669572
463030,1,2.484891014
463040,1,2.485111849
463050,1,2.485332858
463060,1,2.48555373
463070,1,2.485774276
463080,1,2.485994695
463090,1,2.486215095
463100,1,2.486435612
463110,1,2.486655877
463120,1,2.486875905
463130,1,2.487096008
463140,1,2.487315688
463150,1,2.48753557
463160,1,2.48775518
463170,1,2.487974712
463180,1,2.48819394
463190,1,2.488413218
463200,1,2.488632508
463210,1,2.488851536
463220,1,2.489070446
463230,1,2.489289362
463240,1,2.489508038
463250,1,2.489726571
463260,1,2.489945181
463270,1,2.490163555
463280,1,2.490381829
463290,1,2.49059988
463300,1,2.490818079
463310,1,2.491035827
463320,1,2.491253417
463330,1,2.491471227
463340,1,2.491688969
463350,1,2.491906413
463360,1,2.492123487
463370,1,2.492340872
463380,1,2.492557831
463390,1,2.492774821
463400,1,2.4929915
463410,1,2.493208273
463420,1,2.493424768
463430,1,2.493641365
463440,1,2.493857678
463450,1,2.494074064
463460,1,2.494290231
463470,1,2.494506323
463480,1,2.494722054
463490,1,2.494937832
463500,1,2.495153582
463510,1,2.495369052
463520,1,2.495584365
463530,1,2.495799644
463540,1,2.496014928
463550,1,2.49623011
463560,1,2.496444909
463570,1,2.496659679
463580,1,2.496874479
463590,1,2.497089114
463600,1,2.497303439
463610,1,2.497517848
463620,1,2.497732097
463630,1,2.497946109
463640,1,2.498160111
463650,1,2.49837395
463660,1,2.498587734
463670,1,2.498801154
463680,1,2.499014826
463690,1,2.499228223
463700,1,2.499441466
463710,1,2.499654492
463720,1,2.499867493
463730,1,2.500080524
463740,1,2.500293017
463750,1,2.50050554
463760,1,2.500718301
463770,1,2.500930838
463780,1,2.501142917
463790,1,2.501355055
463800,1,2.501567096
463810,1,2.501778943
463820,1,2.501990637
463830,1,2.502202401
463840,1,2.502413897
463850,1,2.502625327
463860,1,2.502836767
463870,1,2.503047783
463880,1,2.503258834
463890,1,2.503469695
463900,1,2.503680468
463910,1,2.503891373
463920,1,2.504101883
463930,1,2.504312091
463940,1,2.504522473
463950,1,2.504732562
463960,1,2.504942791
463970,1,2.505152529
463980,1,2.505362544
463990,1,2.505572117
464000,1,2.505781667
464010,1,2.505991182
464020,1,2.506200361
464030,1,2.50640954
464040,1,2.506618655
464050,1,2.50682752
464060,1,2.507036514
464070,1,2.507244993
464080,1,2.507453627
464090,1,2.507661977
464100,1,2.507870219
464110,1,2.508078414
464120,1,2.508286459
464130,1,2.508494464
464140,1,2.508702318
464150,1,2.508909941
464160,1,2.509117415
464170,1,2.509324863
464180,1,2.509531995
464190,1,2.509739352
464200,1,2.50994629
464210,1,2.51015313
464220,1,2.510360087
464230,1,2.510566631
464240,1,2.510772913
464250,1,2.510979502
464260,1,2.511185582
464270,1,2.511391989
464280,1,2.511597968
464290,1,2.511803829
464300,1,2.51200946
464310,1,2.512215146
464320,1,2.512420854
464330,1,2.512626105
464340,1,2.512831248
464350,1,2.513036373
464360,1,2.513241402
464370,1,2.513446196
464380,1,2.513650878
464390,1,2.513855549
464400,1,2.514060046
464410,1,2.514264215
464420,1,2.514468606
464430,1,2.51467262
464440,1,2.514876749
464450,1,2.515080444
464460,1,2.515284084
464470,1,2.515487584
464480,1,2.515691073
464490,1,2.515894161
464500,1,2.516097624
464510,1,2.516300513
464520,1,2.516503386
464530,1,2.516706241
464540,1,2.516908919
464550,1,2.517111321
464560,1,2.517313788
464570,1,2.51751593
464580,1,2.517718063
464590,1,2.517920114
464600,1,2.518121911
464610,1,2.518323666
464620,1,2.518525111
464630,1,2.51872677
464640,1,2.518927952
464650,1,2.519129186
464660,1,2.519330489
464670,1,2.519531383
464680,1,2.519731995
464690,1,2.519932819
464700,1,2.520133285
464710,1,2.520333651
464720,1,2.520533749
464730,1,2.520733895
464740,1,2.520934103
464750,1,2.521133808
464760,1,2.521333472
464770,1,2.521533406
464780,1,2.521732855
464790,1,2.521932029
464800,1,2.522131346
464810,1,2.52233033
464820,1,2.5225292
464830,1,2.522728068
464840,1,2.522926566
464850,1,2.523125153
464860,1,2.523323583
464870,1,2.523521933
464880,1,2.523720023
464890,1,2.523918045
464900,1,2.52411584
464910,1,2.524313485
464920,1,2.524511155
464930,1,2.52470864
464940,1,2.524905955
464950,1,2.525103155
464960,1,2.525300142
464970,1,2.525496993
464980,1,2.525693871
464990,1,2.525890489
465000,1,2.526087087
465010,1,2.526283352
465020,1,2.526479687
465030,1,2.526675644
465040,1,2.526871619
465050,1,2.527067547
465060,1,2.527263327
465070,1,2.527458815
465080,1,2.527654047
465090,1,2.527849428
465100,1,2.528044654
465110,1,2.528239389
465120,1,2.528434488
465130,1,2.528629164
465140,1,2.528823722
465150,1,2.529018203
465160,1,2.529212503
465170,1,2.52940671
465180,1,2.529600552
465190,1,2.529794383
465200,1,2.529988288
465210,1,2.530182007
465220,1,2.530375301
465230,1,2.530568857
465240,1,2.530761999
465250,1,2.530955033
465260,1,2.531148134
465270,1,2.531340859
465280,1,2.531533667
465290,1,2.531726065
465300,1,2.531918395
465310,1,2.532110764
465320,1,2.532302987
465330,1,2.532494834
465340,1,2.532686525
465350,1,2.532878249
465360,1,2.533069827
465370,1,2.533261053
465380,1,2.533452374
465390,1,2.533643644
465400,1,2.533834623
465410,1,2.534025692
465420,1,2.534216325
465430,1,2.534406903
465440,1,2.534597189
465450,1,2.534787432
465460,1,2.534977748
465470,1,2.53516756
465480,1,2.53535744
465490,1,2.535546952
465500,1,2.535736584
465510,1,2.535926168
465520,1,2.536115498
465530,1,2.536304591
465540,1,2.536493704
465550,1,2.53668263
465560,1,2.536871412
465570,1,2.537059904
465580,1,2.537248227
465590,1,2.537436639
465600,1,2.537624734
465610,1,2.537812727
465620,1,2.538000672
465630,1,2.538188467
465640,1,2.538375895
465650,1,2.538563377
465660,1,2.538750811
465670,1,2.538937977
465680,1,2.539124942
465690,1,2.539311986
465700,1,2.539498496
465710,1,2.539685159
465720,1,2.539871685
465730,1,2.540058169
465740,1,2.540244172
465750,1,2.540430076
465760,1,2.540616027
465770,1,2.540801798
465780,1,2.540987269
465790,1,2.541172899
465800,1,2.541358043
465810,1,2.541543133
465820,1,2.541728266
465830,1,2.541913141
465840,1,2.542097915
465850,1,2.542282516
465860,1,2.542466906
465870,1,2.542651186
465880,1,2.542835284
465890,1,2.54301943
465900,1,2.543203261
465910,1,2.543386875
465920,1,2.54357055
465930,1,2.543753996
465940,1,2.54393709
465950,1,2.544120463
465960,1,2.5443032
465970,1,2.544486326
465980,1,2.544668888
465990,1,2.544851357
466000,1,2.545033894
466010,1,2.545215985
466020,1,2.545398045
466030,1,2.545580058
466040,1,2.545762046
466050,1,2.545943616
466060,1,2.546125003
466070,1,2.546306695
466080,1,2.546487873
466090,1,2.546668995
466100,1,2.54684981
466110,1,2.54703066
466120,1,2.54721123
466130,1,2.54739183
466140,1,2.547571912
466150,1,2.547752322
466160,1,2.547932113
466170,1,2.548112204
466180,1,2.548291802
466190,1,2.548471424
466200,1,2.548651007
466210,1,2.548830408
466220,1,2.54900946
466230,1,2.549188502
466240,1,2.549367183
466250,1,2.549546074
466260,1,2.549724685
466270,1,2.549902966
466280,1,2.550081345
466290,1,2.550259372
466300,1,2.550437391
466310,1,2.550615266
466320,1,2.550792915
466330,1,2.550970671
466340,1,2.55114802
466350,1,2.551325028
466360,1,2.551502243
466370,1,2.551679071
466380,1,2.551855977
466390,1,2.55203242
466400,1,2.552208856
466410,1,2.552385157
466420,1,2.552561456
466430,1,2.552737663
466440,1,2.552913584
466450,1,2.553089211
466460,1,2.553264627
466470,1,2.553440211
466480,1,2.553615395
466490,1,2.553790449
466500,1,2.553965475
466510,1,2.55414025
466520,1,2.554314924
466530,1,2.554489589
466540,1,2.554663997
466550,1,2.554838043
466560,1,2.555012198
466570,1,2.555186242
466580,1,2.555360072
466590,1,2.555533451
466600,1,2.555707024
466610,1,2.555880434
466620,1,2.556053618
466630,1,2.556226646
466640,1,2.556399319
466650,1,2.55657191
466660,1,2.556744782
466670,1,2.556916973
466680,1,2.557089226
466690,1,2.557261318
466700,1,2.55743332
466710,1,2.557605007
466720,1,2.557776772
466730,1,2.557948252
466740,1,2.558119522
466750,1,2.558290699
466760,1,2.558461525
466770,1,2.558632543
466780,1,2.558803347
466790,1,2.558973816
466800,1,2.55914442
466810,1,2.559314402
466820,1,2.559484542
466830,1,2.559654726
466840,1,2.559824108
466850,1,2.559994197
466860,1,2.560163614
466870,1,2.560332828
466880,1,2.560501992
466890,1,2.560671121
466900,1,2.560839815
466910,1,2.56100863
466920,1,2.561177041
466930,1,2.561345387
466940,1,2.561513972
466950,1,2.561681743
466960,1,2.561849664
466970,1,2.562017562
466980,1,2.562185343
466990,1,2.562352784
467000,1,2.562519949
467010,1,2.562687275
467020,1,2.562854114
467030,1,2.563020781
467040,1,2.563187699
467050,1,2.563354065
467060,1,2.563520627
467070,1,2.563686801
467080,1,2.563852925
467090,1,2.564018707
467100,1,2.564184624
467110,1,2.564350014
467120,1,2.564515564
467130,1,2.564681043
467140,1,2.56484608
467150,1,2.565010765
467160,1,2.565175954
467170,1,2.565340483
467180,1,2.565505069
467190,1,2.565669258
467200,1,2.565833614
467210,1,2.565997593
467220,1,2.566161401
467230,1,2.566325193
467240,1,2.566488892
467250,1,2.566652018
467260,1,2.566815096
467270,1,2.566978562
467280,1,2.567141336
467290,1,2.567304131
467300,1,2.567466809
467310,1,2.56762926
467320,1,2.567791411
467330,1,2.567953607
467340,1,2.568115783
467350,1,2.568277608
467360,1,2.568439095
467370,1,2.568600576
467380,1,2.568761823
467390,1,2.568923135
467400,1,2.569084045
467410,1,2.569245086
467420,1,2.569405735
467430,1,2.569566261
467440,1,2.56972668
467450,1,2.569886824
467460,1,2.570046868
467470,1,2.570206756
467480,1,2.570366455
467490,1,2.570526315
467500,1,2.570685525
467510,1,2.57084499
467520,1,2.571003998
467530,1,2.571162735
467540,1,2.571321692
467550,1,2.571480381
467560,1,2.571638769
467570,1,2.571797221
467580,1,2.571955369
467590,1,2.572113342
467600,1,2.572271144
467610,1,2.572428627
467620,1,2.572586297
467630,1,2.572743582
467640,1,2.572900821
467650,1,2.57305782
467660,1,2.57321463
467670,1,2.573371306
467680,1,2.573527813
467690,1,2.573684072
467700,1,2.573840489
467710,1,2.573996544
467720,1,2.574152493
467730,1,2.574307989
467740,1,2.574463833
467750,1,2.574619018
467760,1,2.574774368
467770,1,2.574929262
467780,1,2.575084294
467790,1,2.57523905
467800,1,2.575393591
467810,1,2.575548042
467820,1,2.575702346
467830,1,2.575856283
467840,1,2.576010478
467850,1,2.576163988
467860,1,2.576317937
467870,1,2.576471426
467880,1,2.576624562
467890,1,2.576777743
467900,1,2.576930639
467910,1,2.577083485
467920,1,2.577236044
467930,1,2.577388555
467940,1,2.577540931
467950,1,2.577693088
467960,1,2.577844866
467970,1,2.577996751
467980,1,2.578148582
467990,1,2.578299938
468000,1,2.578451346
468010,1,2.578602641
468020,1,2.578753377
468030,1,2.578904357
468040,1,2.579054814
468050,1,2.579205374
468060,1,2.579355791
468070,1,2.579505929
468080,1,2.579655912
468090,1,2.579805916
468100,1,2.579955465
468110,1,2.5801049
468120,1,2.580254328
468130,1,2.580403501
468140,1,2.580552684
468150,1,2.580701694
468160,1,2.58085022
468170,1,2.580998668
468180,1,2.581147092
468190,1,2.581295069
468200,1,2.581443171
468210,1,2.581591242
468220,1,2.581738749
468230,1,2.581886377
468240,1,2.582033561
468250,1,2.582180816
468260,1,2.582328011
468270,1,2.582474653
468280,1,2.582621592
468290,1,2.582767998
468300,1,2.58291424
468310,1,2.583060518
468320,1,2.583206619
468330,1,2.58335232
468340,1,2.58349811
468350,1,2.583643729
468360,1,2.583789013
468370,1,2.583934447
468380,1,2.584079293
468390,1,2.584224033
468400,1,2.584368844
468410,1,2.584513236
468420,1,2.584657864
468430,1,2.584801942
468440,1,2.584946011
468450,1,2.585089758
468460,1,2.585233454
468470,1,2.5853771
468480,1,2.585520418
468490,1,2.585663609
468500,1,2.585806652
468510,1,2.585949461
468520,1,2.586091957
468530,1,2.586234627
468540,1,2.586376922
468550,1,2.586519169
468560,1,2.586661207
468570,1,2.586803061
468580,1,2.586944774
468590,1,2.587086039
468600,1,2.587227466
468610,1,2.587368739
468620,1,2.587509769
468630,1,2.587650501
468640,1,2.587791181
468650,1,2.587931616
468660,1,2.588072035
468670,1,2.588212103
468680,1,2.588352016
468690,1,2.588491954
468700,1,2.58863133
468710,1,2.588771217
468720,1,2.588910193
468730,1,2.589049462
468740,1,2.589188227
468750,1,2.589326968
468760,1,2.589465865
468770,1,2.589604109
468780,1,2.589742394
468790,1,2.589880489
468800,1,2.590018731
468810,1,2.590156246
468820,1,2.590294015
468830,1,2.590431306
468840,1,2.590568411
468850,1,2.590705796
468860,1,2.5908427
468870,1,2.590979385
468880,1,2.591116121
468890,1,2.591252333
468900,1,2.59138852
468910,1,2.591524834
468920,1,2.591660688
468930,1,2.591796373
468940,1,2.591931635
468950,1,2.592067201
468960,1,2.592202515
468970,1,2.592337509
468980,1,2.592472454
468990,1,2.592606893
469000,1,2.59274165
469010,1,2.592875823
469020,1,2.593009842
469030,1,2.593144085
469040,1,2.593277965
469050,1,2.593411591
469060,1,2.59354485
469070,1,2.593678288
469080,1,2.593811415
469090,1,2.593944449
469100,1,2.59407725
469110,1,2.594209961
469120,1,2.594342147
469130,1,2.594474569
469140,1,2.594606654
469150,1,2.59473838
469160,1,2.594870422
469170,1,2.595001905
469180,1,2.595133325
469190,1,2.595264525
469200,1,2.595395632
469210,1,2.595526462
469220,1,2.595657188
469230,1,2.59578796
469240,1,2.595918166
469250,1,2.596048261
469260,1,2.596178208
469270,1,2.596308242
469280,1,2.596437915
469290,1,2.596567514
469300,1,2.596696804
469310,1,2.596825758
469320,1,2.59695482
469330,1,2.597083652
469340,1,2.597212303
469350,1,2.597340755
469360,1,2.597468971
469370,1,2.597597286
469380,1,2.597724813
469390,1,2.597852753
469400,1,2.597980557
469410,1,2.598107887
469420,1,2.598234937
469430,1,2.598362245
469440,1,2.598489132
469450,1,2.598615701
469460,1,2.598742113
469470,1,2.598868654
469480,1,2.598994841
469490,1,2.599120925
469500,1,2.599246675
469510,1,2.599372345
469520,1,2.599497736
469530,1,2.599623016
469540,1,2.599748238
469550,1,2.599873141
469560,1,2.599997984
469570,1,2.600122629
469580,1,2.600246979
469590,1,2.600371057
469600,1,2.600495219
469610,1,2.600619239
469620,1,2.600742803
469630,1,2.600866586
469640,1,2.600989871
469650,1,2.601112869
469660,1,2.601235941
469670,1,2.601358852
469680,1,2.601481524
469690,1,2.601604006
469700,1,2.601726374
469710,1,2.601848607
469720,1,2.601970518
469730,1,2.602092279
469740,1,2.60221402
469750,1,2.602335316
469760,1,2.602456625
469770,1,2.60257758
469780,1,2.602698517
469790,1,2.602819215
469800,1,2.602939855
469810,1,2.603059953
469820,1,2.603180175
469830,1,2.603300449
469840,1,2.603420196
469850,1,2.603539728
469860,1,2.603659284
469870,1,2.603778621
469880,1,2.603897593
469890,1,2.604016511
469900,1,2.604135296
469910,1,2.604253742
469920,1,2.604372348
469930,1,2.604490652
469940,1,2.604608758
469950,1,2.604726589
469960,1,2.604844278
469970,1,2.604961858
469980,1,2.60507917
469990,1,2.605196206
470000,1,2.605313321
470010,1,2.605430135
470020,1,2.605546691
470030,1,2.605663091
470040,1,2.605779318
470050,1,2.605895498
470060,1,2.60601125
470070,1,2.606127008
470080,1,2.606242563
470090,1,2.606357936
470100,1,2.606473269
470110,1,2.606588301
470120,1,2.606702993
470130,1,2.606817823
470140,1,2.606931931
470150,1,2.607046504
470160,1,2.607160567
470170,1,2.607274468
470180,1,2.607388295
470190,1,2.607501676
470200,1,2.607615166
470210,1,2.607728282
470220,1,2.607841494
470230,1,2.607954231
470240,1,2.60806681
470250,1,2.60817961
470260,1,2.608291484
470270,1,2.608403939
470280,1,2.608515607
470290,1,2.60862765
470300,1,2.608739202
470310,1,2.608850495
470320,1,2.60896168
470330,1,2.609072917
470340,1,2.609183798
470350,1,2.609294309
470360,1,2.609404972
470370,1,2.609515269
470380,1,2.609625209
470390,1,2.60973528
470400,1,2.609844973
470410,1,2.609954649
470420,1,2.610063952
470430,1,2.610173189
470440,1,2.610282273
470450,1,2.610391369
470460,1,2.610500126
470470,1,2.610608302
470480,1,2.610716883
470490,1,2.610824699
470500,1,2.610932803
470510,1,2.611040538
470520,1,2.611148413
470530,1,2.611255788
470540,1,2.611363022
470550,1,2.611470117
470560,1,2.611577102
470570,1,2.611683615
470580,1,2.611789872
470590,1,2.611896311
470600,1,2.612002373
470610,1,2.612108438
470620,1,2.612214113
470630,1,2.61231988
470640,1,2.612425325
470650,1,2.612530457
470660,1,2.612635482
470670,1,2.612740448
470680,1,2.612844914
470690,1,2.612949659
470700,1,2.613054227
470710,1,2.613157988
470720,1,2.613262005
470730,1,2.613365694
470740,1,2.613469232
470750,1,2.613572557
470760,1,2.613675916
470770,1,2.61377898
470780,1,2.613881776
470790,1,2.613984492
470800,1,2.614087051
470810,1,2.614189305
470820,1,2.614291314
470830,1,2.614393462
470840,1,2.614495078
470850,1,2.614596641
470860,1,2.61469806
470870,1,2.61479928
470880,1,2.614900305
470890,1,2.615001085
470900,1,2.615101813
470910,1,2.615202055
470920,1,2.615302541
470930,1,2.615402596
470940,1,2.615502392
470950,1,2.615602188
470960,1,2.615701812
470970,1,2.615800905
470980,1,2.615900174
470990,1,2.61599912
471000,1,2.616098085
471010,1,2.616196612
471020,1,2.616295054
471030,1,2.616393399
471040,1,2.616491602
471050,1,2.61658923
471060,1,2.616686987
471070,1,2.616784551
471080,1,2.616881817
471090,1,2.616978913
471100,1,2.617075944
471110,1,2.617172855
471120,1,2.61726922
471130,1,2.617365641
471140,1,2.617461951
471150,1,2.61755773
471160,1,2.617653838
471170,1,2.617749383
471180,1,2.617845022
471190,1,2.617940163
471200,1,2.618035276
471210,1,2.618130198
471220,1,2.618224849
471230,1,2.618319453
471240,1,2.618413864
471250,1,2.618508055
471260,1,2.61860214
471270,1,2.618695682
471280,1,2.618789534
471290,1,2.61888293
471300,1,2.618975941
471310,1,2.61906928
471320,1,2.619161839
471330,1,2.619254655
471340,1,2.619347302
471350,1,2.619439582
471360,1,2.619531689
471370,1,2.619623438
471380,1,2.619715245
471390,1,2.619806633
471400,1,2.619898291
471410,1,2.619989452
471420,1,2.620080522
471430,1,2.620171297
471440,1,2.620261819
471450,1,2.620352332
471460,1,2.620442623
471470,1,2.620532623
471480,1,2.620622619
471490,1,2.62071233
471500,1,2.620801656
471510,1,2.620890992
471520,1,2.620980085
471530,1,2.621069194
471540,1,2.62115796
471550,1,2.621246582
471560,1,2.621334753
471570,1,2.621423134
471580,1,2.621511055
471590,1,2.621598846
471600,1,2.621686549
471610,1,2.621773771
471620,1,2.621860956
471630,1,2.621948263
471640,1,2.622035248
471650,1,2.622121823
471660,1,2.62220823
471670,1,2.622294612
471680,1,2.622380711
471690,1,2.622466866
471700,1,2.622552504
471710,1,2.622637878
471720,1,2.622723233
471730,1,2.622808451
471740,1,2.62289358
471750,1,2.622978341
471760,1,2.623063105
471770,1,2.623147621
471780,1,2.62323171
471790,1,2.623315626
471800,1,2.623399551
471810,1,2.623483228
471820,1,2.623566836
471830,1,2.62365017
471840,1,2.623733255
471850,1,2.623816121
471860,1,2.623898901
471870,1,2.623981394
471880,1,2.624063595
471890,1,2.624146149
471900,1,2.624227781
471910,1,2.624309775
471920,1,2.624391099
471930,1,2.624472724
471940,1,2.624553859
471950,1,2.62463508
471960,1,2.624715765
471970,1,2.624796306
471980,1,2.624876934
471990,1,2.624957413
472000,1,2.625037197
472010,2,2.127539388
472020,2,2.127789956
472030,2,2.128040647
472040,2,2.128291744
472050,2,2.128542602
472060,2,2.128793479
472070,2,2.129044383
472080,2,2.12929548
472090,2,2.129546618
472100,2,2.129797806
472110,2,2.13004899
472120,2,2.130300503
472130,2,2.130551947
472140,2,2.130803511
472150,2,2.131055024
472160,2,2.131306793
472170,2,2.131558584
472180,2,2.131810447
472190,2,2.132062239
472200,2,2.132314148
472210,2,2.132566265
472220,2,2.132818087
472230,2,2.133070572
472240,2,2.133322685
472250,2,2.133575035
472260,2,2.133827417
472270,2,2.134079947
472280,2,2.134332366
472290,2,2.134585122
472300,2,2.134837648
472310,2,2.135090256
472320,2,2.135343203
472330,2,2.135596093
472340,2,2.135848978
472350,2,2.136102052
472360,2,2.136355167
472370,2,2.136608184
472380,2,2.136861334
472390,2,2.137114773
472400,2,2.137368149
472410,2,2.137621497
472420,2,2.13787511
472430,2,2.138128556
472440,2,2.138382205
472450,2,2.138636121
472460,2,2.138889657
472470,2,2.139143474
472480,2,2.139397511
472490,2,2.139651373
472500,2,2.139905431
472510,2,2.14015954
472520,2,2.140413555
472530,2,2.140668016
472540,2,2.140922254
472550,2,2.141176889
472560,2,2.141431252
472570,2,2.141685466
472580,2,2.141940129
472590,2,2.142194959
472600,2,2.142449562
472610,2,2.142704447
472620,2,2.142959292
472630,2,2.143214213
472640,2,2.143469119
472650,2,2.143724146
472660,2,2.143979286
472670,2,2.144234555
472680,2,2.144489771
472690,2,2.14474494
472700,2,2.14500034
472710,2,2.145255884
472720,2,2.145511438
472730,2,2.145766797
472740,2,2.146022522
472750,2,2.146278205
472760,2,2.146533858
472770,2,2.146789863
472780,2,2.147045644
472790,2,2.14730166
472800,2,2.147557732
472810,2,2.147813796
472820,2,2.148069671
472830,2,2.14832616
472840,2,2.148582219
472850,2,2.148838362
472860,2,2.149095044
472870,2,2.149351366
472880,2,2.149607817
472890,2,2.149864437
472900,2,2.150121089
472910,2,2.150377852
472920,2,2.150634778
472930,2,2.150891368
472940,2,2.1511483
472950,2,2.151405136
472960,2,2.15166236
472970,2,2.151919183
472980,2,2.152176646
472990,2,2.152433759
473000,2,2.152690924
473010,2,2.15294807
473020,2,2.153205654
473030,2,2.153463061
473040,2,2.153720473
473050,2,2.153978102
473060,2,2.154235434
473070,2,2.154493319
473080,2,2.154751183
473090,2,2.155008907
473100,2,2.155266589
473110,2,2.155524663
473120,2,2.155782457
473130,2,2.156040512
473140,2,2.156298568
473150,2,2.156556941
473160,2,2.156815002
473170,2,2.157073335
473180,2,2.157331377
473190,2,2.157589822
473200,2,2.157848496
473210,2,2.158106833
473220,2,2.158365527
473230,2,2.158623911
473240,2,2.158882788
473250,2,2.159141774
473260,2,2.159400347
473270,2,2.159659277
473280,2,2.15991785
473290,2,2.160177234
473300,2,2.160435929
473310,2,2.160695027
473320,2,2.160954191
473330,2,2.161213277
473340,2,2.161472621
473350,2,2.1617319
473360,2,2.161991099
473370,2,2.16225058
473380,2,2.162510082
473390,2,2.162769658
473400,2,2.16302912
473410,2,2.16328894
473420,2,2.163548416
473430,2,2.163808129
473440,2,2.164067798
473450,2,2.164327828
473460,2,2.164587767
473470,2,2.164847763
473480,2,2.165107506
473490,2,2.165367745
473500,2,2.165627777
473510,2,2.165887964
473520,2,2.166148164
473530,2,2.166408517
473540,2,2.166668788
473550,2,2.166928975
473560,2,2.167189424
473570,2,2.167449975
473580,2,2.167710534
473590,2,2.167971212
473600,2,2.168231791
473610,2,2.168492514
473620,2,2.168753472
473630,2,2.169014215
473640,2,2.169274819
473650,2,2.16953583
473660,2,2.169796826
473670,2,2.170057958
473680,2,2.17031881
473690,2,2.170580154
473700,2,2.170841106
473710,2,2.171102385
473720,2,2.171363845
473730,2,2.171624935
473740,2,2.171886322
473750,2,2.172147707
473760,2,2.172409187
473770,2,2.172670795
473780,2,2.172932286
473790,2,2.1731937
473800,2,2.173455516
473810,2,2.17371714
473820,2,2.173979019
473830,2,2.174240829
473840,2,2.174502608
473850,2,2.174764525
473860,2,2.175026777
473870,2,2.175288695
473880,2,2.17555077
473890,2,2.175812681
473900,2,2.176074664
473910,2,2.176337136
473920,2,2.176599411
473930,2,2.176861432
473940,2,2.177123956
473950,2,2.1773863
473960,2,2.177648642
473970,2,2.177910983
473980,2,2.178173733
473990,2,2.178436301
474000,2,2.178698856
474010,2,2.178961689
474020,2,2.179224207
474030,2,2.179486989
474040,2,2.179749819
474050,2,2.180012697
474060,2,2.180275736
474070,2,2.180538626
474080,2,2.180801834
474090,2,2.181064676
474100,2,2.181327667
474110,2,2.181590796
474120,2,2.181854026
474130,2,2.182117338
474140,2,2.182380528
474150,2,2.182643781
474160,2,2.182907201
474170,2,2.183170552
474180,2,2.183434216
474190,2,2.183697397
474200,2,2.183960941
474210,2,2.184224671
474220,2,2.18448843
474230,2,2.184751846
474240,2,2.185015629
474250,2,2.185279239
474260,2,2.185543069
474270,2,2.185806996
474280,2,2.186070937
474290,2,2.186334846
474300,2,2.186598769
474310,2,2.186862832
474320,2,2.187126877
474330,2,2.187391097
474340,2,2.187655039
474350,2,2.187919265
474360,2,2.188183415
474370,2,2.188447811
474380,2,2.188712007
474390,2,2.188976416
474400,2,2.18924066
474410,2,2.189505166
474420,2,2.189769718
474430,2,2.190034158
474440,2,2.190298616
474450,2,2.190563162
474460,2,2.190827761
474470,2,2.191092488
474480,2,2.191357203
474490,2,2.191622119
474500,2,2.191886673
474510,2,2.192151498
474520,2,2.19241649
474530,2,2.192681507
474540,2,2.19294631
474550,2,2.19321127
474560,2,2.193476343
474570,2,2.193741264
474580,2,2.194006274
474590,2,2.194271581
474600,2,2.194536619
474610,2,2.19480197
474620,2,2.195067213
474630,2,2.195332516
474640,2,2.19559777
474650,2,2.195863205
474660,2,2.196128804
474670,2,2.196394148
474680,2,2.196659429
474690,2,2.196925081
474700,2,2.197190634
474710,2,2.197456227
474720,2,2.197721694
474730,2,2.197987341
474740,2,2.198253259
474750,2,2.198518833
474760,2,2.198784708
474770,2,2.199050673
474780,2,2.199316398
474790,2,2.1995822
474800,2,2.199848094
474810,2,2.200114
474820,2,2.200380089
474830,2,2.200646114
474840,2,2.200912066
474850,2,2.201178369
474860,2,2.201444232
474870,2,2.201710397
474880,2,2.201976505
474890,2,2.202242847
474900,2,2.202509101
474910,2,2.202775458
474920,2,2.203041646
474930,2,2.203308286
474940,2,2.203574539
474950,2,2.203840866
474960,2,2.20410732
474970,2,2.204373894
474980,2,2.204640281
474990,2,2.204906827
475000,2,2.205173559
475010,2,2.205440294
475020,2,2.205706684
475030,2,2.205973465
475040,2,2.206240334
475050,2,2.206507026
475060,2,2.206773798
475070,2,2.207040619
475080,2,2.207307463
475090,2,2.207574311
475100,2,2.207841267
475110,2,2.208108055
475120,2,2.208375074
475130,2,2.20864216
475140,2,2.208909312
475150,2,2.209176258
475160,2,2.209443353
475170,2,2.209710344
475180,2,2.209977627
475190,2,2.21024474
475200,2,2.210512046
475210,2,2.210779242
475220,2,2.211046516
475230,2,2.211313901
475240,2,2.211581116
475250,2,2.211848576
475260,2,2.212115717
475270,2,2.212383367
475280,2,2.212650591
475290,2,2.212918202
475300,2,2.213185681
475310,2,2.213453299
475320,2,2.213720809
475330,2,2.213988357
475340,2,2.214256084
475350,2,2.214523685
475360,2,2.214791064
475370,2,2.215058919
475380,2,2.215326551
475390,2,2.215594622
475400,2,2.215862299
475410,2,2.216130095
475420,2,2.216397968
475430,2,2.21666569
475440,2,2.216933734
475450,2,2.2172017
475460,2,2.217469441
475470,2,2.217737533
475480,2,2.21800561
475490,2,2.218273524
475500,2,2.218541535
475510,2,2.218809627
475520,2,2.219077611
475530,2,2.2193457
475540,2,2.219613927
475550,2,2.219882142
475560,2,2.220150202
475570,2,2.220418455
475580,2,2.220686811
475590,2,2.220954972
475600,2,2.221223227
475610,2,2.221491463
475620,2,2.221759935
475630,2,2.222028282
475640,2,2.222296577
475650,2,2.222565082
475660,2,2.222833558
475670,2,2.223101887
475680,2,2.223370316
475690,2,2.223639128
475700,2,2.223907435
475710,2,2.224175835
475720,2,2.224444385
475730,2,2.224713206
475740,2,2.224981606
475750,2,2.225250301
475760,2,2.225518949
475770,2,2.225787755
475780,2,2.226056307
475790,2,2.226325055
475800,2,2.226593802
475810,2,2.226862524
475820,2,2.227131196
475830,2,2.227400162
475840,2,2.227669056
475850,2,2.227937794
475860,2,2.228206852
475870,2,2.22847559
475880,2,2.228744434
475890,2,2.229013438
475900,2,2.229282307
475910,2,2.229551144
475920,2,2.229820324
475930,2,2.230089025
475940,2,2.230358018
475950,2,2.230627239
475960,2,2.230896383
475970,2,2.231165276
475980,2,2.231434595
475990,2,2.231703619
476000,2,2.231972698
476010,2,2.232241738
476020,2,2.232511073
476030,2,2.232780151
476040,2,2.233049296
476050,2,2.233318641
476060,2,2.233587912
476070,2,2.23385707
476080,2,2.234126438
476090,2,2.23439561
476100,2,2.234665059
476110,2,2.234934366
476120,2,2.2352037
476130,2,2.235473249
476140,2,2.23574242
476150,2,2.236011864
476160,2,2.236281103
476170,2,2.236550586
476180,2,2.236820022
476190,2,2.237089547
476200,2,2.2373587
476210,2,2.237628465
476220,2,2.237897967
476230,2,2.238167481
476240,2,2.238436799
476250,2,2.238706765
476260,2,2.238976129
476270,2,2.239245557
476280,2,2.239515316
476290,2,2.239784932
476300,2,2.240054368
476310,2,2.240324053
476320,2,2.240593608
476330,2,2.240863267
476340,2,2.241132893
476350,2,2.241402813
476360,2,2.241672438
476370,2,2.241941843
476380,2,2.242211902
476390,2,2.242481453
476400,2,2.242751383
476410,2,2.24302081
476420,2,2.243290772
476430,2,2.243560487
476440,2,2.243830305
476450,2,2.244100011
476460,2,2.244369947
476470,2,2.24463968
476480,2,2.244909493
476490,2,2.245179382
476500,2,2.245449375
476510,2,2.245719193
476520,2,2.245989151
476530,2,2.246258982
476540,2,2.246528635
476550,2,2.246798546
476560,2,2.247068541
476570,2,2.247338589
476580,2,2.247608382
476590,2,2.24787833
476600,2,2.248148472
476610,2,2.248418424
476620,2,2.248688361
476630,2,2.248958226
476640,2,2.249228468
476650,2,2.249498453
476660,2,2.249768311
476670,2,2.250038355
476680,2,2.250308327
476690,2,2.250578414
476700,2,2.250848543
476710,2,2.25111858
476720,2,2.251388605
476730,2,2.251658686
476740,2,2.251928695
476750,2,2.252198926
476760,2,2.252468927
476770,2,2.252738982
476780,2,2.253009229
476790,2,2.253279109
476800,2,2.253549272
476810,2,2.253819209
476820,2,2.254089453
476830,2,2.254359781
476840,2,2.254629943
476850,2,2.254900298
476860,2,2.255170242
476870,2,2.255440395
476880,2,2.2557104
476890,2,2.255980615
476900,2,2.256250798
476910,2,2.256521326
476920,2,2.256791354
476930,2,2.257061299
476940,2,2.257331502
476950,2,2.257601861
476960,2,2.257872234
476970,2,2.258142312
476980,2,2.258412622
476990,2,2.258682668
477000,2,2.258952818
477010,2,2.259223342
477020,2,2.259493459
477030,2,2.25976342
477040,2,2.260033866
477050,2,2.260304313
477060,2,2.260574463
477070,2,2.260844455
477080,2,2.261114783
477090,2,2.261385142
477100,2,2.261655446
477110,2,2.261925681
477120,2,2.262195912
477130,2,2.262466067
477140,2,2.262736344
477150,2,2.26300671
477160,2,2.263277083
477170,2,2.263547259
477180,2,2.263817516
477190,2,2.264087571
477200,2,2.264358139
477210,2,2.264628308
477220,2,2.264898481
477230,2,2.265168776
477240,2,2.26543899
477250,2,2.265709407
477260,2,2.265979544
477270,2,2.266249781
477280,2,2.266520038
477290,2,2.266790305
477300,2,2.267060767
477310,2,2.267330946
477320,2,2.267601274
477330,2,2.267871521
477340,2,2.268141623
477350,2,2.268411835
477360,2,2.268682079
477370,2,2.268952686
477380,2,2.269222501
477390,2,2.26949295
477400,2,2.269763318
477410,2,2.270033659
477420,2,2.270303716
477430,2,2.270574148
477440,2,2.270844264
477450,2,2.271114567
477460,2,2.271384825
477470,2,2.271655016
477480,2,2.271925215
477490,2,2.272195547
477500,2,2.272465648
477510,2,2.272735969
477520,2,2.273006163
477530,2,2.27327635
477540,2,2.273546379
477550,2,2.273816677
477560,2,2.274086978
477570,2,2.2743572
477580,2,2.274627368
477590,2,2.274897722
477600,2,2.275167566
477610,2,2.275437934
477620,2,2.275708064
477630,2,2.275978372
477640,2,2.276248686
477650,2,2.276518581
477660,2,2.276788712
477670,2,2.277058785
477680,2,2.277329163
477690,2,2.27759926
477700,2,2.277869359
477710,2,2.278139454
477720,2,2.278409638
477730,2,2.27867969
477740,2,2.278949648
477750,2,2.279219817
477760,2,2.279490019
477770,2,2.27976013
477780,2,2.280030079
477790,2,2.280300069
477800,2,2.28057023
477810,2,2.280840227
477820,2,2.281110217
477830,2,2.281380296
477840,2,2.281650284
477850,2,2.281920227
477860,2,2.282190522
477870,2,2.282460472
477880,2,2.282730351
477890,2,2.283000384
477900,2,2.283270378
477910,2,2.283540499
477920,2,2.283810232
477930,2,2.284080157
477940,2,2.284350186
477950,2,2.284620118
477960,2,2.284889994
477970,2,2.285159872
477980,2,2.285429872
477990,2,2.285699752
478000,2,2.285969541
478010,2,2.286239223
478020,2,2.28650928
478030,2,2.286779059
478040,2,2.287048743
478050,2,2.287318486
478060,2,2.287588466
478070,2,2.287858361
478080,2,2.288128331
478090,2,2.288397826
478100,2,2.288667719
478110,2,2.288937232
478120,2,2.289207112
478130,2,2.289476799
478140,2,2.289746624
478150,2,2.290016088
478160,2,2.290285884
478170,2,2.290555562
478180,2,2.290825097
478190,2,2.291094872
478200,2,2.291364472
478210,2,2.291634039
478220,2,2.291903528
478230,2,2.292173063
478240,2,2.292442861
478250,2,2.292712202
478260,2,2.292981979
478270,2,2.293251435
478280,2,2.293520991
478290,2,2.293790439
478300,2,2.29405994
478310,2,2.294329172
478320,2,2.294598847
478330,2,2.294868258
478340,2,2.295137701
478350,2,2.295407213
478360,2,2.295676417
478370,2,2.295945848
478380,2,2.296215126
478390,2,2.296484561
478400,2,2.296753613
478410,2,2.297023191
478420,2,2.297292393
478430,2,2.297561902
478440,2,2.297831105
478450,2,2.298100257
478460,2,2.298369542
478470,2,2.298638561
478480,2,2.298907842
478490,2,2.299176923
478500,2,2.299446174
478510,2,2.299715225
478520,2,2.29998437
478530,2,2.300253634
478540,2,2.300522473
478550,2,2.300791528
478560,2,2.301060638
478570,2,2.301329675
478580,2,2.301598829
478590,2,2.301867883
478600,2,2.302136532
478610,2,2.302405806
478620,2,2.302674595
478630,2,2.302943347
478640,2,2.303212108
478650,2,2.303481184
478660,2,2.303749994
478670,2,2.304018929
478680,2,2.304287655
478690,2,2.304556463
478700,2,2.304825177
478710,2,2.305093742
478720,2,2.305362546
478730,2,2.305631226
478740,2,2.305900142
478750,2,2.306168546
478760,2,2.306437234
478770,2,2.306706063
478780,2,2.306974529
478790,2,2.307243028
478800,2,2.307511593
478810,2,2.307780202
478820,2,2.308048675
478830,2,2.308317066
478840,2,2.308585493
478850,2,2.308854064
478860,2,2.309122348
478870,2,2.30939087
478880,2,2.309659172
478890,2,2.309927462
478900,2,2.31019566
478910,2,2.310464013
478920,2,2.310732364
478930,2,2.311000596
478940,2,2.311268842
478950,2,2.311536974
478960,2,2.311805089
478970,2,2.312073227
478980,2,2.312341485
478990,2,2.312609419
479000,2,2.312877422
479010,2,2.313145642
479020,2,2.313413802
479030,2,2.313681634
479040,2,2.313949569
479050,2,2.314217526
479060,2,2.314485556
479070,2,2.314753394
479080,2,2.315021394
479090,2,2.315288981
479100,2,2.315557023
479110,2,2.315824735
479120,2,2.316092502
479130,2,2.31636005
479140,2,2.316628123
479150,2,2.316895635
479160,2,2.317163436
479170,2,2.317431094
479180,2,2.317698407
479190,2,2.317965992
479200,2,2.318233656
479210,2,2.318500949
479220,2,2.318768508
479230,2,2.319035876
479240,2,2.319303443
479250,2,2.319570833
479260,2,2.319838182
479270,2,2.320105537
479280,2,2.32037268
479290,2,2.320640135
479300,2,2.320907363
479310,2,2.321174573
479320,2,2.321441744
479330,2,2.321709007
479340,2,2.321975921
479350,2,2.322243027
479360,2,2.32251035
479370,2,2.322777304
479380,2,2.323044104
479390,2,2.323311318
479400,2,2.323578174
479410,2,2.323845254
479420,2,2.324112047
479430,2,2.324378746
479440,2,2.324645717
479450,2,2.324912395
479460,2,2.325179396
479470,2,2.325445881
479480,2,2.325712593
479490,2,2.325979239
479500,2,2.326245931
479510,2,2.326512454
479520,2,2.32677901
479530,2,2.327045506
479540,2,2.327312177
479550,2,2.327578491
479560,2,2.327844793
479570,2,2.328111281
479580,2,2.328377841
479590,2,2.328644108
479600,2,2.328910341
479610,2,2.329176701
479620,2,2.329442918
479630,2,2.32970908
479640,2,2.329975338
479650,2,2.330241289
479660,2,2.330507457
479670,2,2.330773452
479680,2,2.331039582
479690,2,2.331305661
479700,2,2.331571366
479710,2,2.331837425
479720,2,2.33210333
479730,2,2.332369565
479740,2,2.332634973
479750,2,2.33290084
479760,2,2.333166523
479770,2,2.333432213
479780,2,2.333697911
479790,2,2.333963664
479800,2,2.334229069
479810,2,2.334494635
479820,2,2.334760236
479830,2,2.335025746
479840,2,2.335290895
479850,2,2.335556449
479860,2,2.335821945
479870,2,2.336087176
479880,2,2.336352533
479890,2,2.336617816
479900,2,2.336882964
479910,2,2.337147992
479920,2,2.337413343
479930,2,2.337678535
479940,2,2.337943449
479950,2,2.338208368
479960,2,2.338473375
479970,2,2.338738429
479980,2,2.339003443
479990,2,2.339268301
480000,2,2.339533127
480010,2,2.339797862
480020,2,2.340062446
480030,2,2.340327443
480040,2,2.340591889
480050,2,2.340856595
480060,2,2.341121186
480070,2,2.341385795
480080,2,2.341650317
480090,2,2.341914857
480100,2,2.342179217
480110,2,2.342443644
480120,2,2.342707891
480130,2,2.342972186
480140,2,2.343236502
480150,2,2.343500861
480160,2,2.343764748
480170,2,2.344028968
480180,2,2.344293278
480190,2,2.344557241
480200,2,2.344821329
480210,2,2.345085282
480220,2,2.345349071
480230,2,2.345612977
480240,2,2.345876788
480250,2,2.346140654
480260,2,2.346404289
480270,2,2.346668157
480280,2,2.346931719
480290,2,2.347195421
480300,2,2.347458986
480310,2,2.347722483
480320,2,2.347986045
480330,2,2.348249602
480340,2,2.348512891
480350,2,2.348776369
480360,2,2.349039663
480370,2,2.349302783
480380,2,2.349566127
480390,2,2.349829287
480400,2,2.350092471
480410,2,2.350355492
480420,2,2.350618432
480430,2,2.350881712
480440,2,2.351144494
480450,2,2.3514075
480460,2,2.351670089
480470,2,2.351933156
480480,2,2.352195737
480490,2,2.352458592
480500,2,2.352721326
480510,2,2.352983953
480520,2,2.353246439
480530,2,2.353509204
480540,2,2.353771429
480550,2,2.354034015
480560,2,2.354296404
480570,2,2.354558668
480580,2,2.354821087
480590,2,2.355083152
480600,2,2.355345543
480610,2,2.355607686
480620,2,2.355869868
480630,2,2.356131846
480640,2,2.356393841
480650,2,2.356655823
480660,2,2.356917774
480670,2,2.35717959
480680,2,2.357441467
480690,2,2.357703184
480700,2,2.357964871
480710,2,2.35822645
480720,2,2.358488437
480730,2,2.35874949
480740,2,2.359011243
480750,2,2.35927274
480760,2,2.359534221
480770,2,2.359795558
480780,2,2.360056834
480790,2,2.360318286
480800,2,2.360579456
480810,2,2.360840652
480820,2,2.361101779
480830,2,2.361362703
480840,2,2.361623801
480850,2,2.361884818
480860,2,2.36214581
480870,2,2.362406449
480880,2,2.362667354
480890,2,2.362927873
480900,2,2.363188833
480910,2,2.363449607
480920,2,2.36371007
480930,2,2.363970557
480940,2,2.364231047
480950,2,2.36449141
480960,2,2.3647519
480970,2,2.365012391
480980,2,2.365272456
480990,2,2.365532688
481000,2,2.36579312
481010,2,2.366053025
481020,2,2.366313042
481030,2,2.366573307
481040,2,2.366833132
481050,2,2.367093028
481060,2,2.367352755
481070,2,2.367612659
481080,2,2.367872239
481090,2,2.368132287
481100,2,2.368391574
481110,2,2.368651323
481120,2,2.368910816
481130,2,2.369170237
481140,2,2.369429665
481150,2,2.36968926
481160,2,2.369948349
481170,2,2.37020768
481180,2,2.370466734
481190,2,2.370725995
481200,2,2.370984999
481210,2,2.37124423
481220,2,2.371503148
481230,2,2.371761828
481240,2,2.372020659
481250,2,2.372279503
481260,2,2.372538309
481270,2,2.372796854
481280,2,2.373055568
481290,2,2.373314072
481300,2,2.373572508
481310,2,2.373831018
481320,2,2.374089589
481330,2,2.374347854
481340,2,2.3746061
481350,2,2.374864375
481360,2,2.37512258
481370,2,2.375380503
481380,2,2.375638542
481390,2,2.375896586
481400,2,2.376154648
481410,2,2.376412349
481420,2,2.376670058
481430,2,2.37692804
481440,2,2.377185521
481450,2,2.377443031
481460,2,2.377700797
481470,2,2.377958353
481480,2,2.378215815
481490,2,2.378473211
481500,2,2.37873059
481510,2,2.3789878
481520,2,2.379244606
481530,2,2.37950201
481540,2,2.379758996
481550,2,2.380016247
481560,2,2.380273081
481570,2,2.380530128
481580,2,2.38078694
481590,2,2.381043744
481600,2,2.381300379
481610,2,2.381557055
481620,2,2.381813443
481630,2,2.382070045
481640,2,2.3823266
481650,2,2.382582931
481660,2,2.382839413
481670,2,2.383095571
481680,2,2.38335164
481690,2,2.383607897
481700,2,2.383864064
481710,2,2.384120054
481720,2,2.384375954
481730,2,2.38463188
481740,2,2.384887791
481750,2,2.385143523
481760,2,2.385399128
481770,2,2.385654678
481780,2,2.38591047
481790,2,2.386165809
481800,2,2.386421347
481810,2,2.386676688
481820,2,2.386932268
481830,2,2.387187286
481840,2,2.38744261
481850,2,2.387697452
481860,2,2.387952769
481870,2,2.388207632
481880,2,2.388462631
481890,2,2.388717472
481900,2,2.388972133
481910,2,2.389226937
481920,2,2.389481442
481930,2,2.389736117
481940,2,2.389990817
481950,2,2.390245075
481960,2,2.390499505
481970,2,2.390753852
481980,2,2.391008236
481990,2,2.391262424
482000,2,2.391516335
482010,2,2.391770615
482020,2,2.392024541
482030,2,2.392278494
482040,2,2.392532078
482050,2,2.392786054
482060,2,2.393039746
482070,2,2.393293258
482080,2,2.393546998
482090,2,2.393800476
482100,2,2.39405403
482110,2,2.394307426
482120,2,2.39456081
482130,2,2.394813947
482140,2,2.395066989
482150,2,2.39532014
482160,2,2.395573247
482170,2,2.395826231
482180,2,2.396078961
482190,2,2.396331927
482200,2,2.396584511
482210,2,2.396837268
482220,2,2.397089684
482230,2,2.397342483
482240,2,2.397594933
482250,2,2.397847342
482260,2,2.398099652
482270,2,2.398352092
482280,2,2.398604157
482290,2,2.398856231
482300,2,2.39910827
482310,2,2.399360298
482320,2,2.399612003
482330,2,2.399863777
482340,2,2.400115828
482350,2,2.400367311
482360,2,2.40061901
482370,2,2.400870413
482380,2,2.401122028
482390,2,2.401373539
482400,2,2.401624814
482410,2,2.401875985
482420,2,2.40212693
482430,2,2.402378299
482440,2,2.402629261
482450,2,2.402880218
482460,2,2.403130984
482470,2,2.403381915
482480,2,2.403632529
482490,2,2.403883307
482500,2,2.40413372
482510,2,2.404384235
482520,2,2.404634784
482530,2,2.404885126
482540,2,2.405135385
482550,2,2.405385607
482560,2,2.405635664
482570,2,2.405885842
482580,2,2.406135915
482590,2,2.4063858
482600,2,2.406635568
482610,2,2.406885394
482620,2,2.407135248
482630,2,2.407384637
482640,2,2.407633986
482650,2,2.407883618
482660,2,2.408133033
482670,2,2.408382402
482680,2,2.408631579
482690,2,2.408880662
482700,2,2.40912976
482710,2,2.40937864
482720,2,2.409627809
482730,2,2.409876459
482740,2,2.410125389
482750,2,2.410373956
482760,2,2.410622616
482770,2,2.410871102
482780,2,2.411119632
482790,2,2.411368085
482800,2,2.411616282
482810,2,2.411864469
482820,2,2.412112602
482830,2,2.41236072
482840,2,2.412608725
482850,2,2.412856588
482860,2,2.413104445
482870,2,2.413352162
482880,2,2.41359993
482890,2,2.413847569
482900,2,2.414094932
482910,2,2.414342629
482920,2,2.414589855
482930,2,2.414836905
482940,2,2.415084225
482950,2,2.415331395
482960,2,2.415578301
482970,2,2.415825396
482980,2,2.416072243
482990,2,2.416318877
483000,2,2.416565791
483010,2,2.416812212
483020,2,2.417058716
483030,2,2.417305305
483040,2,2.417551628
483050,2,2.41779795
483060,2,2.418044327
483070,2,2.41829053
483080,2,2.4185364
483090,2,2.418782401
483100,2,2.419028347
483110,2,2.419274175
483120,2,2.419519943
483130,2,2.41976553
483140,2,2.420011177
483150,2,2.420256772
483160,2,2.42050182
483170,2,2.420747431
483180,2,2.420992487
483190,2,2.42123763
483200,2,2.421482854
483210,2,2.42172757
483220,2,2.421972603
483230,2,2.422217344
483240,2,2.422462152
483250,2,2.422706763
483260,2,2.422951206
483270,2,2.423195756
483280,2,2.423440258
483290,2,2.423684523
483300,2,2.423928764
483310,2,2.424173072
483320,2,2.424416891
483330,2,2.424660677
483340,2,2.424904878
483350,2,2.425148576
483360,2,2.425392291
483370,2,2.425636025
483380,2,2.425879413
483390,2,2.426122892
483400,2,2.426366234
483410,2,2.426609494
483420,2,2.426852743
483430,2,2.427095864
483440,2,2.427338798
483450,2,2.427582109
483460,2,2.427824612
483470,2,2.428067607
483480,2,2.428310204
483490,2,2.42855279
483500,2,2.42879521
483510,2,2.429037702
483520,2,2.429280132
483530,2,2.429522239
483540,2,2.429764493
483550,2,2.430006625
483560,2,2.430248402
483570,2,2.43049023
483580,2,2.430732137
483590,2,2.430973778
483600,2,2.431215529
483610,2,2.43145688
483620,2,2.431698576
483630,2,2.431939861
483640,2,2.432181005
483650,2,2.43242219
483660,2,2.43266337
483670,2,2.432904381
483680,2,2.433145071
483690,2,2.433385947
483700,2,2.433626584
483710,2,2.433867358
483720,2,2.434107971
483730,2,2.434348145
483740,2,2.434588765
483750,2,2.434828997
483760,2,2.435069356
483770,2,2.435309209
483780,2,2.43554929
483790,2,2.435789302
483800,2,2.436028794
483810,2,2.436268843
483820,2,2.436508367
483830,2,2.436748005
483840,2,2.436987381
483850,2,2.437226836
483860,2,2.437466107
483870,2,2.437705292
483880,2,2.437944353
483890,2,2.438183105
483900,2,2.438422244
483910,2,2.438661128
483920,2,2.438899806
483930,2,2.439138419
483940,2,2.439376917
483950,2,2.439615401
483960,2,2.439853717
483970,2,2.440091874
483980,2,2.440330252
483990,2,2.440568218
484000,2,2.44080613
484010,2,2.441044073
484020,2,2.441281986
484030,2,2.441519617
484040,2,2.441757189
484050,2,2.441994576
484060,2,2.442231882
484070,2,2.442469294
484080,2,2.442706468
484090,2,2.442943602
484100,2,2.443180764
484110,2,2.443417595
484120,2,2.443654464
484130,2,2.443891169
484140,2,2.4441278
484150,2,2.444364454
484160,2,2.444600836
484170,2,2.444837195
484180,2,2.445073467
484190,2,2.445309737
484200,2,2.445545719
484210,2,2.445781752
484220,2,2.446017516
484230,2,2.446253214
484240,2,2.446488982
484250,2,2.446724598
484260,2,2.446959984
484270,2,2.44719541
484280,2,2.44743078
484290,2,2.447666008
484300,2,2.447901067
484310,2,2.448135998
484320,2,2.448370883
484330,2,2.448605608
484340,2,2.448840557
484350,2,2.449075033
484360,2,2.449309587
484370,2,2.449543978
484380,2,2.449778171
484390,2,2.450012462
484400,2,2.450246679
484410,2,2.450480613
484420,2,2.450714409
484430,2,2.450948259
484440,2,2.451181856
484450,2,2.451415667
484460,2,2.451649162
484470,2,2.451882495
484480,2,2.452115913
484490,2,2.452349119
484500,2,2.452582309
484510,2,2.452815317
484520,2,2.453048153
484530,2,2.453280946
484540,2,2.453513839
484550,2,2.453746538
484560,2,2.453978843
484570,2,2.454211203
484580,2,2.454443572
484590,2,2.454675876
484600,2,2.45490806
484610,2,2.455139945
484620,2,2.455372294
484630,2,2.455603743
484640,2,2.45583547
484650,2,2.456067008
484660,2,2.456298584
484670,2,2.456529888
484680,2,2.456760973
484690,2,2.456992407
484700,2,2.457223433
484710,2,2.457454448
484720,2,2.457685408
484730,2,2.457915942
484740,2,2.458146904
484750,2,2.458377308
484760,2,2.458607773
484770,2,2.45883812
484780,2,2.459068456
484790,2,2.459298646
484800,2,2.459528652
484810,2,2.459758707
484820,2,2.459988437
484830,2,2.460218278
484840,2,2.460447977
484850,2,2.460677271
484860,2,2.460906918
484870,2,2.461136209
484880,2,2.461365606
484890,2,2.461594622
484900,2,2.461823506
484910,2,2.462052511
484920,2,2.462281137
484930,2,2.462509848
484940,2,2.462738391
484950,2,2.462967121
484960,2,2.46319535
484970,2,2.463423578
484980,2,2.463651732
484990,2,2.463879846
485000,2,2.464107885
485010,2,2.464335651
485020,2,2.464563375
485030,2,2.464790919
485040,2,2.465018789
485050,2,2.465245888
485060,2,2.465473339
485070,2,2.465700585
485080,2,2.465927697
485090,2,2.466154738
485100,2,2.466381615
485110,2,2.466608326
485120,2,2.466834973
485130,2,2.467061552
485140,2,2.467287788
485150,2,2.467514065
485160,2,2.467740475
485170,2,2.46796658
485180,2,2.468192808
485190,2,2.468418677
485200,2,2.468644554
485210,2,2.468869964
485220,2,2.469095816
485230,2,2.469321075
485240,2,2.469546604
485250,2,2.469771788
485260,2,2.469997023
485270,2,2.470222019
485280,2,2.470446938
485290,2,2.470671728
485300,2,2.470896412
485310,2,2.471120848
485320,2,2.471345565
485330,2,2.471569813
485340,2,2.471794116
485350,2,2.47201847
485360,2,2.472242511
485370,2,2.472466317
485380,2,2.472690213
485390,2,2.472913796
485400,2,2.473137396
485410,2,2.473361017
485420,2,2.473584168
485430,2,2.473807499
485440,2,2.474030726
485450,2,2.474253737
485460,2,2.474476652
485470,2,2.474699381
485480,2,2.474922144
485490,2,2.475144726
485500,2,2.475367262
485510,2,2.475589848
485520,2,2.475811838
485530,2,2.476034049
485540,2,2.476255924
485550,2,2.476478018
485560,2,2.476699846
485570,2,2.476921359
485580,2,2.477143117
485590,2,2.477364653
485600,2,2.477585921
485610,2,2.477807344
485620,2,2.478028349
485630,2,2.478249287
485640,2,2.478470364
485650,2,2.478690973
485660,2,2.478911757
485670,2,2.479132168
485680,2,2.479352539
485690,2,2.479573091
485700,2,2.479793211
485710,2,2.480013299
485720,2,2.480233036
485730,2,2.480453155
485740,2,2.480672826
485750,2,2.48089257
485760,2,2.481112123
485770,2,2.481331511
485780,2,2.48155062
485790,2,2.481769864
485800,2,2.481988962
485810,2,2.48220795
485820,2,2.482426741
485830,2,2.482645506
485840,2,2.48286405
485850,2,2.483082397
485860,2,2.483300845
485870,2,2.483519118
485880,2,2.483737074
485890,2,2.483955259
485900,2,2.484173088
485910,2,2.484390931
485920,2,2.484608356
485930,2,2.484826222
485940,2,2.485043402
485950,2,2.485260959
485960,2,2.485477919
485970,2,2.485695169
485980,2,2.485911963
485990,2,2.486128854
486000,2,2.486345553
486010,2,2.48656232
486020,2,2.486778608
486030,2,2.486994904
486040,2,2.487211321
486050,2,2.487427237
486060,2,2.487643371
486070,2,2.487859102
486080,2,2.488075085
486090,2,2.488290479
486100,2,2.488506135
486110,2,2.488721492
486120,2,2.488936908
486130,2,2.48915207
486140,2,2.489366811
486150,2,2.489581766
486160,2,2.48979683
486170,2,2.490011492
486180,2,2.490226122
486190,2,2.490440618
486200,2,2.490654727
486210,2,2.490868999
486220,2,2.49108312
486230,2,2.491297035
486240,2,2.491510692
486250,2,2.491724595
486260,2,2.49193819
486270,2,2.492151664
486280,2,2.492364952
486290,2,2.492578401
486300,2,2.492791374
486310,2,2.493004346
486320,2,2.493217183
486330,2,2.493430007
486340,2,2.493642638
486350,2,2.493854882
486360,2,2.49406746
486370,2,2.494279898
486380,2,2.494491818
486390,2,2.494703725
486400,2,2.494915865
486410,2,2.495127439
486420,2,2.495339216
486430,2,2.495550575
486440,2,2.49576201
486450,2,2.495973333
486460,2,2.496184672
486470,2,2.496395637
486480,2,2.49660658
486490,2,2.496817199
486500,2,2.497027672
486510,2,2.497238329
486520,2,2.497448738
486530,2,2.497659155
486540,2,2.497869263
486550,2,2.49807944
486560,2,2.498289139
486570,2,2.498498904
486580,2,2.498708495
486590,2,2.498918109
486600,2,2.499127707
486610,2,2.499336785
486620,2,2.499545919
486630,2,2.499754963
486640,2,2.499963764
486650,2,2.5001726
486660,2,2.500381355
486670,2,2.500589752
486680,2,2.500798218
486690,2,2.501006563
486700,2,2.501214592
486710,2,2.501422642
486720,2,2.501630559
486730,2,2.5018383
486740,2,2.502045795
486750,2,2.502253288
486760,2,2.502460848
486770,2,2.50266817
486780,2,2.502875376
486790,2,2.503082365
486800,2,2.503289139
486810,2,2.503495879
486820,2,2.503702664
486830,2,2.503909119
486840,2,2.504115497
486850,2,2.504321634
486860,2,2.504527693
486870,2,2.504733899
486880,2,2.504939447
486890,2,2.505145358
486900,2,2.50535097
486910,2,2.505556521
486920,2,2.505761721
486930,2,2.505966803
486940,2,2.506171933
486950,2,2.506376906
486960,2,2.506581909
486970,2,2.506786427
486980,2,2.506990991
486990,2,2.507195315
487000,2,2.507399808
487010,2,2.507603991
487020,2,2.507808047
487030,2,2.508011886
487040,2,2.508215784
487050,2,2.508419417
487060,2,2.50862272
487070,2,2.508826302
487080,2,2.509029561
487090,2,2.509232683
487100,2,2.509435658
487110,2,2.50963847
487120,2,2.509841252
487130,2,2.510043977
487140,2,2.51024638
487150,2,2.510448733
487160,2,2.510651038
487170,2,2.510853335
487180,2,2.511054921
487190,2,2.511256922
487200,2,2.511458597
487210,2,2.511660057
487220,2,2.511861572
487230,2,2.512062885
487240,2,2.512263843
487250,2,2.51246494
487260,2,2.512666019
487270,2,2.512866756
487280,2,2.513067108
487290,2,2.513267993
487300,2,2.513468277
487310,2,2.513668454
487320,2,2.513868676
487330,2,2.5140686
487340,2,2.514268199
487350,2,2.514467971
487360,2,2.51466759
487370,2,2.514866968
487380,2,2.515066618
487390,2,2.515265519
487400,2,2.515464571
487410,2,2.515663531
487420,2,2.515862231
487430,2,2.51606078
487440,2,2.516259359
487450,2,2.516457561
487460,2,2.516656
487470,2,2.51685395
487480,2,2.517051897
487490,2,2.517249747
487500,2,2.517447436
487510,2,2.517645054
487520,2,2.517842317
487530,2,2.518039657
487540,2,2.518237071
487550,2,2.518433852
487560,2,2.518630823
487570,2,2.518827534
487580,2,2.519024189
487590,2,2.51922045
487600,2,2.519416975
487610,2,2.519613081
487620,2,2.519809224
487630,2,2.520005097
487640,2,2.52020087
487650,2,2.520396665
487660,2,2.520592018
487670,2,2.520787282
487680,2,2.520982556
487690,2,2.521177628
487700,2,2.521372454
487710,2,2.521567675
487720,2,2.521762278
487730,2,2.521956849
487740,2,2.522151099
487750,2,2.522345535
487760,2,2.522539632
487770,2,2.522733745
487780,2,2.522927448
487790,2,2.523121188
487800,2,2.523314687
487810,2,2.523508254
487820,2,2.52370133
487830,2,2.523894854
487840,2,2.524087797
487850,2,2.524280725
487860,2,2.524473424
487870,2,2.524666098
487880,2,2.524858407
487890,2,2.525050984
487900,2,2.525243075
487910,2,2.525435216
487920,2,2.525627099
487930,2,2.52581876
487940,2,2.526010427
487950,2,2.526201991
487960,2,2.526393281
487970,2,2.526584514
487980,2,2.526775673
487990,2,2.526966493
488000,2,2.527157623
488010,2,2.527347891
488020,2,2.52753861
488030,2,2.527729184
488040,2,2.52791923
488050,2,2.528109295
488060,2,2.528299254
488070,2,2.528489096
488080,2,2.528678653
488090,2,2.528868245
488100,2,2.52905766
488110,2,2.529246941
488120,2,2.529435887
488130,2,2.529624788
488140,2,2.529813746
488150,2,2.53000246
488160,2,2.53019101
488170,2,2.530379428
488180,2,2.530567633
488190,2,2.530755584
488200,2,2.530943781
488210,2,2.531131545
488220,2,2.531319355
488230,2,2.531506738
488240,2,2.531694218
488250,2,2.531881647
488260,2,2.532068618
488270,2,2.532255642
488280,2,2.532442538
488290,2,2.532629244
488300,2,2.532815933
488310,2,2.533002002
488320,2,2.533188241
488330,2,2.533374562
488340,2,2.533560252
488350,2,2.533746167
488360,2,2.533931942
488370,2,2.534117495
488380,2,2.534302727
488390,2,2.534488142
488400,2,2.534673264
488410,2,2.534858247
488420,2,2.535043187
488430,2,2.53522763
488440,2,2.535412274
488450,2,2.535596456
488460,2,2.535780923
488470,2,2.53596499
488480,2,2.536148847
488490,2,2.536332905
488500,2,2.536516262
488510,2,2.536699887
488520,2,2.536883397
488530,2,2.537066488
488540,2,2.537249569
488550,2,2.537432357
488560,2,2.537615337
488570,2,2.537797933
488580,2,2.537980394
488590,2,2.538162868
488600,2,2.538344967
488610,2,2.538526902
488620,2,2.538708855
488630,2,2.538890734
488640,2,2.539072378
488650,2,2.539253758
488660,2,2.539435217
488670,2,2.539616268
488680,2,2.539797114
488690,2,2.539978224
488700,2,2.540158809
488710,2,2.54033939
488720,2,2.54051974
488730,2,2.540700147
488740,2,2.540880277
488750,2,2.541060233
488760,2,2.541240081
488770,2,2.541419845
488780,2,2.541599472
488790,2,2.541778929
488800,2,2.541958159
488810,2,2.542137199
488820,2,2.542315992
488830,2,2.542494885
488840,2,2.542673529
488850,2,2.542851978
488860,2,2.543030302
488870,2,2.543208833
488880,2,2.5433866
488890,2,2.543564606
488900,2,2.543742332
488910,2,2.543920071
488920,2,2.544097439
488930,2,2.544274905
488940,2,2.544451942
488950,2,2.544628922
488960,2,2.544805876
488970,2,2.544982789
488980,2,2.545159173
488990,2,2.54533561
489000,2,2.545511863
489010,2,2.545687929
489020,2,2.545863903
489030,2,2.546039633
489040,2,2.546215227
489050,2,2.546390817
489060,2,2.546566225
489070,2,2.546741346
489080,2,2.546916626
489090,2,2.547091465
489100,2,2.547266187
489110,2,2.54744094
489120,2,2.547615314
489130,2,2.547789663
489140,2,2.547963853
489150,2,2.548137876
489160,2,2.548311666
489170,2,2.54848539
489180,2,2.548658708
489190,2,2.548832357
489200,2,2.549005672
489210,2,2.549178475
489220,2,2.549351634
489230,2,2.549524262
489240,2,2.549697148
489250,2,2.54986951
489260,2,2.550041676
489270,2,2.550213978
489280,2,2.550386213
489290,2,2.550557824
489300,2,2.550729713
489310,2,2.55090112
489320,2,2.551072458
489330,2,2.551243793
489340,2,2.551414967
489350,2,2.551585728
489360,2,2.551756688
489370,2,2.551927254
489380,2,2.552097735
489390,2,2.552268195
489400,2,2.552438437
489410,2,2.552608395
489420,2,2.552778311
489430,2,2.552948018
489440,2,2.553117572
489450,2,2.553287013
489460,2,2.553456132
489470,2,2.553625458
489480,2,2.553794345
489490,2,2.553963107
489500,2,2.554131758
489510,2,2.554300258
489520,2,2.554468506
489530,2,2.554636521
489540,2,2.554804831
489550,2,2.554972679
489560,2,2.555140303
489570,2,2.55530787
489580,2,2.555475386
489590,2,2.555642602
489600,2,2.555809676
489610,2,2.555976549
489620,2,2.556143049
489630,2,2.556309846
489640,2,2.556476261
489650,2,2.556642532
489660,2,2.556809078
489670,2,2.556974819
489680,2,2.55714043
489690,2,2.557306513
489700,2,2.557471928
489710,2,2.557637061
489720,2,2.557802496
489730,2,2.557967508
489740,2,2.558132583
489750,2,2.558297113
489760,2,2.558461851
489770,2,2.558626158
489780,2,2.55879044
489790,2,2.558954463
489800,2,2.559118566
489810,2,2.559282347
489820,2,2.559445851
489830,2,2.559609286
489840,2,2.55977276
489850,2,2.559935848
489860,2,2.560099044
489870,2,2.560261627
489880,2,2.560424396
489890,2,2.560587152
489900,2,2.560749273
489910,2,2.560911452
489920,2,2.56107377
489930,2,2.561235465
489940,2,2.561397397
489950,2,2.561558847
489960,2,2.561720174
489970,2,2.561881548
489980,2,2.562042636
489990,2,2.56220355
490000,2,2.56236432
490010,2,2.562524999
490020,2,2.562685636
490030,2,2.562845827
490040,2,2.563005788
490050,2,2.563165896
490060,2,2.563325838
490070,2,2.563485257
490080,2,2.563644821
490090,2,2.56380441
490100,2,2.563963481
490110,2,2.564122495
490120,2,2.564281201
490130,2,2.564439955
490140,2,2.564598284
490150,2,2.564756915
490160,2,2.564915233
490170,2,2.565073136
490180,2,2.565230984
490190,2,2.56538884
490200,2,2.565546563
490210,2,2.565703703
490220,2,2.565861054
490230,2,2.566018262
490240,2,2.566175107
490250,2,2.566332133
490260,2,2.566488479
490270,2,2.566645159
490280,2,2.56680124
490290,2,2.566957352
490300,2,2.56711344
490310,2,2.567269268
490320,2,2.567424872
490330,2,2.567580359
490340,2,2.567735427
490350,2,2.567890701
490360,2,2.568045748
490370,2,2.568200529
490380,2,2.568355155
490390,2,2.568509768
490400,2,2.568664178
490410,2,2.568818157
490420,2,2.568972294
490430,2,2.569126237
490440,2,2.569279698
490450,2,2.569433264
490460,2,2.569586586
490470,2,2.569739905
490480,2,2.569892881
490490,2,2.570045785
490500,2,2.570198497
490510,2,2.570351036
490520,2,2.570503472
490530,2,2.570655691
490540,2,2.570807641
490550,2,2.570959557
490560,2,2.571111306
490570,2,2.571262967
490580,2,2.57141441
490590,2,2.571565542
490600,2,2.571716729
490610,2,2.571867498
490620,2,2.572018233
490630,2,2.57216884
490640,2,2.572319257
490650,2,2.572469458
490660,2,2.572619574
490670,2,2.572769513
490680,2,2.572919136
490690,2,2.573068853
490700,2,2.573218349
490710,2,2.57336756
490720,2,2.573516777
490730,2,2.57366582
490740,2,2.573814335
490750,2,2.573962919
490760,2,2.574111252
490770,2,2.574259573
490780,2,2.574407546
490790,2,2.5745558
490800,2,2.574703282
490810,2,2.574850848
490820,2,2.574998426
490830,2,2.575145631
490840,2,2.575292811
490850,2,2.575439752
490860,2,2.575586536
490870,2,2.57573309
490880,2,2.575879717
490890,2,2.576025981
490900,2,2.576172006
490910,2,2.576318071
490920,2,2.576463465
490930,2,2.576609173
490940,2,2.576754602
490950,2,2.576899963
490960,2,2.577045087
490970,2,2.577190209
490980,2,2.577334761
490990,2,2.577479354
491000,2,2.577623924
491010,2,2.577767942
491020,2,2.577912185
491030,2,2.578056123
491040,2,2.578199859
491050,2,2.578343279
491060,2,2.578486648
491070,2,2.578630014
491080,2,2.578773091
491090,2,2.578916021
491100,2,2.579058752
491110,2,2.579201459
491120,2,2.579343861
491130,2,2.579486185
491140,2,2.579627969
491150,2,2.579770124
491160,2,2.579911647
491170,2,2.580053369
491180,2,2.580194835
491190,2,2.580336045
491200,2,2.580477235
491210,2,2.580617958
491220,2,2.580758577
491230,2,2.580899259
491240,2,2.581039617
491250,2,2.581179924
491260,2,2.581320004
491270,2,2.581459788
491280,2,2.581599452
491290,2,2.581738999
491300,2,2.581878425
491310,2,2.582017428
491320,2,2.582156685
491330,2,2.582295577
491340,2,2.582434094
491350,2,2.582572629
491360,2,2.582711083
491370,2,2.582849292
491380,2,2.582987199
491390,2,2.583125108
491400,2,2.583262663
491410,2,2.583400137
491420,2,2.583537698
491430,2,2.583674554
491440,2,2.583811672
491450,2,2.583948716
491460,2,2.584084851
491470,2,2.584221748
491480,2,2.584357963
491490,2,2.584494103
491500,2,2.58463001
491510,2,2.584765739
491520,2,2.584901406
491530,2,2.585036805
491540,2,2.585172202
491550,2,2.585307169
491560,2,2.585442157
491570,2,2.585576782
491580,2,2.585711472
491590,2,2.58584571
491600,2,2.585980085
491610,2,2.586114286
491620,2,2.586247947
491630,2,2.586381897
491640,2,2.586515419
491650,2,2.586648825
491660,2,2.586781779
491670,2,2.586914841
491680,2,2.587047688
491690,2,2.58718044
491700,2,2.587312943
491710,2,2.587445186
491720,2,2.587577504
491730,2,2.587709535
491740,2,2.587841222
491750,2,2.587972975
491760,2,2.58810441
491770,2,2.588235759
491780,2,2.588366749
491790,2,2.588497821
491800,2,2.588628409
491810,2,2.588759145
491820,2,2.588889913
491830,2,2.589019917
491840,2,2.589149931
491850,2,2.589279986
491860,2,2.589409674
491870,2,2.589539162
491880,2,2.589668401
491890,2,2.589797683
491900,2,2.589926869
491910,2,2.590055802
491920,2,2.590184336
491930,2,2.59031298
491940,2,2.590441296
491950,2,2.59056941
491960,2,2.590697641
491970,2,2.590825336
491980,2,2.590952889
491990,2,2.591080389
492000,2,2.59120762
492010,2,2.59133483
492020,2,2.591461401
492030,2,2.591588492
492040,2,2.591715212
492050,2,2.591841538
492060,2,2.591967811
492070,2,2.592093884
492080,2,2.592219671
492090,2,2.592345415
492100,2,2.592471057
492110,2,2.592596629
492120,2,2.592721487
492130,2,2.592846518
492140,2,2.592971138
492150,2,2.593096074
492160,2,2.593220674
492170,2,2.593344789
492180,2,2.593468971
492190,2,2.593592893
492200,2,2.593716672
492210,2,2.5938405
492220,2,2.593963683
492230,2,2.594087101
492240,2,2.594210245
492250,2,2.594333111
492260,2,2.594455812
492270,2,2.594578181
492280,2,2.594700633
492290,2,2.594822975
492300,2,2.594944835
492310,2,2.595066642
492320,2,2.595188229
492330,2,2.595309805
492340,2,2.595431048
492350,2,2.595552325
492360,2,2.59567321
492370,2,2.595794236
492380,2,2.595914537
492390,2,2.596034842
492400,2,2.596155241
492410,2,2.596275358
492420,2,2.596395359
492430,2,2.59651473
492440,2,2.596634486
492450,2,2.596753696
492460,2,2.596872868
492470,2,2.596991943
492480,2,2.597110798
492490,2,2.597229238
492500,2,2.597347895
492510,2,2.597466189
492520,2,2.597584188
492530,2,2.597702311
492540,2,2.597819834
492550,2,2.597937712
492560,2,2.598054988
492570,2,2.598172106
492580,2,2.598289013
492590,2,2.598406136
492600,2,2.598522846
492610,2,2.59863923
492620,2,2.5987556
492630,2,2.598871733
492640,2,2.598987443
492650,2,2.599103465
492660,2,2.599218991
492670,2,2.599334262
492680,2,2.599449613
492690,2,2.599564702
492700,2,2.599679592
492710,2,2.599794045
492720,2,2.599908815
492730,2,2.600023087
492740,2,2.600137421
492750,2,2.600251295
492760,2,2.600365079
492770,2,2.600478577
492780,2,2.600592241
492790,2,2.600705483
492800,2,2.600818603
492810,2,2.600931622
492820,2,2.601044139
492830,2,2.601156658
492840,2,2.601269292
492850,2,2.601381441
492860,2,2.601493163
492870,2,2.601605208
492880,2,2.60171685
492890,2,2.601828147
492900,2,2.601939442
492910,2,2.602050606
492920,2,2.602161443
492930,2,2.602272231
492940,2,2.602382745
492950,2,2.602493067
492960,2,2.602603398
492970,2,2.602713446
492980,2,2.602823249
492990,2,2.602932829
493000,2,2.603042298
493010,2,2.60315177
493020,2,2.603260833
493030,2,2.603369673
493040,2,2.603478515
493050,2,2.603586971
493060,2,2.603695234
493070,2,2.603803572
493080,2,2.60391157
493090,2,2.604019388
493100,2,2.604126988
493110,2,2.604234427
493120,2,2.60434178
493130,2,2.604448969
493140,2,2.604555795
493150,2,2.604662643
493160,2,2.604769047
493170,2,2.604875555
493180,2,2.604981799
493190,2,2.605087553
493200,2,2.605193327
493210,2,2.605299109
493220,2,2.605404448
493230,2,2.605509958
493240,2,2.605614706
493250,2,2.605720079
493260,2,2.605824573
493270,2,2.605929167
493280,2,2.606033334
493290,2,2.606137786
493300,2,2.606241728
493310,2,2.606345392
493320,2,2.606449257
493330,2,2.606552684
493340,2,2.606655765
493350,2,2.606758902
493360,2,2.606861781
493370,2,2.606964534
493380,2,2.607067088
493390,2,2.607169663
493400,2,2.607271576
493410,2,2.607373528
493420,2,2.607475374
493430,2,2.607577029
493440,2,2.607678439
493450,2,2.607779638
493460,2,2.607880757
493470,2,2.607981398
493480,2,2.608082288
493490,2,2.608182876
493500,2,2.608283237
493510,2,2.608383235
493520,2,2.608483166
493530,2,2.608583142
493540,2,2.608682451
493550,2,2.608782005
493560,2,2.608881334
493570,2,2.608980306
493580,2,2.60907907
493590,2,2.609177916
493600,2,2.609276111
493610,2,2.609374373
493620,2,2.609472517
493630,2,2.609570634
493640,2,2.609668346
493650,2,2.60976594
493660,2,2.609863326
493670,2,2.609960318
493680,2,2.610057445
493690,2,2.61015427
493700,2,2.610250889
493710,2,2.61034736
493720,2,2.610443708
493730,2,2.610539643
493740,2,2.610635624
493750,2,2.610731205
493760,2,2.610826881
493770,2,2.610922058
493780,2,2.611017223
493790,2,2.61111209
493800,2,2.611206934
493810,2,2.611301618
493820,2,2.611396133
493830,2,2.611490199
493840,2,2.611584231
493850,2,2.611677973
493860,2,2.611771677
493870,2,2.611865199
493880,2,2.611958397
493890,2,2.612051432
493900,2,2.612144527
493910,2,2.61223714
493920,2,2.612329736
493930,2,2.61242186
493940,2,2.612514341
493950,2,2.612606185
493960,2,2.612697918
493970,2,2.612789572
493980,2,2.612881041
493990,2,2.612972133
494000,2,2.613063394
494010,2,2.613154041
494020,2,2.61324473
494030,2,2.613335323
494040,2,2.613425365
494050,2,2.61351573
494060,2,2.613605545
494070,2,2.613695526
494080,2,2.613784846
494090,2,2.613874591
494100,2,2.6139634
494110,2,2.614052369
494120,2,2.614141244
494130,2,2.614229729
494140,2,2.614318097
494150,2,2.614406508
494160,2,2.614494436
494170,2,2.614582356
494180,2,2.614669866
494190,2,2.614757504
494200,2,2.614844704
494210,2,2.61493185
494220,2,2.615019046
494230,2,2.615105555
494240,2,2.615192204
494250,2,2.615278524
494260,2,2.61536457
494270,2,2.615450761
494280,2,2.615536382
494290,2,2.615622135
494300,2,2.615707485
494310,2,2.615792671
494320,2,2.615877748
494330,2,2.615962633
494340,2,2.616047216
494350,2,2.616131836
494360,2,2.616215951
494370,2,2.616299985
494380,2,2.616383863
494390,2,2.616467752
494400,2,2.616551186
494410,2,2.61663461
494420,2,2.616717774
494430,2,2.616800738
494440,2,2.616883465
494450,2,2.616966181
494460,2,2.617048465
494470,2,2.617130666
494480,2,2.617212643
494490,2,2.617294365
494500,2,2.617376033
494510,2,2.617457539
494520,2,2.617538724
494530,2,2.617619903
494540,2,2.61770089
494550,2,2.617781377
494560,2,2.617862074
494570,2,2.617942478
494580,2,2.618022425
494590,2,2.618102256
494600,2,2.618181949
494610,2,2.618261705
494620,2,2.61834127
494630,2,2.618420311
494640,2,2.618499149
494650,2,2.618578096
494660,2,2.618656745
494670,2,2.618734816
494680,2,2.618813207
494690,2,2.618891142
494700,2,2.618969039
494710,2,2.619046894
494720,2,2.619124136
494730,2,2.619201541
494740,2,2.619278623
494750,2,2.619355408
494760,2,2.619431993
494770,2,2.61950872
494780,2,2.619584988
494790,2,2.61966093
494800,2,2.619737038
494810,2,2.619812784
494820,2,2.619888293
494830,2,2.619963689
494840,2,2.620038895
494850,2,2.620113982
494860,2,2.620188568
494870,2,2.620263285
494880,2,2.620337674
494890,2,2.620411903
494900,2,2.620486049
494910,2,2.620559799
494920,2,2.620633455
494930,2,2.620706894
494940,2,2.620780189
494950,2,2.620853318
494960,2,2.620926096
494970,2,2.620998901
494980,2,2.621071397
494990,2,2.621143653
495000,2,2.621215898
495010,2,2.621287765
495020,2,2.621359544
495030,2,2.621430972
495040,2,2.621502198
495050,2,2.621573496
495060,2,2.621644509
495070,2,2.621715166
495080,2,2.621785838
495090,2,2.621856249
495100,2,2.621926438
495110,2,2.621996409
495120,2,2.622066269
495130,2,2.622136061
495140,2,2.622205346
495150,2,2.622274572
495160,2,2.622343403
495170,2,2.6224125
495180,2,2.622481123
495190,2,2.622549479
495200,2,2.622618038
495210,2,2.622685962
495220,2,2.622754085
495230,2,2.622821624
495240,2,2.622889097
495250,2,2.622956622
495260,2,2.623023662
495270,2,2.623090532
495280,2,2.623157256
495290,2,2.623223716
495300,2,2.623290134
495310,2,2.623356469
495320,2,2.623422319
495330,2,2.623488191
495340,2,2.623553903
495350,2,2.623619164
495360,2,2.623684131
495370,2,2.623749318
495380,2,2.623814288
495390,2,2.623878605
495400,2,2.623943165
495410,2,2.624007355
495420,2,2.624071362
495430,2,2.624135324
495440,2,2.624199172
495450,2,2.624262505
495460,2,2.624325829
495470,2,2.624388862
495480,2,2.624451663
495490,2,2.624514319
495500,2,2.624577028
495510,2,2.62463939
495520,2,2.624701257
495530,2,2.624763303
495540,2,2.624824956
495550,2,2.624886372
495560,2,2.624947813
495570,2,2.625008955
495580,2,2.625069958
495590,2,2.625130793
495600,2,2.625191258
495610,2,2.625251468
495620,2,2.625311778
495630,2,2.625371599
495640,2,2.625431707
495650,2,2.625491311
495660,2,2.625550511
495670,2,2.625609776
495680,2,2.625668718
495690,2,2.625727621
495700,2,2.625786395
495710,2,2.625844743
495720,2,2.625902888
495730,2,2.625960891
495740,2,2.626018883
495750,2,2.62607648
495760,2,2.626133999
495770,2,2.626191263
495780,2,2.626248262
495790,2,2.626305226
495800,2,2.626362094
495810,2,2.626418303
495820,2,2.626474641
495830,2,2.626530679
495840,2,2.626586562
495850,2,2.626642408
495860,2,2.626697879
495870,2,2.626753202
495880,2,2.626808305
495890,2,2.626863279
495900,2,2.626918207
495910,2,2.626972679
495920,2,2.627026907
495930,2,2.627081084
495940,2,2.627135076
495950,2,2.627188882
495960,2,2.627242361
495970,2,2.627295844
495980,2,2.627348928
495990,2,2.627401886
496000,2,2.627454666
496010,2,2.627507321
496020,2,2.627559888
496030,2,2.6276123
496040,2,2.627663984
496050,2,2.627715817
496060,2,2.627767514
496070,2,2.627818985
496080,2,2.627870154
496090,2,2.627921207
496100,2,2.627971943
496110,2,2.628022628
496120,2,2.628073389
496130,2,2.628123356
496140,2,2.628173599
496150,2,2.628223182
496160,2,2.628273062
496170,2,2.628322542
496180,2,2.628371735
496190,2,2.628420584
496200,2,2.628469783
496210,2,2.62851854
496220,2,2.628566881
496230,2,2.628615257
496240,2,2.628663471
496250,2,2.628711114
496260,2,2.628759138
496270,2,2.62880658
496280,2,2.62885389
496290,2,2.628901111
496300,2,2.628947874
496310,2,2.628994617
496320,2,2.62904127
496330,2,2.629087493
496340,2,2.629133704
496350,2,2.629179678
496360,2,2.629225427
496370,2,2.629271109
496380,2,2.629316485
496390,2,2.629361665
496400,2,2.629406489
496410,2,2.629451197
496420,2,2.629495908
496430,2,2.629540329
496440,2,2.629584529
496450,2,2.629628552
496460,2,2.629672375
496470,2,2.629715864
496480,2,2.629759316
496490,2,2.629802464
496500,2,2.629845431
496510,2,2.629888371
496520,2,2.629931015
496530,2,2.62997327
496540,2,2.630015642
496550,2,2.630057714
496560,2,2.630099428
496570,2,2.630141066
496580,2,2.630182654
496590,2,2.630223937
496600,2,2.630264734
496610,2,2.630305725
496620,2,2.630346383
496630,2,2.630387056
496640,2,2.630427155
496650,2,2.630467236
496660,2,2.630506947
496670,2,2.630546906
496680,2,2.630586131
496690,2,2.630625588
496700,2,2.63066465
496710,2,2.630703367
496720,2,2.630742385
496730,2,2.63078062
496740,2,2.630818832
496750,2,2.630857122
496760,2,2.630894864
496770,2,2.63093282
496780,2,2.630970323
496790,2,2.631007501
496800,2,2.631044751
496810,2,2.631081531
496820,2,2.631118385
496830,2,2.631154699
496840,2,2.631191327
496850,2,2.631227147
496860,2,2.631263039
496870,2,2.631299097
496880,2,2.631334532
496890,2,2.631369775
496900,2,2.631405096
496910,2,2.631439913
496920,2,2.631474709
496930,2,2.631509276
496940,2,2.631543612
496950,2,2.631577991
496960,2,2.631612053
496970,2,2.631645685
496980,2,2.631679023
496990,2,2.631712442
497000,2,2.631745686
497010,2,2.631778618
497020,2,2.631811517
497030,2,2.63184401
497040,2,2.63187624
497050,2,2.63190851
497060,2,2.631940438
497070,2,2.631972284
497080,2,2.632004031
497090,2,2.632035307
497100,2,2.632066418
503770,4,2.206754977
503780,4,2.206797875
503790,4,2.206840834
503800,4,2.20688369
503810,4,2.20692724
503820,4,2.206969269
503830,4,2.207013135
503840,4,2.207055096
503850,4,2.207096922
503860,4,2.207139165
503870,4,2.207183455
503880,4,2.207226965
503890,4,2.207269049
503900,4,2.20731331
503910,4,2.207357438
503920,4,2.207399255
503930,4,2.207442233
503940,4,2.207484925
503950,4,2.207527753
503960,4,2.207571559
503970,4,2.207615669
503980,4,2.207657323
503990,4,2.207703357
504000,4,2.207744107
504010,4,2.207787452
504020,4,2.207830735
504030,4,2.207874765
504040,4,2.207918802
504050,4,2.207961262
504060,4,2.208005854
504070,4,2.208047683
504080,4,2.208093181
504090,4,2.208135692
504100,4,2.208177691
504110,4,2.208221982
504120,4,2.208265928
504130,4,2.208308752
504140,4,2.208353491
504150,4,2.208396114
504160,4,2.20844123
504170,4,2.208484237
504180,4,2.208527608
504190,4,2.208569964
504200,4,2.20861502
504210,4,2.208661132
504220,4,2.208704135
504230,4,2.208749357
504240,4,2.208790782
504250,4,2.208835819
504260,4,2.208878898
504270,4,2.208924571
504280,4,2.20896696
504290,4,2.209011119
504300,4,2.209056154
504310,4,2.209099003
504320,4,2.209143349
504330,4,2.209186823
504340,4,2.20923308
504350,4,2.209275002
504360,4,2.209321225
504370,4,2.209365448
504380,4,2.209410354
504390,4,2.209453357
504400,4,2.20949697
504410,4,2.209542706
504420,4,2.209585464
504430,4,2.209631271
504440,4,2.209675043
504450,4,2.209720895
504460,4,2.209762296
504470,4,2.209808317
504480,4,2.209853131
504490,4,2.209897399
504500,4,2.209942691
504510,4,2.209986697
504520,4,2.210030448
504530,4,2.210077145
504540,4,2.210121016
504550,4,2.210164877
504560,4,2.210210309
504570,4,2.210254161
504580,4,2.210298981
504590,4,2.210346173
504600,4,2.210388183
504610,4,2.210433211
504620,4,2.210478643
504630,4,2.210524834
504640,4,2.21056965
504650,4,2.210613535
504660,4,2.210657198
504670,4,2.21070322
504680,4,2.210747576
504690,4,2.210792823
504700,4,2.210838221
504710,4,2.21088392
504720,4,2.210929046
504730,4,2.210973796
504740,4,2.211020853
504750,4,2.211064139
504760,4,2.21111004
504770,4,2.21115336
504780,4,2.211200152
504790,4,2.21124669
504800,4,2.211288753
504810,4,2.211336133
504820,4,2.211381823
504830,4,2.211425186
504840,4,2.211473333
504850,4,2.211517661
504860,4,2.211562528
504870,4,2.211608143
504880,4,2.211654375
504890,4,2.211700142
504900,4,2.211744575
504910,4,2.211790937
504920,4,2.211837308
504930,4,2.211882593
504940,4,2.211927059
504950,4,2.211973017
504960,4,2.212018668
504970,4,2.212064925
504980,4,2.212112659
504990,4,2.212156899
505000,4,2.212202161
505010,4,2.212247111
505020,4,2.212294053
505030,4,2.212340953
505040,4,2.212383577
505050,4,2.212430239
505060,4,2.212476253
505070,4,2.212522874
505080,4,2.212568076
505090,4,2.212615458
505100,4,2.212661394
505110,4,2.212706984
505120,4,2.21275317
505130,4,2.212796766
505140,4,2.212844822
505150,4,2.212891907
505160,4,2.212936631
505170,4,2.21298411
505180,4,2.213030032
505190,4,2.21307667
505200,4,2.213121502
505210,4,2.213165016
505220,4,2.213215816
505230,4,2.21326151
505240,4,2.213305816
505250,4,2.213353181
505260,4,2.213398268
505270,4,2.213447109
505280,4,2.213492974
505290,4,2.213539639
505300,4,2.213585209
505310,4,2.213631593
505320,4,2.213677893
505330,4,2.21372718
505340,4,2.213772966
505350,4,2.213818993
505360,4,2.213865218
505370,4,2.213911793
505380,4,2.213956222
505390,4,2.21400487
505400,4,2.214051541
505410,4,2.214099106
505420,4,2.214143693
505430,4,2.214191278
505440,4,2.214239036
505450,4,2.214287948
505460,4,2.214332322
505470,4,2.214379486
505480,4,2.214423869
505490,4,2.214471787
505500,4,2.214521165
505510,4,2.21456655
505520,4,2.214615011
505530,4,2.214659959
505540,4,2.214707756
505550,4,2.214755461
505560,4,2.214802299
505570,4,2.214850771
505580,4,2.214894987
505590,4,2.214942856
505600,4,2.214988721
505610,4,2.21503871
505620,4,2.215084674
505630,4,2.21513275
505640,4,2.21517917
505650,4,2.215225356
505660,4,2.215272316
505670,4,2.215321208
505680,4,2.215367782
505690,4,2.21541528
505700,4,2.215461834
505710,4,2.215509378
505720,4,2.215558822
505730,4,2.215604898
505740,4,2.215651145
505750,4,2.215701588
505760,4,2.215747659
505770,4,2.21579438
505780,4,2.215843255
505790,4,2.215888906
505800,4,2.21593784
505810,4,2.215984317
505820,4,2.216033317
505830,4,2.216080767
505840,4,2.216129699
505850,4,2.216174549
505860,4,2.216223921
505870,4,2.216271347
505880,4,2.216318172
505890,4,2.21636572
505900,4,2.216413824
505910,4,2.216461872
505920,4,2.216509109
505930,4,2.216559128
505940,4,2.216606374
505950,4,2.216653135
505960,4,2.216702906
505970,4,2.216749102
505980,4,2.216797246
505990,4,2.216845177
506000,4,2.216895529
506010,4,2.216941281
506020,4,2.216986926
506030,4,2.217037221
506040,4,2.217084015
506050,4,2.21713482
506060,4,2.217180333
506070,4,2.217230293
506080,4,2.217279606
506090,4,2.217326166
506100,4,2.217374114
506110,4,2.217423645
506120,4,2.217471164
506130,4,2.217519272
506140,4,2.217567913
506150,4,2.217616442
506160,4,2.217664017
506170,4,2.217711897
506180,4,2.21776085
506190,4,2.21780733
506200,4,2.217856905
506210,4,2.217905433
506220,4,2.217954713
506230,4,2.218003327
506240,4,2.218051234
506250,4,2.218099983
506260,4,2.218146014
506270,4,2.218196714
506280,4,2.218245734
506290,4,2.218292624
506300,4,2.21833872
506310,4,2.218391054
506320,4,2.218440479
506330,4,2.218488984
506340,4,2.218536383
506350,4,2.218586227
506360,4,2.218634004
506370,4,2.218682493
506380,4,2.218732063
506390,4,2.218781596
506400,4,2.21882782
506410,4,2.218877869
506420,4,2.218927121
506430,4,2.218975614
506440,4,2.219026586
506450,4,2.219073733
506460,4,2.219121813
506470,4,2.219173499
506480,4,2.219219462
506490,4,2.219269032
506500,4,2.219317516
506510,4,2.21936785
506520,4,2.219416362
506530,4,2.219465053
506540,4,2.219516267
506550,4,2.219563951
506560,4,2.219611548
506570,4,2.219662435
506580,4,2.219709852
506590,4,2.219762471
506600,4,2.219808911
506610,4,2.219857944
506620,4,2.219907639
506630,4,2.219958444
506640,4,2.220006377
506650,4,2.220055039
506660,4,2.220103691
506670,4,2.220154683
506680,4,2.220202616
506690,4,2.220253282
506700,4,2.220303508
506710,4,2.220351858
506720,4,2.220400898
506730,4,2.220448624
506740,4,2.220500377
506750,4,2.220550354
506760,4,2.220599585
506770,4,2.220648132
506780,4,2.220696771
506790,4,2.220747765
506800,4,2.22079893
506810,4,2.220846901
506820,4,2.22089605
506830,4,2.220944248
506840,4,2.220995527
506850,4,2.221046055
506860,4,2.221094513
506870,4,2.221144723
506880,4,2.221195159
506890,4,2.221244099
506900,4,2.221295883
506910,4,2.221342936
506920,4,2.221394823
506930,4,2.221441948
506940,4,2.221493673
506950,4,2.221540384
506960,4,2.221591798
506970,4,2.221642082
506980,4,2.221692846
506990,4,2.221744427
507000,4,2.221791748
507010,4,2.221841944
507020,4,2.221891888
507030,4,2.22194082
507040,4,2.221991053
507050,4,2.222041868
507060,4,2.222093089
507070,4,2.222141005
507080,4,2.222191665
507090,4,2.22224096
507100,4,2.222290843
507110,4,2.222343747
507120,4,2.222392088
507130,4,2.222443629
507140,4,2.222492794
507150,4,2.222544185
507160,4,2.222594525
507170,4,2.222643542
507180,4,2.222695738
507190,4,2.222745339
507200,4,2.222795346
507210,4,2.222844212
507220,4,2.222894756
507230,4,2.222946012
507240,4,2.222994949
507250,4,2.223046262
507260,4,2.223094891
507270,4,2.223147125
507280,4,2.223197956
507290,4,2.223248486
507300,4,2.223297233
507310,4,2.223350058
507320,4,2.223399451
507330,4,2.223452019
507340,4,2.223500633
507350,4,2.223550449
507360,4,2.22360165
507370,4,2.223651166
507380,4,2.223702087
507390,4,2.223752095
507400,4,2.223800812
507410,4,2.223853612
507420,4,2.223905442
507430,4,2.223956602
507440,4,2.224005358
507450,4,2.224056451
507460,4,2.224108674
507470,4,2.22415742
507480,4,2.224208787
507490,4,2.224261557
507500,4,2.224310118
507510,4,2.224360939
507520,4,2.224412032
507530,4,2.224463974
507540,4,2.224513572
507550,4,2.224564324
507560,4,2.224617015
507570,4,2.224667414
507580,4,2.22471691
507590,4,2.224768603
507600,4,2.224820715
507610,4,2.224870182
507620,4,2.224920886
507630,4,2.224973405
507640,4,2.225022729
507650,4,2.225074761
507660,4,2.225126458
507670,4,2.225175561
507680,4,2.225227795
507690,4,2.225277632
507700,4,2.225331787
507710,4,2.225380194
507720,4,2.225431301
507730,4,2.225484284
507740,4,2.22553298
507750,4,2.225587041
507760,4,2.225636666
507770,4,2.2256886
507780,4,2.225739595
507790,4,2.225790678
507800,4,2.225842586
507810,4,2.225893091
507820,4,2.225943577
507830,4,2.225996372
507840,4,2.226048514
507850,4,2.226099648
507860,4,2.226149437
507870,4,2.226201405
507880,4,2.226251751
507890,4,2.226305177
507900,4,2.226354014
507910,4,2.226407055
507920,4,2.22645695
507930,4,2.226510151
507940,4,2.226562527
507950,4,2.226611422
507960,4,2.226662972
507970,4,2.226715079
507980,4,2.226766677
507990,4,2.226817601
508000,4,2.22687136
508010,4,2.226923308
508020,4,2.226973373
508030,4,2.227023855
508040,4,2.227077429
508050,4,2.227129582
508060,4,2.227180303
508070,4,2.227230402
508080,4,2.227283606
508090,4,2.22733685
508100,4,2.227385265
508110,4,2.227438835
508120,4,2.227491375
508130,4,2.227542057
508140,4,2.227594592
508150,4,2.227647232
508160,4,2.227695858
508170,4,2.227750946
508180,4,2.227801094
508190,4,2.22785299
508200,4,2.22790775
508210,4,2.227957963
508220,4,2.228010249
508230,4,2.228059619
508240,4,2.2281121
508250,4,2.228163811
508260,4,2.228215781
508270,4,2.228267728
508280,4,2.228320592
508290,4,2.228373441
508300,4,2.228424906
508310,4,2.228476579
508320,4,2.228528979
508330,4,2.228581028
508340,4,2.228632776
508350,4,2.228684471
508360,4,2.228736101
508370,4,2.228788725
508380,4,2.228840309
508390,4,2.228894092
508400,4,2.228945814
508410,4,2.22899779
508420,4,2.229050153
508430,4,2.229102336
508440,4,2.229155221
508450,4,2.229206842
508460,4,2.229258482
508470,4,2.229313589
508480,4,2.229363825
508490,4,2.229417399
508500,4,2.229468016
508510,4,2.229521579
508520,4,2.229573452
508530,4,2.229625243
508540,4,2.229678605
508550,4,2.229730208
508560,4,2.229781605
508570,4,2.22983396
508580,4,2.229887191
508590,4,2.229942221
508600,4,2.229992106
508610,4,2.230046154
508620,4,2.230095329
508630,4,2.230148807
508640,4,2.230203735
508650,4,2.230254544
508660,4,2.230306905
508670,4,2.230360459
508680,4,2.230411284
508690,4,2.230465728
508700,4,2.23051789
508710,4,2.230571034
508720,4,2.230622556
508730,4,2.230674477
508740,4,2.230725612
508750,4,2.230780474
508760,4,2.230834933
508770,4,2.230886058
508780,4,2.23093878
508790,4,2.230990316
508800,4,2.231042554
508810,4,2.231095189
508820,4,2.231148335
508830,4,2.231199093
508840,4,2.231255478
508850,4,2.231307387
508860,4,2.231360619
508870,4,2.231414403
508880,4,2.231466757
508890,4,2.231518776
508900,4,2.231570902
508910,4,2.231623915
508920,4,2.231677794
508930,4,2.231730379
508940,4,2.231783486
508950,4,2.231837203
508960,4,2.23188913
508970,4,2.231939456
508980,4,2.231995348
508990,4,2.232047582
509000,4,2.232101207
509010,4,2.232152624
509020,4,2.232207629
509030,4,2.232258341
509040,4,2.232313961
509050,4,2.232364727
509060,4,2.232418238
509070,4,2.232469635
509080,4,2.232526443
509090,4,2.232577824
509100,4,2.232629972
509110,4,2.232685256
509120,4,2.232736554
509130,4,2.232789463
509140,4,2.232842724
509150,4,2.232896344
509160,4,2.232950365
509170,4,2.233001959
509180,4,2.233055279
509190,4,2.233109312
509200,4,2.233161749
509210,4,2.233218036
509220,4,2.233266918
509230,4,2.233320027
509240,4,2.233373724
509250,4,2.233427895
509260,4,2.233481142
509270,4,2.233535062
509280,4,2.233588866
509290,4,2.233642481
509300,4,2.233695751
509310,4,2.233746526
509320,4,2.233800954
509330,4,2.233852264
509340,4,2.233907272
509350,4,2.233960574
509360,4,2.23401428
509370,4,2.234067539
509380,4,2.234121815
509390,4,2.234175643
509400,4,2.234227854
509410,4,2.234281553
509420,4,2.234333262
509430,4,2.234387277
509440,4,2.234441435
509450,4,2.234494325
509460,4,2.23454899
509470,4,2.234602698
509480,4,2.234656097
509490,4,2.234708902
509500,4,2.234758401
509510,4,2.234814881
509520,4,2.234869432
509530,4,2.234922019
509540,4,2.234977724
509550,4,2.235029593
509560,4,2.235082126
509570,4,2.235138246
509580,4,2.235190142
509590,4,2.235245146
509600,4,2.235300035
509610,4,2.235351162
509620,4,2.235406086
509630,4,2.235457539
509640,4,2.235513983
509650,4,2.235567445
509660,4,2.235620579
509670,4,2.235675362
509680,4,2.235729824
509690,4,2.235782847
509700,4,2.235834745
509710,4,2.235890959
509720,4,2.235942281
509730,4,2.235996382
509740,4,2.23604942
509750,4,2.23610339
509760,4,2.236158361
509770,4,2.236211529
509780,4,2.236264157
509790,4,2.236320348
509800,4,2.236372507
509810,4,2.236426637
509820,4,2.236481079
509830,4,2.236534991
509840,4,2.236589613
509850,4,2.236642375
509860,4,2.236695973
509870,4,2.236749496
509880,4,2.236803173
509890,4,2.236856647
509900,4,2.23691072
509910,4,2.236965107
509920,4,2.237018368
509930,4,2.237073093
509940,4,2.237128205
509950,4,2.237182591
509960,4,2.237236386
509970,4,2.237290933
509980,4,2.237343841
509990,4,2.237397689
510000,4,2.237452246
510010,4,2.23750639
510020,4,2.237558665
510030,4,2.237613277
510040,4,2.237668627
510050,4,2.237719211
510060,4,2.237774835
510070,4,2.237830929
510080,4,2.237884956
510090,4,2.237937156
510100,4,2.237993933
510110,4,2.238044797
510120,4,2.238099475
510130,4,2.238154093
510140,4,2.238209619
510150,4,2.238263152
510160,4,2.238317425
510170,4,2.238369893
510180,4,2.23842435
510190,4,2.238476431
510200,4,2.238532225
510210,4,2.238587275
510220,4,2.238639384
510230,4,2.238695203
510240,4,2.238751443
510250,4,2.238805977
510260,4,2.238859476
510270,4,2.238912739
510280,4,2.238967665
510290,4,2.239023775
510300,4,2.239075297
510310,4,2.239129979
510320,4,2.23918234
510330,4,2.239240036
510340,4,2.239291784
510350,4,2.239348119
510360,4,2.239402013
510370,4,2.239455115
510380,4,2.239512468
510390,4,2.239564888
510400,4,2.239619598
510410,4,2.239671877
510420,4,2.239727767
510430,4,2.239782722
510440,4,2.239838114
510450,4,2.239891548
510460,4,2.239945556
510470,4,2.239999436
510480,4,2.240052707
510490,4,2.240110438
510500,4,2.24016256
510510,4,2.240217534
510520,4,2.240270978
510530,4,2.240327161
510540,4,2.240381422
510550,4,2.240436821
510560,4,2.240489708
510570,4,2.240546182
510580,4,2.240599108
510590,4,2.240653564
510600,4,2.240706213
510610,4,2.240763149
510620,4,2.240818225
510630,4,2.240872349
510640,4,2.240927372
510650,4,2.240981911
510660,4,2.241034602
510670,4,2.241090114
510680,4,2.241143176
510690,4,2.241197658
510700,4,2.241253128
510710,4,2.241308792
510720,4,2.241363496
510730,4,2.241415742
510740,4,2.241472377
510750,4,2.241526062
510760,4,2.241580617
510770,4,2.241635381
510780,4,2.241690318
510790,4,2.241745812
510800,4,2.241799311
510810,4,2.241855487
510820,4,2.241908077
510830,4,2.241965106
510840,4,2.24201685
510850,4,2.242072703
510860,4,2.242126738
510870,4,2.242181781
510880,4,2.242237488
510890,4,2.242291174
510900,4,2.242348196
510910,4,2.242401245
510920,4,2.242455295
510930,4,2.242510989
510940,4,2.242565343
510950,4,2.242621842
510960,4,2.242676682
510970,4,2.242730521
510980,4,2.24278605
510990,4,2.242838834
511000,4,2.242893829
511010,4,2.242947525
511020,4,2.243003782
511030,4,2.243058647
511040,4,2.243113672
511050,4,2.243169043
511060,4,2.243223272
511070,4,2.243277436
511080,4,2.243334052
511090,4,2.243387071
511100,4,2.243442938
511110,4,2.24349775
511120,4,2.243550925
511130,4,2.243606598
511140,4,2.24366113
511150,4,2.243718734
511160,4,2.243772531
511170,4,2.243827384
511180,4,2.24388101
511190,4,2.243936847
511200,4,2.243991958
511210,4,2.244048142
511220,4,2.244100467
511230,4,2.244155235
511240,4,2.244210323
511250,4,2.244264857
511260,4,2.244320579
511270,4,2.244377553
511280,4,2.244429309
511290,4,2.244485531
511300,4,2.244540888
511310,4,2.244595642
511320,4,2.244649015
511330,4,2.244704532
511340,4,2.244759201
511350,4,2.244816691
511360,4,2.244870794
511370,4,2.244924882
511380,4,2.244980546
511390,4,2.245034978
511400,4,2.245089609
511410,4,2.245145508
511420,4,2.245200733
511430,4,2.245255689
511440,4,2.245308713
511450,4,2.245366312
511460,4,2.245419483
511470,4,2.245476848
511480,4,2.245529337
511490,4,2.245585219
511500,4,2.245639713
511510,4,2.245694798
511520,4,2.245751249
511530,4,2.245804138
511540,4,2.245860187
511550,4,2.245912884
511560,4,2.245969666
511570,4,2.246025022
511580,4,2.246079967
511590,4,2.246135075
511600,4,2.246191236
511610,4,2.246245745
511620,4,2.246301891
511630,4,2.246357132
511640,4,2.246412593
511650,4,2.246467665
511660,4,2.246522223
511670,4,2.246576273
511680,4,2.246632883
511690,4,2.246688039
511700,4,2.246741628
511710,4,2.246797629
511720,4,2.246851394
511730,4,2.246906492
511740,4,2.246962129
511750,4,2.247017565
511760,4,2.247071065
511770,4,2.247129885
511780,4,2.247183437
511790,4,2.24723832
511800,4,2.247293083
511810,4,2.24734682
511820,4,2.247404699
511830,4,2.247459467
511840,4,2.24751323
511850,4,2.247567491
511860,4,2.247624703
511870,4,2.247681206
511880,4,2.24773703
511890,4,2.247790453
511900,4,2.247844486
511910,4,2.247901589
511920,4,2.247956788
511930,4,2.248010947
511940,4,2.248066711
511950,4,2.248119317
511960,4,2.248176697
511970,4,2.248234088
511980,4,2.248287047
511990,4,2.248342756
512000,4,2.248397672
512010,4,2.248451472
512020,4,2.24850939
512030,4,2.248565184
512040,4,2.248617039
512050,4,2.248673697
512060,4,2.248727174
512070,4,2.248783387
512080,4,2.248838434
512090,4,2.248894599
512100,4,2.248949872
512110,4,2.249007112
512120,4,2.249061324
512130,4,2.249116297
512140,4,2.249170743
512150,4,2.249226315
512160,4,2.249281845
512170,4,2.249336884
512180,4,2.249393302
512190,4,2.249449005
512200,4,2.249503056
512210,4,2.249559756
512220,4,2.249612631
512230,4,2.249669178
512240,4,2.249724407
512250,4,2.249778056
512260,4,2.249832787
512270,4,2.249890656
512280,4,2.249946116
512290,4,2.25000196
512300,4,2.250055598
512310,4,2.250110425
512320,4,2.250166896
512330,4,2.250221341
512340,4,2.250276992
512350,4,2.250331735
512360,4,2.25038922
512370,4,2.250441741
512380,4,2.250497297
512390,4,2.250553214
512400,4,2.250610213
512410,4,2.250665355
512420,4,2.250718844
512430,4,2.250777187
512440,4,2.250828889
512450,4,2.250886631
512460,4,2.250940294
512470,4,2.250998199
512480,4,2.251050536
512490,4,2.251106561
512500,4,2.251161962
512510,4,2.251216644
512520,4,2.251273784
512530,4,2.251330488
512540,4,2.251383418
512550,4,2.251438295
512560,4,2.251495972
512570,4,2.251551239
512580,4,2.251605215
512590,4,2.251658089
512600,4,2.251715389
512610,4,2.25177266
512620,4,2.251826219
512630,4,2.251883991
512640,4,2.251937137
512650,4,2.251993149
512660,4,2.252047019
512670,4,2.252103978
512680,4,2.252158859
512690,4,2.25221287
512700,4,2.252269887
512710,4,2.252325798
512720,4,2.25237885
512730,4,2.252434782
512740,4,2.252490672
512750,4,2.252547328
512760,4,2.252602384
512770,4,2.25265719
512780,4,2.252713681
512790,4,2.252767902
512800,4,2.252823997
512810,4,2.252876891
512820,4,2.252934302
512830,4,2.252989209
512840,4,2.253045588
512850,4,2.253101674
512860,4,2.25315601
512870,4,2.253210849
512880,4,2.253266561
512890,4,2.253320018
512900,4,2.253378634
512910,4,2.253434557
512920,4,2.253489487
512930,4,2.253542572
512940,4,2.253599221
512950,4,2.253653996
512960,4,2.253710791
512970,4,2.253764515
512980,4,2.253818682
512990,4,2.253875406
513000,4,2.253932134
513010,4,2.253986448
513020,4,2.254040699
513030,4,2.254098874
513040,4,2.254152134
513050,4,2.254207976
513060,4,2.254264045
513070,4,2.254318739
513080,4,2.254373388
513090,4,2.254428964
513100,4,2.254483441
513110,4,2.254540266
513120,4,2.254596866
513130,4,2.254650641
513140,4,2.254706131
513150,4,2.254761594
513160,4,2.25481639
513170,4,2.254871804
513180,4,2.254929126
513190,4,2.254984188
513200,4,2.255038792
513210,4,2.255095269
513220,4,2.255149424
513230,4,2.255204281
513240,4,2.255259851
513250,4,2.255314641
513260,4,2.25537252
513270,4,2.255425107
513280,4,2.255482394
513290,4,2.255537164
513300,4,2.25559221
513310,4,2.255648314
513320,4,2.255704111
513330,4,2.255759719
513340,4,2.255813168
513350,4,2.255868759
513360,4,2.255925375
513370,4,2.255979178
513380,4,2.256036112
513390,4,2.256091148
513400,4,2.256145687
513410,4,2.256202978
513420,4,2.256255578
513430,4,2.25631325
513440,4,2.256366345
513450,4,2.256424291
513460,4,2.256476911
513470,4,2.256533536
513480,4,2.256590518
513490,4,2.25664424
513500,4,2.256699638
513510,4,2.256755806
513520,4,2.256809711
513530,4,2.256866281
513540,4,2.256921305
513550,4,2.256976278
513560,4,2.257031188
513570,4,2.257086952
513580,4,2.25714032
513590,4,2.257198962
513600,4,2.257253447
513610,4,2.257307033
513620,4,2.257363872
513630,4,2.257417913
513640,4,2.257473718
513650,4,2.25752825
513660,4,2.257583805
513670,4,2.257639488
513680,4,2.257695131
513690,4,2.257750294
513700,4,2.257805532
513710,4,2.257861375
513720,4,2.25791503
513730,4,2.25797301
513740,4,2.258027238
513750,4,2.258081958
513760,4,2.258139912
513770,4,2.258195393
513780,4,2.258249145
513790,4,2.258304476
513800,4,2.258359848
513810,4,2.258413681
513820,4,2.258471201
513830,4,2.258524021
513840,4,2.258579421
513850,4,2.258635613
513860,4,2.258690374
513870,4,2.258744765
513880,4,2.258801249
513890,4,2.258856367
513900,4,2.258911616
513910,4,2.258966235
513920,4,2.259021078
513930,4,2.259076384
513940,4,2.259131534
513950,4,2.259186594
513960,4,2.259243233
513970,4,2.259298639
513980,4,2.259353141
513990,4,2.259408776
514000,4,2.259461304
514010,4,2.259519085
514020,4,2.259575356
514030,4,2.259630455
514040,4,2.259683359
514050,4,2.259741276
514060,4,2.259793424
514070,4,2.259851327
514080,4,2.259904842
514090,4,2.259961688
514100,4,2.260015643
514110,4,2.260070585
514120,4,2.260125397
514130,4,2.260180378
514140,4,2.260234532
514150,4,2.260290352
514160,4,2.260345508
514170,4,2.260402911
514180,4,2.260457094
514190,4,2.260512368
514200,4,2.260566807
514210,4,2.260622032
514220,4,2.26067812
514230,4,2.260734493
514240,4,2.2607867
514250,4,2.260844224
514260,4,2.260896812
514270,4,2.26095394
514280,4,2.261009086
514290,4,2.261063809
514300,4,2.26111863
514310,4,2.26117559
514320,4,2.261227859
514330,4,2.261283895
514340,4,2.261336699
514350,4,2.261393463
514360,4,2.261448787
514370,4,2.261503674
514380,4,2.261560514
514390,4,2.261614963
514400,4,2.26166779
514410,4,2.261724476
514420,4,2.261779614
514430,4,2.261834642
514440,4,2.26188874
514450,4,2.261945136
514460,4,2.262002
514470,4,2.262054416
514480,4,2.262108787
514490,4,2.262163031
514500,4,2.262220783
514510,4,2.262273608
514520,4,2.262329288
514530,4,2.262385647
514540,4,2.262441298
514550,4,2.262495106
514560,4,2.262548257
514570,4,2.262604677
514580,4,2.26265905
514590,4,2.262713883
514600,4,2.262768361
514610,4,2.262823631
514620,4,2.262880909
514630,4,2.262934678
514640,4,2.262988539
514650,4,2.263044613
514660,4,2.263099098
514670,4,2.263155416
514680,4,2.263207753
514690,4,2.263266243
514700,4,2.263317981
514710,4,2.263371699
514720,4,2.263427648
514730,4,2.263483339
514740,4,2.263536163
514750,4,2.263592331
514760,4,2.263648725
514770,4,2.263703327
514780,4,2.263757786
514790,4,2.263813611
514800,4,2.263868818
514810,4,2.263923784
514820,4,2.263978539
514830,4,2.26403295
514840,4,2.264087227
514850,4,2.264142249
514860,4,2.26419738
514870,4,2.264251162
514880,4,2.264307921
514890,4,2.264359941
514900,4,2.264416394
514910,4,2.264469078
514920,4,2.26452826
514930,4,2.264579644
514940,4,2.264634879
514950,4,2.2646907
514960,4,2.264746293
514970,4,2.264800604
514980,4,2.264856412
514990,4,2.26490906
515000,4,2.264963792
515010,4,2.265021013
515020,4,2.265072657
515030,4,2.265127991
515040,4,2.265182237
515050,4,2.265237756
515060,4,2.265291243
515070,4,2.265347675
515080,4,2.265402276
515090,4,2.265454413
515100,4,2.265512228
515110,4,2.265564218
515120,4,2.265618304
515130,4,2.265673245
515140,4,2.265730139
515150,4,2.265781922
515160,4,2.26583939
515170,4,2.265893205
515180,4,2.265947145
515190,4,2.266003467
515200,4,2.266058702
515210,4,2.266111823
515220,4,2.266167327
515230,4,2.266222515
515240,4,2.266273106
515250,4,2.266331698
515260,4,2.266387222
515270,4,2.26644021
515280,4,2.266494274
515290,4,2.266548146
515300,4,2.266602669
515310,4,2.266657105
515320,4,2.26671209
515330,4,2.266764916
515340,4,2.266821694
515350,4,2.26687482
515360,4,2.266928848
515370,4,2.266984941
515380,4,2.267038586
515390,4,2.26709316
515400,4,2.267148308
515410,4,2.267202777
515420,4,2.267256423
515430,4,2.267311485
515440,4,2.267365615
515450,4,2.267421167
515460,4,2.26747361
515470,4,2.267530476
515480,4,2.267583002
515490,4,2.26764024
515500,4,2.267691557
515510,4,2.267747677
515520,4,2.267801112
515530,4,2.267856252
515540,4,2.267910672
515550,4,2.267963796
515560,4,2.26801943
515570,4,2.268075425
515580,4,2.268125585
515590,4,2.268181194
515600,4,2.268235265
515610,4,2.268289225
515620,4,2.268345104
515630,4,2.268398373
515640,4,2.26845252
515650,4,2.268507486
515660,4,2.26856084
515670,4,2.268616809
515680,4,2.268670185
515690,4,2.268722525
515700,4,2.268776919
515710,4,2.268832409
515720,4,2.268887751
515730,4,2.268940379
515740,4,2.268994977
515750,4,2.269049885
515760,4,2.269102681
515770,4,2.269157246
515780,4,2.269210862
515790,4,2.269265728
515800,4,2.269320773
515810,4,2.269376396
515820,4,2.269429511
515830,4,2.269483934
515840,4,2.269536954
515850,4,2.26959033
515860,4,2.269645634
515870,4,2.269697278
515880,4,2.269753528
515890,4,2.269808473
515900,4,2.269861188
515910,4,2.269916042
515920,4,2.269968416
515930,4,2.270022327
515940,4,2.270077152
515950,4,2.270131228
515960,4,2.270185556
515970,4,2.270237889
515980,4,2.270293661
515990,4,2.270348663
516000,4,2.270401678
516010,4,2.270454621
516020,4,2.270509517
516030,4,2.270563997
516040,4,2.270617045
516050,4,2.270671644
516060,4,2.270723973
516070,4,2.270779487
516080,4,2.270831127
516090,4,2.270884146
516100,4,2.270937963
516110,4,2.270993624
516120,4,2.271048054
516130,4,2.271101613
516140,4,2.271157333
516150,4,2.271208215
516160,4,2.27126263
516170,4,2.27131664
516180,4,2.271371013
516190,4,2.27142414
516200,4,2.271477032
516210,4,2.27153394
516220,4,2.271585878
516230,4,2.271638228
516240,4,2.271695191
516250,4,2.271747648
516260,4,2.27180044
516270,4,2.271854889
516280,4,2.271906858
516290,4,2.271961901
516300,4,2.272015959
516310,4,2.272070194
516320,4,2.272123093
516330,4,2.272176449
516340,4,2.272229528
516350,4,2.272284896
516360,4,2.272339328
516370,4,2.272392067
516380,4,2.272445364
516390,4,2.272499556
516400,4,2.272552473
516410,4,2.272606591
516420,4,2.272656727
516430,4,2.272711714
516440,4,2.272766895
516450,4,2.272818417
516460,4,2.272872722
516470,4,2.272927634
516480,4,2.272977767
516490,4,2.273034005
516500,4,2.273086126
516510,4,2.273140432
516520,4,2.2731936
516530,4,2.273246645
516540,4,2.273300889
516550,4,2.273355164
516560,4,2.273406953
516570,4,2.273461845
516580,4,2.273514353
516590,4,2.273568095
516600,4,2.273619562
516610,4,2.273673933
516620,4,2.273727449
516630,4,2.27377986
516640,4,2.273835402
516650,4,2.273886844
516660,4,2.273940604
516670,4,2.273993188
516680,4,2.274047714
516690,4,2.274099266
516700,4,2.274152885
516710,4,2.274207644
516720,4,2.274259967
516730,4,2.274312955
516740,4,2.274365335
516750,4,2.27441919
516760,4,2.27447227
516770,4,2.274526632
516780,4,2.274578149
516790,4,2.274633269
516800,4,2.274686871
516810,4,2.274738748
516820,4,2.274791954
516830,4,2.27484624
516840,4,2.27489763
516850,4,2.274949704
516860,4,2.275004835
516870,4,2.275056271
516880,4,2.275109777
516890,4,2.275163457
516900,4,2.27521465
516910,4,2.275267769
516920,4,2.275320304
516930,4,2.275374431
516940,4,2.275426231
516950,4,2.275480816
516960,4,2.275532925
516970,4,2.275586361
516980,4,2.27563872
516990,4,2.275692799
517000,4,2.275745071
517010,4,2.275799976
517020,4,2.275852514
517030,4,2.275901508
517040,4,2.275956364
517050,4,2.276008522
517060,4,2.276060968
517070,4,2.276114214
517080,4,2.276169225
517090,4,2.276218463
517100,4,2.276271962
517110,4,2.276327311
517120,4,2.276378604
517130,4,2.276430266
517140,4,2.276483826
517150,4,2.276538703
517160,4,2.276589964
517170,4,2.276642084
517180,4,2.276694001
517190,4,2.276746453
517200,4,2.276800626
517210,4,2.276851789
517220,4,2.276906609
517230,4,2.276958418
517240,4,2.277012384
517250,4,2.277064151
517260,4,2.277115008
517270,4,2.277167935
517280,4,2.277219687
517290,4,2.277273012
517300,4,2.277325915
517310,4,2.277377164
517320,4,2.277430126
517330,4,2.277482781
517340,4,2.277535965
517350,4,2.277586903
517360,4,2.277639428
517370,4,2.27769174
517380,4,2.277744365
517390,4,2.277798182
517400,4,2.277849647
517410,4,2.277901463
517420,4,2.277956366
517430,4,2.278006932
517440,4,2.278059667
517450,4,2.278111078
517460,4,2.278161257
517470,4,2.278215726
517480,4,2.278267801
517490,4,2.278321116
517500,4,2.278373127
517510,4,2.278425191
517520,4,2.278475594
517530,4,2.278528341
517540,4,2.278580689
517550,4,2.27863244
517560,4,2.278685949
517570,4,2.27873825
517580,4,2.278789048
517590,4,2.278840115
517600,4,2.278894662
517610,4,2.278945905
517620,4,2.278996723
517630,4,2.279049185
517640,4,2.279103843
517650,4,2.27915263
517660,4,2.279205947
517670,4,2.279257639
517680,4,2.279308699
517690,4,2.279362091
517700,4,2.279414695
517710,4,2.279464102
517720,4,2.279517582
517730,4,2.279569966
517740,4,2.279622142
517750,4,2.279671722
517760,4,2.279724669
517770,4,2.279775541
517780,4,2.279829027
517790,4,2.279879873
517800,4,2.279933353
517810,4,2.279983788
517820,4,2.280035458
517830,4,2.280088045
517840,4,2.280139294
517850,4,2.280191814
517860,4,2.280240639
517870,4,2.280294431
517880,4,2.280346096
517890,4,2.280397623
517900,4,2.280450128
517910,4,2.280499368
517920,4,2.280550603
517930,4,2.280602964
517940,4,2.280654771
517950,4,2.280707311
517960,4,2.28076049
517970,4,2.280811256
517980,4,2.280862701
517990,4,2.280911672
518000,4,2.280965006
518010,4,2.281015917
518020,4,2.281067263
518030,4,2.281119594
518040,4,2.281171457
518050,4,2.281221775
518060,4,2.281275024
518070,4,2.281325578
518080,4,2.281377025
518090,4,2.281427786
518100,4,2.281478509
518110,4,2.281529618
518120,4,2.281581119
518130,4,2.28163541
518140,4,2.28168265
518150,4,2.281734701
518160,4,2.281785011
518170,4,2.281838465
518180,4,2.281888897
518190,4,2.281940457
518200,4,2.281991138
518210,4,2.282042665
518220,4,2.282093402
518230,4,2.282145195
518240,4,2.282197332
518250,4,2.282246819
518260,4,2.282299185
518270,4,2.282349734
518280,4,2.282398954
518290,4,2.282452637
518300,4,2.282501299
518310,4,2.282553202
518320,4,2.282602655
518330,4,2.282654639
518340,4,2.282706198
518350,4,2.28275765
518360,4,2.282811056
518370,4,2.282858509
518380,4,2.282911772
518390,4,2.282961894
