deltaVLTM_mps,deltaVLCM_mps,totalDV_mps,R_LCM_km,V_LCM_kmps,R_30d_km,V_30d_kmps
1096.75256822403,18.1843870389108,1114.93695526294,20759.5339670745,0.0104844286612754,0.230191680834142,0.00825222409757017
1098.81004854794,11.7506720821494,1110.56072063009,16974.1537377654,0.00605182513269266,0.176465260463525,0.00682723917343286
1110.98961228136,29.6983709528181,1140.68798323418,27656.3988637729,0.0201185782990366,0.494796194934724,0.0111299083770707
1100.00438258421,14.8588733655931,1114.8632559498,18983.6793312129,0.00823873190858969,0.217949218186422,0.00763147115953203
1099.26015036016,15.8522506650898,1115.11240102525,19627.125149097,0.00887212769725052,0.225989994475829,0.00787640529261988
1095.54496337221,13.1201438716414,1108.66510724386,17241.6467910192,0.00759314510584963,0.176529879631227,0.00691637528324051
1097.365747664,16.372981269027,1113.73872893303,19835.6640472294,0.00910001314321259,0.21568258304926,0.00791573116723164
1108.55564577577,32.5256041436699,1141.08124991943,29635.718596387,0.0221398990469327,0.555768350134826,0.0119312237802738
1092.38119979073,13.3533238655642,1105.7345236563,16973.8442397388,0.00782458577775717,0.157059544182091,0.00674467219126833
1102.00008204132,14.7257534820553,1116.72583552338,18201.0477700685,0.00891776013598892,0.214473414240892,0.00732671886888135
1100.04599333473,15.5467113325686,1115.5927046673,19462.5117794222,0.00865712312571506,0.225030839876818,0.00781750804080373
1093.42271198911,15.2468907671287,1108.66960275624,16477.6360098445,0.0108979375811441,0.173031077591907,0.00663034156654903
1094.65906014358,10.4366142316999,1105.09567437528,16025.5683735614,0.00484596112849181,0.141169300108832,0.00639232736316535
1100.96270500009,16.5713893536559,1117.53409435375,20094.9641764934,0.00945988929510407,0.240927030415188,0.00807419138465003
1087.11288810852,22.8541004313538,1109.96698853987,21281.4252149898,0.0149904012035787,0.274290147503826,0.00822005101708796
1098.76915996572,18.1383037167307,1116.90746368245,20924.1464586606,0.0104431742560904,0.238649146250137,0.00835132437107537
1095.39694104642,15.8111589655448,1111.20810001197,17389.5924935084,0.0108970036913055,0.194869970591645,0.00700268758112948
1096.97477066458,19.003004757068,1115.97777542165,21144.7010914184,0.011557584599901,0.256390538241875,0.00846144018801321
1088.1172389904,10.8943502147426,1099.01158920514,13592.4400394457,0.00742310408182167,0.111234364027722,0.00525930541563967
1102.29321071968,12.9015962131145,1115.1948069328,16521.1789244331,0.00809928769722245,0.177732078223289,0.00664027304837832
1102.18112815245,17.5807030929456,1119.76183124539,20580.6371817346,0.0104493826796347,0.262323348655011,0.00828157086584566
1095.18890956043,20.8876829902053,1116.07659255064,22080.2167709459,0.0126424473302527,0.258636806252092,0.0087328133501768
1093.79123632111,4.02137830859517,1097.8126146297,10912.5717936089,0.00425294111993713,0.0722856109428221,0.00438667227058314
1095.3638812018,13.5989895401518,1108.96287074195,17970.8169843964,0.00713046528648895,0.176468861330777,0.00716264363593487
1098.33625653575,11.3885444823591,1109.72480101811,16816.224478765,0.00565871942074564,0.170678022501032,0.00675933477733339
1092.85911541527,10.3073311421975,1103.16644655747,15214.5751720889,0.00519248057268554,0.123308204352686,0.00599223236440757
1105.57492567686,23.6386621998725,1129.21358787673,24338.0762763311,0.0150422582431759,0.357515263746592,0.00978629952110942
1099.12825810796,10.0527425748547,1109.18100068281,15860.094206985,0.00482848332099446,0.147463065972144,0.00637078088297864
1096.8497159513,20.6193449217584,1117.46906087306,21414.3414203089,0.0135354004804283,0.282581797533391,0.00860503904741533
1091.00793881298,8.11934951350247,1099.12728832648,13231.4557936518,0.00522376495848163,0.0944626797071376,0.00524775807072527
1108.25523165363,26.2713096121253,1134.52654126575,25818.6121529548,0.0172641623322386,0.419169854354732,0.0103930009931582
1093.48358892461,23.7244731524315,1117.20806207704,23449.2603355908,0.0151252106499581,0.294267010858047,0.00927163806354793
1103.64343698546,23.9064768535652,1127.54991383902,24202.211816153,0.0155530870958244,0.370946736158791,0.00974380191109837
1095.15394227838,23.5075630303951,1118.66150530878,23279.1242571549,0.0154331095662266,0.311269952503096,0.00930294686458247
1101.83953336494,21.8118953531443,1123.65142871808,23206.7711447004,0.013612836030151,0.324483537814616,0.00932535827465121
1092.53562487893,14.5115348633126,1107.04715974224,17674.678837316,0.00809853924834325,0.169245113463925,0.00693799611571788
1098.11392050126,9.8339508329956,1107.94787133425,15702.3700948354,0.00456574441285043,0.138874118497758,0.00629289952884391
1091.09100768563,18.7751339801198,1109.86614166575,18895.164454329,0.011898585722671,0.225512978949442,0.00730445853045833
1103.03525133268,17.50230755925,1120.53755889193,17501.2007795846,0.0124443595661791,0.19398167208527,0.00698635254100477
1097.85477143482,20.8665408322331,1118.72131226706,19342.1117403597,0.0151722963918939,0.24718267752683,0.00778363036290807
1103.28705823866,19.2530172193695,1122.54007545803,20694.8731219819,0.0124917852615106,0.280076221002505,0.00832891291345498
1101.37255727703,18.2766182497515,1119.64917552678,20473.2017192231,0.0114791141940601,0.268963226816602,0.00824468862727972
1095.0066218811,3.48825467715702,1098.49487655826,12034.026224605,0.0016574466601621,0.0846053033003382,0.00483014556468149
1102.67856014136,20.3791456345765,1123.05770577594,22135.0305161843,0.0127583286391693,0.308276418336212,0.00891037414447858
1098.55728076217,9.55510325926529,1108.11238402144,14036.2310884446,0.00643330052696967,0.12856740996129,0.00564750980222651
1101.43643405396,11.0675910529141,1112.50402510688,15651.637969763,0.0066696358746447,0.15340978273257,0.00629920319676924
1092.60200290744,15.8317748337697,1108.43377774121,18659.0532496509,0.00916423625582891,0.185615638466854,0.00737142722367735
1090.5157194363,28.0714212327425,1118.58714066904,24416.395704306,0.0185408553585359,0.398748696891054,0.00938802164882695
1095.0276958659,11.5565062159043,1106.5842020818,16758.770286477,0.00552725387373507,0.1526846622896,0.0066776772171359
1092.27944211908,21.079734096023,1113.3591762151,21581.3236188892,0.0129844796352797,0.253947439346904,0.00845987061199575
1092.22082487392,17.5337144243617,1109.75453929828,19537.6490262586,0.0105969521792608,0.20420033054309,0.00772080433298183
1096.18147723432,14.4645603384291,1110.64603757275,18375.2375899814,0.00816994153485695,0.195480197745626,0.00736012051395622
1102.97118800698,23.1952120273387,1126.16640003432,23749.3668191407,0.0150124993141409,0.356280147857001,0.0095607174967391
1099.54592164659,14.3827949786539,1113.92871662524,18736.97713477,0.0077845101700069,0.209217187403308,0.00752709891343014
1110.17903553173,29.1427412584644,1139.32177679019,26593.8443692413,0.0200239064118292,0.422702891212661,0.0106938084158981
1097.22080354348,17.1329852847493,1114.35378882823,20256.6706644852,0.00969876344634917,0.223990087272452,0.00807826525182515
1093.27537515089,21.2119305408457,1114.48730569174,21946.8324642167,0.0130915776045314,0.256992940154869,0.008656518097237
1095.47390910082,10.5373452697038,1106.01125437053,14594.0671945143,0.00654504368467803,0.110844774861887,0.00579088329952145
1097.41969358561,20.4629339358228,1117.88262752143,18963.6427724521,0.0149576380767454,0.237653338612532,0.00763187680556468
1089.59540352436,5.53101157523292,1095.12641509959,8130.15387590205,0.00721363542564473,0.0351243481295642,0.00321542411843648
1097.12418985212,13.315822367011,1110.44001221913,16655.9770586658,0.0085481313163287,0.178301549826805,0.00670793190857553
1093.95400244258,18.2010078834731,1112.15501032605,19984.25180386,0.0107267466482789,0.215843198933208,0.00784931148153524
1102.37279335703,14.1562820168779,1116.52907537391,16424.559015185,0.00969456881299795,0.164869329254317,0.00660825722479672
1090.06871604387,23.6256049971128,1113.69432104098,22025.827755796,0.0151712532850616,0.31108285420405,0.00849258081831063
1101.04343139916,17.7497962079601,1118.79322760712,20798.9918635597,0.0102738030711438,0.248225026268786,0.0083408351715328
1098.46024235878,20.463359597671,1118.92360195645,22311.3782458287,0.0123411445809135,0.277013958561166,0.00891352243811866
1106.72615381647,18.6119667368031,1125.33812055327,20283.7373295471,0.0120202351028876,0.264978173996396,0.0081569189944761
1091.08565428091,14.6175079791918,1105.7031622601,16409.2027150278,0.0100864360742242,0.156777969507457,0.00655662298665247
1090.79955662163,18.4998669814439,1109.29942360308,19727.1039929828,0.0115273134181503,0.209028606574262,0.00776373878406473
1092.859551364,18.4518068716439,1111.31135823564,20249.5903043348,0.0111030860581024,0.218791988049951,0.00799857134146837
1102.03353948013,15.1544536228712,1117.187993103,16306.6289911305,0.0108817310183487,0.160149373659201,0.0065591289444719
1088.33613994441,19.7510827675745,1108.08722271198,19678.2454731569,0.012982145749076,0.210916620638371,0.00770701993304591
1098.1176605906,15.2097111206349,1113.32737171123,19210.2149561477,0.00817746324927919,0.204142130740265,0.00767810884229318
1092.93322655764,21.980352004474,1114.91357856211,21720.8753921893,0.0147322214744695,0.272678060440703,0.00867611368216461
1107.61156662985,24.9983866492496,1132.6099532791,23064.8143161698,0.0173844232102734,0.34246669007754,0.00922893523310369
1096.2047803674,10.9600476375864,1107.16482800499,14091.2129820665,0.0076479969545649,0.103783580169218,0.00561063155319676
1095.43982681467,9.02302137770074,1104.46284819237,15210.5369339288,0.0040489905845579,0.133738140026229,0.00609545511433047
1092.5969808874,25.4960865886633,1118.09306747607,24318.9211183565,0.016426770710714,0.317516635567245,0.00956793913732518
1103.78249905404,15.3474535417853,1119.12995259583,15228.4367501887,0.0114379104244101,0.140787970944288,0.00603352295601819
1103.78801788239,18.6673352642764,1122.45535314666,21216.142856728,0.0113216386337042,0.279710309454963,0.00853864344230809
1101.02005889221,30.2406987406151,1131.26075763282,28175.324094423,0.0200904609476128,0.454708269383403,0.0112771254818939
1086.94216787126,23.2591793007134,1110.20134717197,21275.28588936,0.0160013543389837,0.245458248288538,0.00834913190770118
1097.946911767,10.978877545391,1108.92578931239,16448.7909716682,0.00554192205256455,0.164885368525509,0.00661392685568364
1100.1433918762,17.1685404352367,1117.31193231144,20418.5315202495,0.00994470399051155,0.248029839964764,0.00820060039863831
1093.31362319338,13.2798285487965,1106.59345174217,16760.2033318671,0.00739871628723028,0.152056489317221,0.0065819012963447
1093.02529448876,33.9567546668127,1126.98204915558,29350.5462892269,0.0228131608273057,0.466812648127293,0.0115171693660719
1096.04792482616,21.1015822444279,1117.14950707059,22381.8068930755,0.0128960174193289,0.270468273938571,0.00889773748161037
1110.73713085575,26.1271768339958,1136.86430768975,24544.3943949401,0.0178364146927952,0.391490595857927,0.00983827905213014
1095.41757205982,12.7501972581203,1108.16776931794,17028.9116926268,0.007306387742349,0.171595626931179,0.00682958733335098
1092.08832050742,9.05636352690683,1101.14468403432,14457.3401750028,0.004827998203997,0.112365162034,0.00573686715001721
1088.47857170035,12.6475790633899,1101.12615076374,10032.503370363,0.0118028568431601,0.0642953929597529,0.00403343035370998
1104.86761139015,21.0384039020742,1125.90601529223,22634.1082388033,0.0131926379982589,0.321742839256376,0.00911123147150194
1096.61882035318,8.96919365745484,1105.58801401063,15028.8769545192,0.00400137114440714,0.122242271306297,0.00600232974985722
1101.51518451802,23.4050455511836,1124.92023006921,24236.9955096065,0.0146862778034756,0.340284498226942,0.00971765623386382
1099.71933814063,17.5970659433319,1117.31640408396,20452.8043799884,0.0101765854170688,0.227335881513027,0.00816890505696282
1098.5009088662,13.3101339030783,1111.81104276928,18099.1132361061,0.00687314875718259,0.191338708346232,0.00726228966421804
1101.66223904134,15.6683176302575,1117.33055667159,19336.0385644445,0.00893661461854122,0.21892663563086,0.00776623517159207
1103.84646670135,17.6502998599805,1121.49676656133,20440.6399016538,0.0106421087082159,0.254430852560834,0.00822282765632061
1097.82017418146,12.2836990058422,1110.1038731873,17011.0471139083,0.00636834603162644,0.156026221865289,0.00679147804873589
1096.93543435892,13.998069892627,1110.93350425154,16963.211632959,0.00911072381054041,0.185055876173699,0.00683164615067393
1103.53962152977,18.1821111053791,1121.72173263515,20895.9602001798,0.0109753317976576,0.272578497361397,0.00841062915512794
1101.78557624377,14.9345082825159,1116.72008452629,17481.1714712256,0.00973966101216631,0.200089430023464,0.00702627648805281
1096.13893769699,17.27685819601,1113.415795893,19943.3997279345,0.0104039658295768,0.229859689599813,0.00798373028893824
1104.98596747769,22.2594364109177,1127.24540388861,23438.1721537639,0.0140822119753698,0.342694808145929,0.00943350155256663
1100.75315947214,9.57834431349343,1110.33150378563,14162.5779867431,0.00632224836527633,0.129877276780424,0.00569264512315925
1097.82009321663,15.4603753551649,1113.28046857179,19338.0417447089,0.00836834265479566,0.205831558690307,0.00772411931569255
1100.21765970714,18.089765395806,1118.30742510294,21024.0359648911,0.0104731131121858,0.250976062319648,0.00842244038313605
1091.57949044238,13.6505703565326,1105.23006079891,17057.2696218087,0.00767042641941835,0.156661335082232,0.00670265997197849
1096.7287410772,12.7363301266935,1109.46507120389,17370.5563559011,0.0064530170427616,0.160378122621364,0.00691484019546485
1091.12595883578,21.3521250718425,1112.47808390762,20734.1371613761,0.0135266947178988,0.268459017504898,0.00801928901000233
1096.73346155656,9.69672744745025,1106.43018900401,14212.4855592808,0.00646580585993196,0.130659778524823,0.0057242513879544
1091.63478954831,9.36110091366923,1100.99589046198,14499.8462593272,0.00485339354757407,0.112252886266286,0.00570943214535822
1094.64867381368,14.3334694386104,1108.98214325229,18107.9378147105,0.00812580558969241,0.183456017993856,0.00722808709389139
1096.48870568386,15.1602034259689,1111.64890910983,19023.4030867561,0.00828412353671227,0.200472838702258,0.00759561248291815
1092.14046289228,19.464944879554,1111.60540777183,20523.2197643262,0.0117771381128229,0.232406779763638,0.00803160090560947
1091.53730124935,22.4875531999086,1114.02485444925,22146.564969729,0.0147221064728601,0.266239672419086,0.00877178325092984
1096.29347870986,10.9327675149312,1107.22624622479,14206.9401252467,0.00751879426018248,0.105609783601524,0.00565756908665672
1102.41257849721,19.9371580800916,1122.3497365773,21372.2286675741,0.012830566597294,0.295834355678981,0.00860689222233109
1105.51069760736,23.4873781349343,1128.99807574229,24054.8982960036,0.0149991986275659,0.339147242128663,0.00966247600355409
1099.71037841691,20.0735068164352,1119.78388523334,21790.0889732448,0.012592048376789,0.291631459027476,0.00876075920731782
1101.91141448881,22.3078575239823,1124.21927201279,23486.3708263934,0.0140216963166142,0.333272793575679,0.0094385897076731
1098.52651165191,13.2294992022863,1111.7560108542,17868.5285780573,0.00712880088308112,0.193260510778236,0.00718203216292542
1094.89384908513,11.7301662970497,1106.62401538218,13178.662649272,0.00938737159606768,0.114454198657632,0.00530632176165646
1102.51748622349,24.7490032418879,1127.26648946538,24093.7700744333,0.0166526721276714,0.376902518985014,0.00970448265712402
1103.49737215005,18.3218132840807,1121.81918543413,20188.3556874187,0.011610746424412,0.23683748293984,0.00810908692242532
1095.55216696982,20.0812287899924,1115.63339575981,21198.6741653615,0.0129376434182376,0.265400158685459,0.00849349559024917
1096.97878212923,5.97802138685984,1102.95680351609,13083.4865221528,0.0029809121476991,0.0984998834679177,0.00525143924160418
1095.78054323197,9.85857165688601,1105.63911488885,14974.7319488407,0.00582086355383894,0.139115056028622,0.00602352450384362
1099.32315181431,11.4532270493416,1110.77637886366,16911.9180901583,0.00556505231656417,0.168007295509753,0.00679229412758151
1103.81487083863,22.6947216205148,1126.50959245914,23734.9391350091,0.0143718003876847,0.347827246423387,0.00954918843574715
1096.17856443481,12.3500772334392,1108.52864166825,16773.2349795781,0.0065048551933668,0.147633366706497,0.00666092705511572
1093.96173307737,16.5160280938452,1110.47776117121,17623.7602668719,0.011509868992993,0.196804302496633,0.00708956824014394
1097.02247741412,8.33489336586025,1105.35737077998,15065.0107745534,0.00312291708200766,0.133106683553801,0.00604755706119034
1098.68935310063,16.802883662634,1115.49223676326,20180.271616523,0.00955160472877532,0.233601035719826,0.0080851254582994
1103.06915621733,17.5709335968613,1120.64008981419,19064.3407449358,0.0115866903471025,0.211280560051801,0.00765891385749437
1095.93488352417,9.32444442051224,1105.25932794468,15624.3408501441,0.0036261424146869,0.13519852662266,0.00624486053740611
1093.29112678889,4.71330945655592,1098.00443624545,12448.5553688159,0.0017807954346178,0.0827191890290389,0.00495236059983502
1099.08580211703,13.2827501663492,1112.36855228338,18061.0080525035,0.00694415302936914,0.194325177395576,0.00725544087775998
1093.77069208377,14.1835989646917,1107.95429104847,17988.2686003169,0.0076757531872658,0.172096365426324,0.00712505017948358
1097.139809085,22.918828262737,1120.05863734774,23527.2089600323,0.0141441465231562,0.294315727010867,0.0093350398276752
1104.22123480007,17.9033017065525,1122.12453650662,20328.3430927184,0.0110529230911844,0.249754899782875,0.0081764091684268
1105.75881623882,32.9430880990749,1138.7019043379,29672.0583477462,0.0225870046980833,0.556345967221239,0.0119441433837738
1093.84503748573,9.77079395459391,1103.61583144033,15445.0806817355,0.0043132758130941,0.126406737179259,0.00612603254708882
1103.48670048064,18.6822452505526,1122.1689457312,21283.9766771563,0.0112516091099104,0.276992374443636,0.00856211066546588
1103.13099530368,20.5581403195557,1123.68913562324,21023.931105819,0.0137815139496958,0.290507496103822,0.00845652672066043
1097.45111317263,12.957746450259,1110.40885962288,16486.2788676897,0.00826235623714366,0.175150223432712,0.00663998562082861
1096.17630181879,15.7282637755331,1111.90456559433,18945.0267936277,0.00935981837216289,0.211480345036126,0.00759540008636113
1104.15366976,22.7017370544052,1126.8554068144,23300.4377456366,0.0147632067116236,0.349636777226634,0.00938294631952044
1095.46890335166,16.7938319311233,1112.26273528278,19428.9953957385,0.0102599799531943,0.220012398292609,0.00778033949345877
1105.64513291604,19.5001701791568,1125.1453030952,20144.067500899,0.0130683763143098,0.26384196331701,0.00807603148252438
1101.98939991611,23.0853577295941,1125.07475764571,23499.0948831502,0.0150633211094306,0.350275063298636,0.00946059244027621
1090.73251296945,10.0230100383111,1100.75552300776,13966.1593675753,0.00676546536317267,0.107535957101036,0.0055525553823671
1104.40105556351,16.1649150767936,1120.56597064031,18571.6819193184,0.0103866784411058,0.214868691134221,0.00747361755850254
1097.44428391244,19.4212178888306,1116.86550180127,21507.944224613,0.011425190311466,0.24628609463394,0.00854872420679562
1093.82191144824,7.49396854203064,1101.31587999027,14125.8455023817,0.00274351068252987,0.105832711798228,0.00561073656582119
1105.38031208507,19.7165890479976,1125.09690113307,21474.7871794651,0.0124114158585414,0.281095332465356,0.0086394236555157
1096.86190543086,21.2853354991004,1118.14724092996,22596.81065585,0.0130338423336607,0.278752943394997,0.00900087146245306
1099.30326635751,18.9041320668421,1118.20739842435,20035.8115830704,0.0125797640312712,0.261521753034154,0.0080706540716092
1101.01358092654,18.762388703531,1119.77596963007,20928.5434901411,0.0113188422396763,0.23884561327019,0.00836705771436649
1092.18211786068,7.42760398922533,1099.60972184991,13037.129951779,0.00422072151540223,0.0909059449480991,0.0051293847557734
1096.79111017173,8.91799948235146,1105.70910965408,14199.3366567368,0.00518498642572797,0.108547022173998,0.0056732917861511
1101.62480355134,13.260166709575,1114.88497026092,17778.5283340271,0.00734597653692514,0.196596886683577,0.00715550797148858
1098.12643408794,17.8318615622888,1115.95829565023,20755.0495884805,0.0102897882868385,0.240801873187649,0.0082971421086838
1092.61549716271,19.0184876974356,1111.63398486015,20362.277041698,0.0119551789596706,0.226087874081712,0.00808439075361191
1093.81598298022,21.1987817345815,1115.0147647148,21514.0489233614,0.0139717735290699,0.268009055803115,0.00859947461186914
1101.07015716533,11.8086185517922,1112.87877571713,15395.8517799822,0.00776064780343151,0.154600592066958,0.00618385908181273
1106.89562522894,34.074220293235,1140.96984552218,30774.4756381413,0.0229710900545775,0.546435183827227,0.0123413593532675
1095.31990737479,7.99809350429314,1103.31800087908,14782.6132454197,0.00276187715581344,0.122215404249012,0.00591193160397576
1105.17578491092,20.6040894111222,1125.77987432205,21805.871454355,0.0133030055388823,0.309603852727835,0.00877520073017329
1095.20023610279,28.8614477855987,1124.06168388838,26203.1064402526,0.0187789148544338,0.381694452501339,0.0102524477604914
1097.83230752386,20.8773524886485,1118.70966001251,22112.7573628437,0.0132530238898376,0.291869392014826,0.00887236029384974
1097.30420469936,9.61805435752828,1106.92225905688,11278.9638830692,0.00860536840009986,0.0750388923661247,0.00453491591046599
1097.59099528515,15.4224952561124,1113.01349054126,18943.5609930784,0.00852485408078692,0.19013344337284,0.00753770213005966
1091.10487367792,17.9789000436522,1109.08377372157,19498.4920095025,0.0108696214949729,0.207743508512327,0.00763859131822722
1094.79969644882,14.7554196491028,1109.55511609792,17978.2419773836,0.00898825862503678,0.190416289689014,0.00720430156282265
1100.60937742695,16.0270692057615,1116.63644663271,19698.7117274492,0.00898375866808401,0.221977195826508,0.00789949683625539
1096.06283313636,13.8896732635927,1109.95250639996,17158.333911218,0.00808500495658759,0.153796304860426,0.00679368823673947
1093.84971405471,5.56845299021659,1099.41816704493,12635.5362116156,0.00322782672138178,0.0929701454987009,0.0050652995778697
1099.02488479728,12.2036323334902,1111.22851713077,17310.7909969001,0.00629477947550826,0.18226984650284,0.006960850558851
1103.92238417908,17.1015398943411,1121.02392407342,16666.0976238352,0.0124238203948766,0.170425983528191,0.00661829092370489
1090.42538577502,14.4662166722066,1104.89160244723,16488.0193355034,0.00972751946051727,0.151868835758918,0.00655840882850249
1098.31956822959,18.5376183357891,1116.85718656538,21183.8129838759,0.0108188963652349,0.249815228814524,0.00846573594081385
1094.90702070274,16.0418700903837,1110.94889079312,18937.911851113,0.00969238121059408,0.206521430809017,0.00757583883503508
1102.81546086814,15.0067513398192,1117.82221220796,18339.343145889,0.00914740730151782,0.217994441374742,0.00738017691415419
1104.97100060214,23.5673940570344,1128.53839465918,23001.8552125839,0.0159518246051373,0.347681162651782,0.00925042353461851
1099.23009274887,18.4370120798986,1117.66710482876,21135.6724999589,0.0109003640259693,0.259923848584984,0.0084747708594106
1097.3816158595,12.0499912147314,1109.43160707423,16727.4443244558,0.00679399758534727,0.173286152396517,0.00672888116541176
1098.27142052787,16.272278126861,1114.54369865473,18314.9592853861,0.0107454077420347,0.218227780804535,0.00737744391644736
1099.90509008108,14.9292484435683,1114.83433852464,19113.6663818638,0.00810581206862451,0.213553247109329,0.00767200069624471
1098.95380552892,15.1185256315677,1114.07233116049,18976.8037798507,0.00860854868130697,0.218636643894501,0.00762780690023092
1092.33035647071,22.1899741779894,1114.5203306487,22316.2649082483,0.014045604141319,0.26654561181322,0.00880351466697196
1097.77342933002,33.8438334456412,1131.61726277567,29192.3848591764,0.0226405075152126,0.466685844597528,0.0114478878072473
1106.87109974792,23.4434595153891,1130.31455926331,22229.8386331808,0.0161695471427679,0.319426244331826,0.00890115761774057
1099.50726927723,17.8723478299224,1117.37961710715,20585.5799661158,0.0107797744174908,0.258308054592222,0.00827484310102155
1090.67702050301,18.4772082915097,1109.15422879452,19474.7798251942,0.0119259685145173,0.205452528984998,0.00770708753869449
1098.30767219887,18.9352129906092,1117.24288518948,21145.2419028966,0.0111202747158989,0.237044102648133,0.00840946093275737
1092.54764136436,10.4422232393387,1102.9898646037,15307.2558412349,0.00580000854650558,0.128395500893894,0.00609179680594701
1103.24814247846,22.8758695679,1126.12401204636,22833.6864651792,0.0152953437839773,0.341336031688254,0.00919407307376989
1101.62165176443,24.67065216017,1126.2923039246,24112.4205599723,0.0159380703172855,0.306222262808227,0.00959820194494195
1096.11695386088,16.0291911871873,1112.14614504807,19429.9746703942,0.00909505177744399,0.210464729129304,0.00775866618304583
1098.06508851154,16.5453868936072,1114.61047540514,19918.4879175297,0.00920919168251056,0.214901804420198,0.0079445205371963
1095.46262657157,20.5682423530627,1116.03086892463,21496.2337179799,0.0124919683249827,0.247044470353162,0.00846044945217829
1094.41412555384,13.0423703581359,1107.45649591198,17221.0411932788,0.00677897196586595,0.156406594861644,0.00680663203057592
1100.25659611147,13.7991115094966,1114.05570762097,18236.8555388722,0.00758898966377057,0.205423618663058,0.00733777720261224
1097.25408694474,15.3317168436453,1112.58580378838,16716.360125496,0.0108173416746855,0.184134283659308,0.00673185002090934
1103.29571796766,22.3164538003646,1125.61217176803,22577.3136256255,0.0148118771061775,0.33316863104849,0.00909089669230137
1104.97911996601,19.8665203050743,1124.84564027108,20412.2143438312,0.0133306414216408,0.271940559111907,0.00819095569485026
1105.13270887185,16.0692416128478,1121.20195048469,17183.4258368406,0.0111057898772527,0.18810794603796,0.00686000031455717
1100.39022837282,12.942165429345,1113.33239380217,17791.1754061201,0.00682107853598478,0.192328198971034,0.00715529907489249
1104.93213343064,27.4722515471052,1132.40438497775,26761.7015410042,0.0178589244387044,0.417798604568674,0.010740215951864
1089.96866944015,15.9106591199715,1105.87932856012,16940.291999583,0.0110841717011685,0.16334266539855,0.00674825070655239
1095.22962091888,18.8918500508729,1114.12147096975,19687.7953030731,0.0127678183298154,0.243171943606091,0.007916673617752
1100.02548244498,20.2832334745907,1120.30871591957,22228.6573914126,0.01213186406364,0.270205069564967,0.00887763574489637
1103.7838487253,16.2664519822291,1120.05030070753,14521.9476673,0.0126272986603022,0.121218391551727,0.00570305346796831
1089.14335548171,17.6914631387214,1106.83481862043,18712.09597431,0.011243237838388,0.191233693141769,0.00732593690090915
1104.01093858662,17.5100579281254,1121.52099651474,20346.9353388752,0.0105626456960619,0.25499004783566,0.00818750090145162
1097.78072861312,15.6327797118979,1113.41350832502,18799.9551913308,0.00892690410290374,0.18599135936602,0.00747583257124956
1093.76740078304,11.9168971284966,1105.68429791154,16698.5662064148,0.00599449920626539,0.148974574692411,0.00662747723555847
1093.80576709245,5.4397233884432,1099.2454904809,12939.0438940192,0.00171382858573068,0.0891828377965844,0.0051484085332938
1103.30729981052,13.0226278234516,1116.32992763397,16347.8845616158,0.00843192466183407,0.17164058275113,0.00657339904124852
1098.30131222298,18.7396599233343,1117.04097214631,20777.2535972069,0.0117276424500948,0.264639628573947,0.00835110777679913
1097.18577708551,11.8366379957852,1109.02241508129,17035.0382957593,0.0059875852674114,0.171172285513631,0.00683673515066488
1097.7171545943,15.6541995831616,1113.37135417746,19264.9865275691,0.00896531167486306,0.218750872752492,0.00772869233506138
1097.25998648335,19.0295608172127,1116.28954730057,20818.1850993201,0.0113430034914837,0.22734508048383,0.00824364210902891
1097.98013854491,7.74083385779455,1105.7209724027,14100.5068905391,0.00405843911679693,0.125390640758572,0.00567686358464015
1094.33082532536,9.76686981551126,1104.09769514087,15504.7891511642,0.00422905709954786,0.12726240425384,0.00615418444414701
1095.17857538231,17.1026591788996,1112.28123456121,19923.3704160662,0.0097357199955547,0.211069655626045,0.00790031123370236
1096.01182468569,19.0953216843494,1115.10714637004,20849.9378761213,0.0113039456625899,0.229448201036319,0.00823467227977985
1104.58192177041,19.6000590957377,1124.18198086615,21080.7358752807,0.0126200541398483,0.289897848823819,0.00848222123455676
1088.71042974984,19.2295429666989,1107.93997271654,18599.019976342,0.0124595250003022,0.242356168100168,0.00711944688648006
1099.21149460795,18.8112923244087,1118.02278693236,21389.6513383285,0.0109765318207116,0.252687312219211,0.00854723733651998
1100.24417624967,13.6895221032483,1113.93369835292,17686.8801959897,0.00805629253622061,0.200374701036989,0.00712214879540207
1093.77358241251,15.9633479310761,1109.73693034359,18881.5000119846,0.00944153699394831,0.195972134844531,0.00751627489700314
1099.6915500441,30.2255493888428,1129.91709943295,26106.7183581039,0.021629710326853,0.449958406649396,0.0105182994632231
1094.86147551653,16.1583740608651,1111.01984957739,19290.2801790125,0.00931138504308143,0.204123104713851,0.00768385747924653
1088.77594205753,8.97086633093357,1097.74680838846,10933.1451160209,0.00762435228798545,0.0808647304754632,0.00420025351536236
1097.68707455522,16.7967840917327,1114.48385864696,20007.5289043189,0.00940455292577052,0.214835717302964,0.00796935973820229
1097.91593062692,20.9987045884865,1118.91463521541,20952.8774340736,0.013600666087061,0.22985885822609,0.00828188814225629
1098.91602975044,10.6117242777182,1109.52775402816,15840.3881259865,0.00562405083650023,0.142253568514406,0.00635301601861962
1096.50243636702,21.1825764833902,1117.68501285041,22183.7701668129,0.0134891087506035,0.28627788548877,0.00888155666944059
1099.28806633814,17.6388743911711,1116.92694072931,20645.9375982557,0.0100830109802714,0.234242057001971,0.00824978732923301
1108.22868253378,27.5358099939459,1135.76449252773,26569.7495803689,0.0182751013580426,0.448508057536661,0.0106970183189826
1088.97012169828,24.8103786022714,1113.78050030055,23069.2961832758,0.0163829351339757,0.291626339337183,0.00902446223211684
1093.41792656869,15.1208635123058,1108.53879008099,18085.760252481,0.00850460205319655,0.176445654055231,0.00710576510386225
1092.7662704957,6.66477967559348,1099.43105017129,12380.6987360676,0.0043126704060244,0.080854347594441,0.0048848533943212
1101.38742234458,13.3525958170243,1114.7400181616,17371.6851111984,0.00791586821532029,0.194905340790455,0.00699311356502827
1090.47093567415,20.8811811953731,1111.35211686952,20378.6424492319,0.0132072422164295,0.263045125648767,0.00786920448497094
1099.09612271704,14.7258654352151,1113.82198815226,15924.7094454005,0.0106060943138348,0.165734204166398,0.00639410188356093
1090.81494007835,22.1289049402442,1112.94384501859,21784.7438895638,0.0138966528251645,0.271401658044938,0.00848351352432495
1098.89094956167,22.7408966393532,1121.63184620102,23401.4961188928,0.0140304655704583,0.289220126209867,0.00929382991466795
1097.64121747651,15.0469096334342,1112.68812710995,18609.197625395,0.00888071566564289,0.211537190061749,0.00747971753400522
1098.50576599423,19.5538565779727,1118.0596225722,18588.3503329079,0.0141754108306704,0.227424720512588,0.00747426938924423
1094.78393871171,26.7789309061979,1121.56286961791,24418.2275692949,0.018657366596103,0.367101416208265,0.0098018075837829
1100.51830854796,15.151671856207,1115.66998040416,18025.9635005275,0.00960911050057593,0.211999984407725,0.00725756676214902
1094.26390885434,19.8084589630336,1114.07236781737,21301.1351597811,0.0121279826710643,0.245088337285082,0.00845679821772631
1110.05442959539,24.7928703932406,1134.84729998863,23060.909079471,0.0171255806587022,0.339757394490808,0.0092108049276571
1088.56402375866,18.2516170218306,1106.81564078049,18492.7738632619,0.0123638096579755,0.18534234204964,0.00729753842769742
1091.38612269268,10.4553036528038,1101.84142634548,14883.0772847235,0.00622944216576566,0.119878782055962,0.00590462537732378
1093.64741146159,8.47259488072785,1102.12000634232,14446.111097525,0.004285937243966,0.117656811598385,0.0057731070267758
1100.17728418101,20.2600415836778,1120.43732576469,22265.7475175002,0.0123203846877544,0.290476113553584,0.00893227071833913
1098.6291728373,13.3202159184457,1111.94938875575,17798.9738679294,0.00737437429201806,0.194787566054999,0.00715881602567736
1100.7816534274,25.1714291934022,1125.9530826208,25186.1172627933,0.0159000110517683,0.345612478684739,0.0100494410159674
1103.95360987523,19.87131538175,1123.82492525698,21461.1759011664,0.0126771586565135,0.29847117539332,0.00864039697078758
1091.9966092022,17.0245653872871,1109.02117458949,18844.8465622588,0.0100704200000845,0.20031942593688,0.00735744162427908
1095.3279708948,18.1790623545248,1113.50703324933,20408.9672335221,0.0110575807919764,0.234769315892447,0.00814990557856542
1086.54108370035,12.7263045040126,1099.26738820436,13530.1633593238,0.00971549540391103,0.100364770895839,0.00528505196294711
1096.55801030205,7.39577584397771,1103.95378614603,14301.0416926919,0.00265611071500333,0.11360510798089,0.00572425379815523
1110.03546303661,21.5215203711041,1131.55698340772,20170.8011546116,0.0152803385746264,0.260016400646394,0.0080552452602551
1101.08778178215,21.034261161075,1122.12204294323,22313.4982513503,0.0134255950270058,0.312987051273908,0.00898073493876377
1101.11146191147,24.1451125734042,1125.25657448487,23623.6130852337,0.0162541588827284,0.360628944756648,0.00951477478267052
1094.50462714398,21.9274220010071,1116.43204914499,22273.4565139291,0.0142338587352271,0.282304638369674,0.00889277942579046
1095.27794147957,10.9273688404159,1106.20531031999,14638.1546563573,0.00749839886223109,0.137323259046727,0.00589471556517075
1097.53738137464,11.091313768294,1108.62869514294,16613.7546999093,0.00512946585504769,0.152088363152168,0.00664351741746143
1103.55121301027,22.7454062249248,1126.29661923519,23860.3162200548,0.0142769468410433,0.34235085238284,0.0095899885555321
1097.12444508708,16.8767393991818,1114.00118448626,19953.2032887755,0.00986983964650214,0.229557327891802,0.00799070853226155
1104.25664692675,22.0356679058776,1126.29231483262,22360.8168929794,0.0146168266483382,0.32763580136293,0.00899916451753912
1089.40537041832,18.1685949846005,1107.57396540292,18708.3833789762,0.011323686925316,0.219757309845999,0.00722253336443359
1097.59448215598,16.0428249171159,1113.6373070731,19555.5049846911,0.00882726288323857,0.205428875317731,0.00779127762108101
1107.10202385858,21.8561815438819,1128.95820540246,22832.6093883623,0.0140467482426382,0.325378394730528,0.00918949149280234
1095.75040176515,20.7211885921868,1116.47159035734,21356.4149138034,0.0136563663908366,0.276519043680961,0.00857101907304619
1104.36609032803,27.7823408841621,1132.14843121219,26947.2764672858,0.0181168609528319,0.426467168396759,0.0108160549356546
1103.60677962728,23.0136689559722,1126.62044858325,24038.2578908535,0.0144124213321889,0.33925317960657,0.009651590341125
1104.42426087779,26.5464988019626,1130.97075967975,25877.4032071506,0.017196038314599,0.37075986969574,0.010356378911837
1097.8309968833,20.9319113126139,1118.76290819591,21534.4913232345,0.0138679870267782,0.292365574288288,0.00866457989598658
1103.7893940409,15.414952568924,1119.20434660982,18642.0959867485,0.00939922252456859,0.22411973587084,0.00750131375111377
1092.76417427519,16.3080349588429,1109.07220923404,17597.1945428457,0.0112348383517775,0.189383120398064,0.00706157969885204
1097.5842062668,9.08800702347694,1106.67221329028,15176.3602662117,0.00443294149498306,0.142142906045396,0.00610586909026297
1102.40866932945,14.0527923122013,1116.46146164166,18093.0441982775,0.00813151590947491,0.207872599151829,0.00728360630619604
1105.92773746005,20.9336075923357,1126.86134505239,22079.4106285648,0.0134296279492467,0.2945905270264,0.00888080229953646
1092.5991651932,17.3375225408049,1109.93668773401,18712.5097642966,0.011504985846846,0.205059108017212,0.00748468784227038
1101.83911674672,14.5555243444339,1116.39464109115,18341.3078988632,0.00856737939391502,0.21549297168232,0.00738457678384378
1084.59335120548,12.918791171066,1097.51214237654,11932.6223508096,0.0107323856330984,0.0871758319090181,0.00458325677580039
1099.82294082835,22.8071297299263,1122.63007055828,23073.8771730881,0.0143531977933968,0.279066909348202,0.00916356463340724
1101.0138189703,19.8908538023387,1120.90467277264,21862.7395998377,0.0119714739576078,0.26183748675897,0.00873973063126857
1097.95071009926,9.167908466167,1107.11861856543,15566.3013435326,0.00379596541753963,0.143376971556045,0.00625286439339338
1096.85796446417,17.5121160524234,1114.37008051659,18475.1495308898,0.0120711999734825,0.222906143554595,0.00744281009026924
1094.47264255824,30.4292055793303,1124.90184813757,27541.2140350941,0.0201164997739816,0.405144711011243,0.0108659235871079
1093.25079365574,10.1048933645477,1103.35568702028,15456.2028385336,0.00472853390992433,0.126310003065723,0.00611424801633188
1109.53526019448,35.0465281665608,1144.58178836104,31338.5621309664,0.0239531804342758,0.60570320427313,0.0126080370616335
1098.30524791151,16.1500687999917,1114.4553167115,19693.3165865471,0.00891715099066936,0.210816787752116,0.00785968631835557
1098.3296570885,15.1492110696975,1113.4788681582,19201.3934978437,0.00822292749678846,0.210249293888403,0.00769111929068846
1092.72302960047,11.757760043982,1104.48078964445,16162.7783491491,0.00657951562670512,0.142737912732423,0.00642902635790004
1096.62653875874,7.55215412772997,1104.17869288647,14237.5922844227,0.00309283685345137,0.11183530022601,0.00569697893055046
1095.89835774684,22.4836383437326,1118.38199609057,20821.8440031995,0.0161245786379997,0.285002993811997,0.00838920002057367
1098.04106736361,9.94353502284785,1107.98460238646,16064.6019671489,0.00427495018712445,0.150503557776022,0.00644811033819316
1092.65418533544,21.2350663766835,1113.88925171213,21820.2564521462,0.013309371638137,0.25475066722595,0.00861963949191039
1094.66469533916,19.9965971834883,1114.66129252265,21456.3674488039,0.012309172204166,0.251125126951351,0.00853319043701649
1104.56569806749,26.2354105564908,1130.80110862398,25217.3347830889,0.0176532452954486,0.413037662644321,0.0101559039275747
1100.49426039782,10.2370965532699,1110.73135695109,14968.6378838304,0.00631735954356123,0.13723879250476,0.00602296370750972
1092.64614553839,20.7540238380499,1113.40016937644,20070.0667291901,0.0134173717849283,0.245322426373912,0.00778866391785946
1092.86503208562,12.1695580796871,1105.0345901653,16208.4251034902,0.00652065012609552,0.141610475837978,0.00636879929557449
1093.09923530991,20.7905369038518,1113.88977221376,21596.2559209824,0.0130869595160269,0.252012062165091,0.0085624605625746
1091.58277718548,5.54659163906573,1097.12936882455,12143.9648576192,0.0035515586649516,0.0784619690025225,0.00481171890989685
1086.9975499765,16.3600271674175,1103.35757714392,16847.0677049563,0.0111407710706892,0.156907264340351,0.00657302468065957
1087.91264772946,13.8856842498887,1101.79833197935,15622.7668763486,0.00930372120524691,0.134214355777108,0.00610480530524797
1100.23217385689,19.6810950843623,1119.91326894125,21065.3007765736,0.012743558411092,0.284804899454516,0.00848329582978398
1099.47343386979,21.9654180588292,1121.43885192862,22799.3593527677,0.0135598657742491,0.273812445479469,0.00906086180965894
1096.98184302455,22.7863060440788,1119.76814906862,23283.3521904445,0.0145747290472914,0.311103909401298,0.00931298607456483
1086.094968849,10.2248544459124,1096.31982329491,10504.4145857988,0.00900797594014528,0.0784784574768353,0.00399705922579734
1105.16834702325,25.4433409492597,1130.61168797251,25362.9333243195,0.0163632065884063,0.369655818127681,0.0101753654928565
1099.51937239759,21.1834607071094,1120.7028331047,19194.7525377535,0.0155111187015857,0.239552233656864,0.00770270294841993
1101.0979835511,16.7407851475968,1117.83876869869,20204.6312397265,0.00954967615788544,0.24037312999085,0.0081138465883605
1097.06478752244,20.9196845816612,1117.9844721041,22418.7306976301,0.0126775729990367,0.272303215468227,0.00892447414705394
1098.16498635673,29.8394001560236,1128.00438651275,27681.2215222789,0.0197659134522925,0.423703245241161,0.0110341074411049
1093.64853318483,15.0523302805817,1108.70086346541,18421.3942828669,0.00830152503068352,0.180007607240723,0.0072772163356317
1100.84930822621,11.0495556924789,1111.89886391869,11765.175861464,0.009444398802021,0.0872198800947679,0.00468840445774824
1102.52504369127,24.3814399934744,1126.90648368474,24685.8305545229,0.0157029605089027,0.37190284245509,0.00992446847782798
1093.25779634749,11.2738226935759,1104.53161904107,16157.573968331,0.00555767537203925,0.138237403755801,0.00639037690570394
1100.7311824432,12.4945659180568,1113.22574836126,17199.3210835183,0.00681263278715575,0.17516507783926,0.006912490907504
1102.10482554831,14.9103965474997,1117.01522209581,18879.8323863621,0.00847755736056923,0.220701761018692,0.00759789016796975
1096.91158911756,11.6551772857755,1108.56676640334,16398.7306578173,0.00661479969535249,0.166307798484494,0.0065958780506272
1090.1610730173,18.9423502143794,1109.10342323168,19538.0175152741,0.0116878412621209,0.228313079339857,0.00757624682673901
1098.78236559656,18.0654361536321,1116.84780175019,20733.3032421793,0.0108417316903348,0.256385000958808,0.00832365393054681
1096.97039247843,10.3036018593207,1107.27399433775,16027.7916120943,0.00501632588452718,0.153864438737841,0.00643841173577108
1101.71409894986,12.3688411108277,1114.08294006069,16972.994530234,0.00700060551349673,0.182803212212708,0.00683243412555164
1104.88756783277,15.0138484058516,1119.90141623863,17131.343060314,0.0101224405006241,0.189422633982326,0.0068802912824908
1100.04126539354,13.6376356692551,1113.67890106279,17845.3917442387,0.00781650981159516,0.201543743504445,0.00718480555154274
1090.4142450014,24.781544989333,1115.19578999073,23411.0418114483,0.0160197129401643,0.303027512370378,0.00914981159405599
1100.8520600316,18.3789425867044,1119.23100261831,20264.9058204354,0.011775008214762,0.265643038845626,0.00816166357567291
1098.90808425888,14.1479261604336,1113.05601041931,18639.8482414612,0.00744050986033374,0.2000174367137,0.00747382873112943
1098.74360346162,18.7127748088311,1117.45637827046,20945.2939036026,0.0110292353046014,0.232508413885633,0.00833486959922704
1106.56385498233,26.9783447549166,1133.54219973725,26328.5880055756,0.0177463487663966,0.43347657782353,0.0105971292929166
1103.03011378876,20.8932686873911,1123.92338247616,21874.5411171827,0.0136148223433744,0.311318515598893,0.00880845401464224
1107.43771413249,24.1153458228569,1131.55305995535,24428.7781625798,0.0156523697654351,0.378317107498777,0.00983417641510472
1097.9904701466,12.3995088044589,1110.38997895106,17535.7219049315,0.00602924388461565,0.172494777600559,0.00701974584702164
1097.56582267708,13.2919781883981,1110.85780086548,18069.7762823914,0.00675010882827074,0.184545915451833,0.00723345339115058
1091.84095389738,12.1067658568256,1103.94771975421,16252.6524305622,0.00658115056926939,0.140828846885737,0.00640801772119328
1091.10433027714,19.4111045164633,1110.51543479361,20250.5783860792,0.012397160064657,0.221041047346837,0.00800651642275463
1100.27235902969,14.5695787071177,1114.84193773681,18863.9389497255,0.00786801130190888,0.208008633407615,0.00757333299183049
1095.0271872719,19.7372808387811,1114.76446811068,21269.4493395311,0.0122631801560667,0.252756094171506,0.00848326865502235
1095.55862622822,15.726153085296,1111.28477931351,19165.3461809397,0.00891178159305002,0.203537659761396,0.0076464803564152
1094.63028015305,5.24002505362905,1099.87030520668,12943.2399202922,0.00196373677999803,0.0966669052758585,0.00518820617101913
1104.04628629862,17.101666133071,1121.14795243169,20065.152946534,0.0103011664869624,0.251517736725,0.00807620819672648
1096.86064506507,18.9415794848456,1115.80222454991,20166.8638895209,0.0124914176512628,0.256079622969985,0.00811344372249949
1100.18571067597,25.2499807666461,1125.43569144262,25249.8460085938,0.0160215183632605,0.353684396364542,0.0100861715539063
1098.70299206482,19.0836012423107,1117.78659330713,20918.3019813286,0.0114701964675236,0.229959945099157,0.0083128978388879
1104.55414558474,21.0750872728033,1125.62923285754,22544.9908728955,0.0131751631019269,0.298744703445821,0.00905743938199113
1093.22091922253,19.6658293408587,1112.88674856339,21031.8442842295,0.0120255260191884,0.236399237183852,0.00831810241527787
1101.20966136317,12.5806672068324,1113.79032857,17164.0462421381,0.00708843853173683,0.187548960086643,0.00691019219292341
1106.94842804011,18.2234421671851,1125.17187020729,19565.6858497897,0.0120292313022703,0.248467124140422,0.00784994445089162
1094.50563457137,18.2676503110674,1112.77328488244,19987.5926264933,0.0108209237006922,0.215276517312006,0.00785522203771157
1098.70069806146,12.049617400154,1110.75031546161,17258.0062577694,0.00609871694682797,0.179275591267087,0.00693626339964677
1097.04078658075,21.745786489186,1118.78657306993,22684.601303416,0.0137671184663218,0.296340022234966,0.00907722162291429
1099.38068071701,9.84469034963706,1109.22537106665,15398.2333861211,0.00530783363614021,0.150738408099778,0.00619966777726142
1095.77488165215,4.73409094743337,1100.50897259958,12857.4683901302,0.000940195820348678,0.094363103999223,0.00515527242602758
1095.53097052639,16.7310757586845,1112.26204628507,19467.7253562837,0.00950550720780079,0.199779605115063,0.0076944531825325
1101.91253062625,13.3404634810002,1115.25299410725,17021.7240087903,0.0082109585773659,0.188608416330427,0.00684700784426806
1089.71915928754,19.5759726028549,1109.29513189039,20023.3749303982,0.0122142340804529,0.229197152855998,0.00779322761693753
1099.10048580459,19.3280867513047,1118.42857255589,21255.6447684913,0.0120842440878612,0.277471773573134,0.00854525143131932
1092.37534402807,5.93041999872369,1098.30576402679,10725.4292631221,0.00589648342213166,0.069878062445899,0.00430848724955767
1109.98448048103,25.3926039773632,1135.37708445839,24830.2996627218,0.0169024604681344,0.39843446841402,0.00998818424178862
1094.60567413544,9.76456739258899,1104.37024152803,15666.1036561836,0.00421728235678101,0.133524694621679,0.00624353342921865
1099.0563715906,15.2573155195053,1114.31368711011,18211.4678832875,0.00959286523578799,0.213787177634505,0.00733465750947796
1092.94587310205,25.5663071378798,1118.51218023993,24337.6379685265,0.0163231196882113,0.323108041366834,0.00953988089654345
1095.32851270406,14.9689204495931,1110.29743315365,18371.0991944839,0.00823064402312836,0.177634835639949,0.00726408654881242
1101.11716809515,18.3564756809638,1119.47364377611,20977.6576632795,0.0108232213254983,0.245297443384775,0.00839885324691011
1095.72070960522,25.9237293621963,1121.64443896742,24530.4804637126,0.0165699261429207,0.328373038708488,0.00962263313954288
1097.40973770046,21.2688328007741,1118.67857050123,22511.5601379732,0.0133002442254583,0.290602871320172,0.00900740146946024
1093.62548371075,9.4549507259467,1103.08043443669,14741.4708520446,0.00468960375757653,0.114525738162313,0.00582165503146172
1094.33588016273,10.2356858308644,1104.57156599359,15801.2954174159,0.00455579230468364,0.132366453162232,0.00627214922455902
1098.6223796705,14.5289903770466,1113.15137004755,16478.2389045226,0.00980371758709191,0.144679473876239,0.00658101387405897
1102.52192190876,16.4973119076824,1119.01923381644,17879.5041405157,0.0111998455550392,0.208187796444334,0.00717163404878414
1096.40563765656,23.4404740109147,1119.84611166747,23721.7610171825,0.0148835732547381,0.311035193441103,0.00945449417752674
1095.31088177512,5.0967348642583,1100.40761663937,12292.8576031127,0.00303354582198499,0.0821226132904979,0.00491391105450963
1102.51664536916,20.6254500458364,1123.142095415,20881.5418007607,0.0139543914714592,0.286891815274996,0.0083996725323236
1096.00535451937,19.7533320181248,1115.75868653749,19611.3817997142,0.013843681147809,0.250436344034819,0.0078996915075986
1105.65286130644,20.9547333828779,1126.60759468932,19969.677988148,0.014684085738929,0.252358687861572,0.00796873919841777
1096.04243478312,16.5031913075213,1112.54562609064,18908.9845073245,0.00970537531986208,0.18806708933673,0.00746903004538978
1084.30699305684,12.6282019731599,1096.93519503,10894.7280061496,0.0107976246628082,0.0980634252809288,0.00408073932243112
1094.61359688392,15.260314614721,1109.87391149864,18787.7092859781,0.00840731699342391,0.188600485441673,0.00745666425665839
1086.66631041824,9.54394150161782,1096.21025191985,10026.1729796618,0.00895418100487278,0.0565614505678865,0.00389782752248205
1103.20835878103,20.2035371358851,1123.41189591692,22000.2780507964,0.0126569398719827,0.306657504711761,0.00885761666521456
1099.27947325726,21.2190325508497,1120.49850580811,22373.4546325826,0.0135476729226464,0.306732088131558,0.00899268786221677
1100.60867673101,14.4380750720441,1115.04675180305,17938.2728000241,0.00879699386155011,0.208143082861831,0.00722325518637924
1104.2459681093,28.5129117453575,1132.75887985466,26763.2472775432,0.0187960841752885,0.385029256174625,0.0106839409855361
1093.86072308096,6.21658369705711,1100.07730677801,13077.9081200049,0.00330377779469463,0.0988582468050965,0.00523934998330066
1093.7775939828,10.5350206260908,1104.31261460889,15797.9631377908,0.00492515540929186,0.131765992519623,0.00625410320956657
1099.80782781843,12.6341056102285,1112.44193342866,17603.2641002532,0.00647411273172759,0.180634819400763,0.00706756045493986
1089.18882841405,27.6666034808282,1116.85543189488,24815.209521697,0.0186630642675191,0.332827571115196,0.00974810369585004
1111.77341369992,23.6621297238381,1135.43554342376,20853.6268209496,0.0170913015154257,0.270923261725974,0.00828521085275712
1099.37726385941,8.87540776857015,1108.25267162798,14860.0776702356,0.00461091121210516,0.139150331710142,0.00598221869488305
1103.30693424004,23.1435970935718,1126.45053133362,24120.1696400795,0.0145398719620994,0.34559770470652,0.00968854548571131
1094.47788379212,17.6168450857003,1112.09472887782,20078.3979354654,0.0101777009601905,0.213857494227648,0.00794207330701852
1097.23898518322,21.655667079046,1118.89465226227,22699.0344162893,0.0136300134221904,0.295329398687503,0.00908091085227651
1095.06777401862,13.0660821154409,1108.13385613406,17423.3801723185,0.00717491530759686,0.172533118381144,0.00696723964085007
1099.43489144662,16.0296950150019,1115.46458646163,19723.5177554142,0.00886561819426329,0.217703217764075,0.00789469045578847
1096.43998947402,19.0323890693959,1115.47237854341,21202.5900672684,0.0114093394911959,0.249445405219062,0.00846008110709963
1094.88768401875,29.614805476656,1124.5024894954,26951.6562022856,0.0199852931739903,0.405070217834017,0.0107330283656997
1095.38947344372,17.3816885251316,1112.77116196885,20114.4825348254,0.00993535590119546,0.215186173540626,0.00797818257272956
1094.41371871818,9.10817706492194,1103.5218957831,15250.4890733691,0.00378748456886249,0.126771131836457,0.00607912501896693
1097.83114036933,12.2172813971845,1110.04842176652,15185.584738119,0.00821894130723548,0.123366273390012,0.00606723389527431
1096.22226688558,27.2914165586071,1123.51368344418,25786.0516045046,0.0175020543647712,0.354100864080931,0.010161440832496
1101.00420949128,20.5774192442819,1121.58162873557,22419.5798711569,0.0124122759889353,0.277879375979872,0.00896602244174606
1095.39638213361,21.1848064905032,1116.58118862411,21325.9643339777,0.0132757911072343,0.248349633779335,0.00836713174686772
1104.54084217461,14.8255922385376,1119.36643441315,17254.5658796631,0.00975253847947539,0.193155763555149,0.00692036345240494
1094.78085858389,15.6619262352833,1110.44278481917,18745.1018762353,0.00935221031950735,0.200838070300186,0.00749440825457448
1091.98224056059,9.3769253064092,1101.359165867,14605.2377102274,0.00507307683969134,0.114615722164139,0.00579339121157429
1092.40499363507,21.9304091666828,1114.33540280175,21938.5635226938,0.014316438684806,0.264962674288271,0.00871663858702418
1093.57765206141,17.2919982029458,1110.86965026436,19501.976553811,0.0100246771776603,0.204698026391454,0.0076650689613715
1095.91415692032,15.8772332903728,1111.79139021069,19342.9320913831,0.00873548935833201,0.200152133238024,0.00768926472430303
1108.46179253308,21.8190669224869,1130.28085945556,22347.5772410355,0.0143696911773503,0.319141970133689,0.00899047939297821
1096.20077198346,18.5603798869462,1114.7611518704,20914.5619779799,0.0110130223565169,0.240940910558559,0.00833884484389756
1103.46860579096,15.7695352675493,1119.23814105851,18783.0757601328,0.00968760321053634,0.215060269275141,0.00755678628002511
1105.80342395511,25.4649012217021,1131.26832517681,25106.2405507737,0.0168118133167361,0.404889709320637,0.0101096811068132
1098.95418624963,10.6275252816989,1109.58171153133,16390.1381514004,0.00496010718014428,0.157156312887704,0.00658163996503105
1102.61380081866,14.1483011974914,1116.76210201616,18173.3239340623,0.0081721184172914,0.207691802499282,0.00731532102584013
1099.58826377775,13.0427557416663,1112.63101951942,17820.972324486,0.00694223768134183,0.19407749271449,0.00716751192261235
1107.96493515118,19.7025337369152,1127.66746888809,20230.9993103361,0.0133329193434293,0.263841243599873,0.00812780048671279
1102.00020897673,24.4413619092842,1126.44157088601,23080.4909135112,0.0169247413382904,0.351391535182609,0.0092920337686467
1098.05007640278,14.0749347230267,1112.12501112581,17530.4869134698,0.00870400165498367,0.196107483300046,0.00705895817294344
1083.30114413267,29.7024612729029,1113.00360540558,22830.4006842661,0.0207260772566571,0.48905179936007,0.00849719348552544
1095.7570818074,15.1589919129353,1110.91607372034,18929.284778048,0.0082179576616256,0.193112377214722,0.00753271016552468
1097.62635321329,16.6075129470438,1114.23386616034,19910.2442240729,0.00954679359233679,0.228009058118084,0.00797449002207702
1092.34651711366,18.5510031663567,1110.89752028002,19913.6251454184,0.011805283644012,0.218686089883879,0.00791717730531448
1089.4524538842,25.8327662915415,1115.28522017574,23296.0415326733,0.017929606295219,0.302069103662889,0.0092452346264781
1089.95262120613,21.6457310658526,1111.59835227199,21020.3138213783,0.0145874728851621,0.242362416490317,0.008329578115503
1096.64888256848,4.49583829418187,1101.14472086266,10765.1361009073,0.00476761195268215,0.073575147443643,0.0043333137524003
1107.73094462468,22.8779324728131,1130.60887709749,23436.6259584627,0.0148725502865012,0.353633020142204,0.00943197561576883
1099.77291586815,15.8090358149865,1115.58195168314,18983.3696881885,0.00960570824446621,0.228924694209604,0.00764334376303264
1095.52440533529,9.17744439428956,1104.70184972958,15361.3960023625,0.00363288765062767,0.126701217116881,0.00612154435930341
1093.70923256546,15.4599574674035,1109.16919003287,17800.1219024995,0.0100499284394863,0.18962065218535,0.00713623894868012
1095.75847966854,10.9648565879941,1106.72333625653,14077.4578028662,0.00761294300551376,0.10301737869405,0.00559488285733288
1092.08219593553,19.1377357140832,1111.21993164961,20404.2154225819,0.0115566677472974,0.226401527702895,0.00800207743684987
1092.86295488251,11.3118687204329,1104.17482360294,15565.0218454689,0.00683768718698491,0.138214081484562,0.00621917342910092
1098.76976090038,10.5654584009419,1109.33521930132,16400.4119224246,0.0048936882996288,0.160376971224655,0.00659048825493438
1097.03492587426,14.9745813125401,1112.0095071868,18695.6142914524,0.00812732832415338,0.184948102006608,0.00743344382360733
1094.47988888081,13.515742959336,1107.99563184014,17757.8860620984,0.0070545099180451,0.168165705245502,0.00704839853542954
1098.32482691703,23.5603848554092,1121.88521177244,24034.1636321117,0.0149104563997533,0.326193094256662,0.00960700507394934
1103.03132883729,12.364383529024,1115.39571236631,15050.466682994,0.00869252640666227,0.146308235790207,0.00603947050376476
1097.69850414158,10.6054789086343,1108.30398305021,15977.3800140681,0.00563707919139586,0.158447360335694,0.0064287846214194
1098.48649748298,14.2089912366539,1112.69548871963,18635.2328660789,0.00755845156887255,0.201688264788499,0.00747398836378155
1095.16742468618,5.84099316346656,1101.00841784965,13360.2721659564,0.00206055876084448,0.104080666426978,0.00535948051228442
1105.57082769232,28.1355399046359,1133.70636759695,26109.242174385,0.0192812459209129,0.447016865887385,0.0105122765610052
1090.95169208428,14.2122490860785,1105.16394117036,17213.4502776149,0.00829886315585964,0.159459178788608,0.0067654057286561
1103.51689821938,13.2507376131507,1116.76763583253,16533.5529060846,0.00853823149938143,0.176153783725709,0.00664645063646366
1097.5075233867,14.8729565326686,1112.38047991937,18764.6620396722,0.00840379913844912,0.208104226772547,0.00752931909042319
1098.96238286487,10.7475931594274,1109.7099760243,15794.476337418,0.0060990395596011,0.15950452935832,0.00636001715060168
1085.27864279368,23.8564519953278,1109.135094789,21345.7320279947,0.0161411514281977,0.273769349893636,0.00823682035888388
1098.77643535173,26.7738420949395,1125.55027744667,25939.6607359222,0.0171115661093011,0.358886573487921,0.0103048636800739
1097.80144127223,12.6438291327877,1110.44527040502,16632.2713235871,0.00726925072804876,0.146983730292633,0.00663332174823178
1102.93917220068,21.4731633558011,1124.41233555648,22493.9801325142,0.013522353182532,0.279799530123952,0.00900559207803796
1089.26347634997,27.4090582091131,1116.67253455908,24617.2279471947,0.0185840698035969,0.327128965220026,0.00969223181411721
1104.55389893032,16.1589716962792,1120.7128706266,18826.9666440243,0.0101752188162099,0.222522989746929,0.00757672960972874
1106.3997924096,25.9599507646319,1132.35974317423,25752.8256965478,0.01682017144599,0.395695023405268,0.0103505291935615
1108.48299150103,24.7277038279443,1133.21069532898,22671.0719420969,0.017254224823553,0.326529008682363,0.00905008198682113
1097.47342022968,26.115165473429,1123.58858570311,25362.1634748364,0.0165906764054407,0.34046219987795,0.0100425977405285
1100.98594084885,14.8411596962475,1115.82710054509,17586.3567298338,0.00942466117523398,0.175061598956561,0.00705549452634631
1092.87494938905,21.4929809395734,1114.36793032862,22028.1851247523,0.0133362338309037,0.259483643052936,0.00867824009517241
1100.41659222579,20.0166230317869,1120.43321525758,21776.8246834155,0.0125569978076313,0.294340451288004,0.00876039846744902
1098.3579302055,15.9210104751352,1114.27894068063,19598.6107479564,0.0089515289407959,0.22286254677766,0.00785730840682572
1094.63337444155,11.0018555538113,1105.63522999536,14248.3601546858,0.00791199076887259,0.130560917311957,0.00573812889182584
1101.94330586671,13.9052284063296,1115.84853427304,18081.109127595,0.00793944363862794,0.206860076695562,0.00727908576386289
1098.1988090038,9.90515310406001,1108.10396210786,15756.3515100991,0.00486143450326709,0.153102295209447,0.00633926909266235
1102.79438960018,23.5401753542921,1126.33456495447,22306.3973934845,0.0163460578399711,0.327724329355785,0.00896981466434607
1097.50747736197,20.6155947716629,1118.12307213363,21986.3903655719,0.0124114253266494,0.254372146370732,0.00871315823685379
1097.72996425448,18.1867456961527,1115.91670995063,20896.5818601527,0.0104772143353286,0.236519109065733,0.00832840141876644
1100.77564001225,20.4686060113817,1121.24424602363,22341.7455754361,0.0125969918740523,0.299739387480406,0.00897521956211507
1099.17353939987,15.3056376231602,1114.47917702303,19250.6126149354,0.00853596856285552,0.220333782833951,0.0077307686720813
1103.86173058311,16.706079379134,1120.56780996225,19365.2061050939,0.0103621839771337,0.22760455133137,0.00779016275280429
1094.06762659171,8.81810387489884,1102.88573046661,14963.3371855805,0.0035528558757875,0.119001581898963,0.00594384396509489
1098.93951240718,18.2539934139327,1117.19350582111,21057.6004147207,0.0106536909355196,0.252480626740845,0.00843170889101862
1096.22166806691,10.470121896238,1106.69178996314,10308.2147009942,0.00968700560531613,0.0665336870768873,0.00411323682487315
1100.50803424589,17.0167147105218,1117.52474895641,20368.6885182323,0.00968278993858642,0.237972856710665,0.00816723428572369
1101.36603272871,23.326998454858,1124.69303118357,23778.3114430587,0.0151171347308264,0.351636967143547,0.00956579131543203
1095.1241193238,19.2646993296224,1114.38881865343,21171.6261608392,0.0115412547332019,0.24135268918877,0.00840943438259202
1101.2860137895,27.0486090823877,1128.33462287189,25891.0467461745,0.0180872987334581,0.416314914442988,0.0104127873771708
1103.50404218638,18.0868895791698,1121.59093176555,20801.0142415315,0.01094145719165,0.271646034101045,0.00837333294532867
1095.91147072629,14.0918222279952,1110.00329295428,18000.4405578561,0.00751798239507315,0.170366619075571,0.00713752981899786
1095.32846452678,11.3985090045124,1106.72697353129,16233.7881401883,0.00571857773351154,0.138275258847309,0.00643778285682719
1102.08054097637,19.3648334208544,1121.44537439723,21809.8036133898,0.0116148415786702,0.28337585050978,0.00876245643262005
1096.76866184592,12.9862674853386,1109.75492933125,16133.414014193,0.00860537134591009,0.168487343386497,0.00649843860544613
1099.15515182922,13.2479447054955,1112.40309653471,18018.4226306385,0.00679400245147941,0.184438667589831,0.00722196278980804
1095.37533776912,21.7460240604994,1117.12136182962,22589.4647688339,0.0136169557784923,0.279774587356736,0.00899155763961536
1091.34071569984,20.8629143485608,1112.2036300484,21286.5950926762,0.0131943334013443,0.243058554671186,0.00838550904956465
1104.54034713347,22.0189208124889,1126.55926794596,22790.3209494754,0.0143063995603795,0.336611259147681,0.00917633869451862
1098.82443980869,15.916836997617,1114.7412768063,11750.6524920749,0.0135426357845874,0.0759460924523801,0.00458369766795715
1097.40872428216,16.5200232819482,1113.92874756411,19722.1737639431,0.00923581920742097,0.206639167464819,0.00784453106860917
1090.48303489829,13.8636051582975,1104.34664005659,16074.8121009939,0.00848748975872758,0.158031050069377,0.00622809723828115
1093.72132694005,10.081249256092,1103.80257619615,15477.3406876083,0.00514112330490311,0.133129445021412,0.0061755966152107
1102.32353277691,16.525361799639,1118.84889457654,19616.090322126,0.00980874327968474,0.223990223584085,0.00787798820499236
1094.52483942811,23.4766547799709,1118.00149420808,23499.1986200422,0.0148513466181,0.295980179596039,0.00931015816854892
1101.32798505037,15.4164271205045,1116.74441217088,19109.5423034056,0.00895891522539569,0.229520115276921,0.0076926466527968
1097.64218652221,17.1275393394602,1114.76972586167,19908.3226357532,0.00982035409359401,0.208902358476327,0.00790982824405272
1105.1753466095,16.537891466356,1121.71323807586,18953.1516069827,0.0105135707312679,0.233290520432867,0.00761737655685836
1110.2482036034,26.333968464282,1136.58217206768,24481.2746598139,0.0180839696436479,0.38853310133643,0.00980634428557211
1097.46527392867,20.1608061543061,1117.62608008298,21830.1563889224,0.0125008911467679,0.276593100020054,0.00874342694450942
1106.30063947857,17.2223640426407,1123.52300352121,18176.3362835879,0.0118941883418335,0.212976032952503,0.00729844617081698
1104.45308955523,27.265596435873,1131.71868599111,26635.1325866234,0.0177238132284849,0.418038574412787,0.0106933177343552
1102.53593886836,20.792332568955,1123.32827143731,22670.4476960985,0.012662129945214,0.298462849209972,0.00909745771777142
1095.7289222567,18.3391631381719,1114.06808539487,20261.7055164383,0.0115400137672428,0.242443334071711,0.008120258581582
1098.9060132654,15.4852565410143,1114.39126980642,19396.1670410381,0.00858276723581814,0.21981803753872,0.00778145316778663
1088.7028346194,12.7019037640819,1101.40473838348,15045.7798023826,0.00804562996671004,0.140405560755384,0.00581151479531937
1099.30427382144,16.9170063021782,1116.22128012362,20195.7419109823,0.00980338116218147,0.241996963617608,0.00810817532099999
1089.28143615849,17.4955569554886,1106.77699311398,18607.0076417164,0.0111616821476022,0.187553462471471,0.00729975708159008
1097.79565823625,16.1998671631595,1113.99552539941,19562.3234454571,0.00900495317224641,0.204201439629582,0.00778967787493732
1097.94326358372,12.9582399729813,1110.9015035567,17894.5795759808,0.00648060440369352,0.18184801910637,0.00716755048544004
1099.75387680533,19.8648733481202,1119.61875015345,21994.2281973035,0.0117977888688881,0.265239239877256,0.00878504460364808
1096.3505530494,9.73537085407004,1106.08592390347,15810.2230873147,0.00428233134018666,0.144798176000954,0.00633873402877271
1098.42881745245,14.697038947576,1113.12585640003,18806.4165793752,0.00784493968612279,0.19339964448564,0.00751330194652679
1092.38602686089,17.3431066236056,1109.72913348449,18988.2650569539,0.0103294315802781,0.204157957521699,0.00741243415844843
1091.86622820732,11.2316481491456,1103.09787635647,15377.890166597,0.0061298577173995,0.129864611550612,0.0060246008164918
1095.19882243761,19.7895264573282,1114.98834889494,20810.981250672,0.0129082497939388,0.258949771693891,0.00834398421992919
1095.41384267843,14.2234678692499,1109.63731054768,18289.3798913755,0.00747427595728512,0.177902145522915,0.00726334456826456
1097.455908097,20.7446631368868,1118.20057123389,22353.4189528636,0.0126239690512368,0.276340892961696,0.00891972432262665
1096.19617633309,13.8394067897919,1110.03558312288,18224.6989521678,0.00727891306422455,0.18432975409893,0.00727841765273192
1104.66697901355,22.9404657217987,1127.60744473535,22113.0267714714,0.015752884026092,0.320345230307421,0.00888002805461618
1095.05335775652,16.9159744227498,1111.96933217927,19704.3590747152,0.00958014926857992,0.205258243244481,0.00779509217709801
1098.31168713919,8.63022751134226,1106.94191465053,14885.1856099333,0.0040028334223745,0.12830524362651,0.00597600796315495
1099.65339784506,19.2413059581011,1118.89470380316,21689.5898140166,0.0113405147440504,0.26375406990081,0.00867773928767716
1099.01034483827,13.0622240807457,1112.07256891901,17891.3831165895,0.00683650344477398,0.192062119459888,0.00718959186326193
1096.01752862209,15.8868651456796,1111.90439376777,14911.3497861256,0.0122153315646634,0.115236146946306,0.00592234495403104
1095.2517290876,21.6460953601677,1116.89782444776,22397.2899942785,0.0132002538836422,0.266532158934443,0.00883203946159663
1090.51137083281,22.3928884521214,1112.90425928493,21712.5701138128,0.0141299484942699,0.281288405142808,0.00842140475723091
1103.51667019846,20.5793617914537,1124.09603198991,22424.7041380971,0.0127567621311081,0.311929585987537,0.00902393298346498
1091.40307495992,19.4105749120657,1110.81364987199,20459.9419774284,0.0119773929986468,0.225290360999721,0.00804253926255395
1099.66674495766,11.7367534246409,1111.4034983823,16691.2285063957,0.00642941547110018,0.17614660895144,0.00672004222133632
1097.43221703147,19.022982603048,1116.45519963452,20949.2851521493,0.0112650176352295,0.230496876089319,0.00830432627088042
1093.46506483812,11.7347609492378,1105.19982578736,15818.4856531442,0.00719211844316093,0.146326445627781,0.00633423942880554
1101.04186988847,18.1379777232277,1119.1798476117,20198.1287015978,0.0115314238060808,0.263507703982221,0.00813453101211723
1098.79305035602,23.0575536612937,1121.85060401731,23848.1620595878,0.0143528650736762,0.314785557907041,0.00952066420698081
1100.8567741052,26.9311607858397,1127.78793489104,25696.2357847991,0.0174062908330955,0.346585562957722,0.010202100085229
1098.13329536703,23.4260254133722,1121.5593207804,23654.7530772294,0.0151944380801444,0.332339695185781,0.00948675659633809
1100.88759241984,22.7870087712445,1123.67460119108,23122.6385834095,0.0143983576904093,0.282367524329539,0.00920603842270079
1091.09875288482,26.5565439769316,1117.65529686175,22768.2672498058,0.0193876461492436,0.326627754322952,0.00914387767671354
1097.69167277032,14.0676758817223,1111.75934865205,17983.3742534552,0.00820780194412792,0.199277718683181,0.00723177626425818
1096.84900568233,28.3606336150699,1125.2096392974,26487.3594608702,0.0183147764104186,0.372596080766754,0.0104470244624377
1096.38415607737,24.556668102714,1120.94082418009,24424.919556419,0.0155634731217503,0.321379355610167,0.0097023812355995
1098.29962067243,10.3555160393991,1108.65513671183,15491.0586217493,0.00563250178018539,0.133191512611738,0.00620473380170743
1106.09379252451,21.7972375628344,1127.89103008735,23054.014739893,0.0138084833366913,0.332336105451607,0.00927939599885477
1096.52012081466,21.3166885390189,1117.83680935368,21715.46677044,0.0141465196291889,0.290729834319145,0.0087250659612029
1100.85738693048,25.525240271372,1126.38262720185,25338.1899938452,0.0165129646077149,0.378203297845333,0.010163831727236
1100.08919876705,14.4038674224578,1114.49306618951,17893.0067300641,0.00850659296877888,0.17725762910337,0.00716601547365405
1098.3173804272,14.6246224287881,1112.94200285599,18870.4498961068,0.00788234010029952,0.205918037018829,0.00756540295995773
1096.61222870557,18.1969920585125,1114.80922076409,20052.9290902062,0.0116287553862603,0.246413885151418,0.00805670561322058
1098.5592990587,20.2014410726672,1118.76074013137,22120.5278138985,0.0120303473347635,0.264499844995382,0.00881583161434173
1104.53829324365,15.8923700678933,1120.43066331154,18865.9939654339,0.00981204641148887,0.227421125080028,0.00759167505615945
1106.34798353427,25.3674738918426,1131.71545742611,24054.1740836835,0.0171759868037045,0.329646493419912,0.00965376279438183
1100.00836165574,20.7913569662309,1120.79971862197,22584.1055827458,0.0125171934126403,0.281215181261144,0.00902401757893014
1089.37406625361,17.6175842772517,1106.99165053086,18106.993441243,0.0110889658920247,0.213707462733891,0.00697174728970347
1101.60679016022,15.3767453681432,1116.98353552836,16447.5928254791,0.0108797228772134,0.173997880777222,0.00658252764829206
1106.48541858372,18.2025593706518,1124.68797795437,19012.7770350033,0.0123017102678744,0.232557535494742,0.00760444811664045
1103.09563086666,25.568641449485,1128.66427231615,25374.4837285148,0.0163286644725562,0.353974696475885,0.010145166033237
1096.66403070976,14.9401049915637,1111.60413570133,18478.8289605043,0.00822718803503672,0.179406239722603,0.00733394752393484
1094.41678015476,19.8164563086394,1114.2332364634,21280.3405741326,0.0122451997566383,0.247877785567947,0.00846539046749158
1094.86435559971,13.9855950350124,1108.84995063472,17529.4125591715,0.00770393707715267,0.162153340125196,0.00691954184959335
1093.88490400776,16.1859394582748,1110.07084346603,17606.1270925128,0.0111340732776029,0.194309658771934,0.00707838372495233
1093.66487284833,15.984411089853,1109.64928393818,18974.0322981271,0.00901520237913337,0.191123459093898,0.00749561892832362
1103.07253673554,21.5638231611313,1124.63635989667,23155.5928810755,0.0133245349915352,0.319643656322906,0.00930352423028806
1100.00154233057,14.3041310923016,1114.30567342287,18612.8225492233,0.0076916308544396,0.197843997752317,0.0074639301184412
1093.71935208473,16.7714576787277,1110.49080976345,19463.4843347108,0.0097414755190551,0.202516111735345,0.00771230808486925
1097.41233341207,14.2170492387739,1111.62938265085,17889.5069236655,0.00794582173074099,0.168447365027805,0.00711568975566836
1100.17258214852,15.7275485105579,1115.90013065908,19167.6330993813,0.00931766006917469,0.230886996376093,0.00771550593442064
1102.8999000985,21.0198146512431,1123.91971474974,22017.5529759657,0.0133353160620706,0.267706670957446,0.00881564805414951
1095.87307251793,21.6693255523884,1117.54239807032,22012.6066107475,0.0142938646043822,0.291603582783476,0.00882996359017103
1096.17636852302,14.4383055081886,1110.61467403121,17622.834498868,0.00833553394762965,0.16237214728825,0.00697721668501613
1097.05528079118,20.6049669579578,1117.66024774914,22186.1417952839,0.0126177131980825,0.274570707178339,0.00885757944030854
1096.24577772048,22.4163989204431,1118.66217664092,23094.7469089975,0.0137662209428239,0.282551013099393,0.00914270128700488
1102.63594651496,16.1786972047046,1118.81464371967,16721.1840722826,0.0115151484918785,0.177399532061077,0.00667613369392004
1093.96342953778,20.5424004109786,1114.50582994876,21696.0690973814,0.0125213855863942,0.250625842701978,0.00857400426842872
1097.12051016648,19.5015241985736,1116.62203436506,21611.7326287898,0.0115782227351535,0.254414737821129,0.00861141149629052
1092.64524919301,25.7674067063844,1118.41265589939,22476.4352894557,0.0173789284922897,0.323716838503429,0.00868788437153267
1094.5713710645,22.6533137721803,1117.22468483668,22443.1662940967,0.0141421991113377,0.277862093666759,0.00879078359396666
1094.29272652511,12.4596047686141,1106.75233129373,17050.4338453016,0.0062448272772012,0.153779238681861,0.00675509503869634
1102.16117326615,23.0315656574857,1125.19273892363,23153.79390603,0.0152627912052993,0.346605027223826,0.00932539855145876
1111.0220544941,28.5424741595639,1139.56452865367,26748.5109813291,0.0193082842780526,0.4441576699148,0.0107643624852531
1093.49231726097,11.7757074628831,1105.26802472386,15787.9023675028,0.00728982924803071,0.146585670094262,0.00632453693202042
1093.13734364011,25.4902216696814,1118.62756530979,23150.3616414183,0.0166778258385677,0.327491095050818,0.00897952100800143
1096.10238125081,11.0294552180351,1107.13183646884,16592.9045725445,0.00494016664055613,0.149861947634379,0.00662031136675095
1089.70299769595,16.5382918723423,1106.24128956829,17651.4768793473,0.0111457663743087,0.171494567300557,0.00700051914838387
1096.99915056921,24.5329807144184,1121.53213128363,24074.3652232884,0.0162019128845319,0.342993236164773,0.00964797288803483
1102.9476239424,21.679408444259,1124.62703238666,14595.8660988011,0.0174439476073235,0.119377389510053,0.00557640368957651
1100.09860556106,17.1298367086584,1117.22844226971,18890.9144212107,0.0109427660590412,0.190928989589963,0.00754507124335709
1094.97738890125,16.3826106595721,1111.35999956082,18919.8573230323,0.0102182024276337,0.211559883278027,0.00758223030248519
1094.21207194245,14.9264618230404,1109.13853376549,18009.2515788406,0.00838088882660116,0.173178867594954,0.00708935399423347
1105.67327428014,21.9790891775672,1127.65236345771,23142.5298984348,0.0139845169716739,0.339522356406274,0.00931697502675764
1106.72674155108,20.5938772141138,1127.32061876519,21972.9359916694,0.013155159859098,0.303460894276845,0.00884371811704511
1106.1751652468,25.211744242727,1131.38690948952,25316.6110388871,0.0162899098909114,0.393449084530552,0.0101849871994519
1105.64086431926,24.7844983276538,1130.42536264691,25066.2374400419,0.0158870503337574,0.375632523513056,0.0100748738878333
1101.62564058484,21.4808025243198,1123.10644310916,22952.7825380745,0.0131397069586013,0.291934244774541,0.0091821975850624
1093.62405397025,15.1618703224297,1108.78592429268,17864.5440844551,0.00873291981458713,0.173723668468466,0.00701017485131259
1099.36897832985,9.20601291785302,1108.5749912477,14805.7374776448,0.00516698725692167,0.140339608861797,0.00596069314516058
1099.72517629545,18.2380701176051,1117.96324641306,21035.775901057,0.0107702714447971,0.26062850841707,0.0084420543376763
1093.80980491843,15.8726201058127,1109.68242502424,18635.4192460463,0.00899560223870326,0.186287906072519,0.00732930715160496
1098.5191654294,25.2964504067181,1123.81561583612,24795.7321545322,0.0166259413425374,0.364853764435853,0.00994326036641429
1097.76214378298,23.9343538217472,1121.69649760472,24246.110911124,0.0150156829101309,0.319122941591004,0.00965310283307848
1095.09791592027,4.17744116673463,1099.275357087,12562.6974330387,0.000629272137358336,0.089973142910319,0.00503493995760261
1089.19766917999,11.5412047220685,1100.73887390206,14717.3827812081,0.00743924419782672,0.117283638921789,0.00577373104319179
1094.62176776229,17.3683896608285,1111.99015742312,19641.6199587892,0.0107402539872583,0.220967683741888,0.00785140169966459
1091.64880892332,10.234156328204,1101.88296525152,4590.69240499282,0.0114469237778086,0.0131766743396696,0.00184233668972553
1110.11907665021,28.0645964435115,1138.18367309372,26706.9357019389,0.0187719772611713,0.441619612856435,0.0107476048092446
1098.50651257201,12.9747722075686,1111.48128477958,16000.6895858789,0.0084081741038273,0.137881245870332,0.006396434848405
1097.13726928469,19.5659797411166,1116.70324902581,21491.0859711869,0.0115509317644712,0.244258021050575,0.00852774897659602
1096.7989529471,9.69753395419329,1106.49648690129,15873.2141416527,0.00392003969397928,0.140200535528477,0.00635021973752983
1110.12156717965,23.4992407054383,1133.62080788509,23200.1619428618,0.0157440487853831,0.348675513359644,0.00932178157147298
1087.1782588716,14.7181083206637,1101.89636719227,13205.074095557,0.0121946793377149,0.103278143082547,0.00526922140141646
1088.95509369574,34.208545991453,1123.16363968719,28643.2513477093,0.0230697922737928,0.491223263814795,0.0110882416004136
1084.56622127413,16.7262029110986,1101.29242418523,15523.9393422467,0.0124364224313978,0.135479544726145,0.00602639908717302
1097.23920390209,23.2132146822964,1120.45241858439,22791.6235347342,0.0147493967259354,0.27613765794814,0.00897971077710331
1095.90910955028,12.6520178359664,1108.56112738625,17231.1772001193,0.0063945740627589,0.156640960675941,0.00684376723964113
1098.47523166505,15.6700564899844,1114.14528815504,19462.89814076,0.00875140079981281,0.22034712503603,0.00780472484710293
1092.7284862892,15.5759601498168,1108.30444643902,18232.0063990269,0.00889624207458489,0.181792274993005,0.00714699294022157
1094.26922651321,8.45623252741049,1102.72545904062,14624.6988422478,0.00347084583406248,0.11278060835018,0.00580430361749779
1098.58416858368,16.4229447401322,1115.00711332381,19247.8205914571,0.00960302576296996,0.195736954069776,0.00766383134224127
1095.02927194284,15.8968150560894,1110.92608699893,19004.8455924955,0.0088446279697955,0.19063155939795,0.00751186611729161
1101.93253157626,11.945333862606,1113.87786543887,15390.1384946867,0.00790957076277277,0.154003215744554,0.00617626588404259
1104.09151138544,27.8184633752994,1131.90997476073,26328.1423303391,0.0187694774306886,0.444479072821416,0.0106023934732878
1092.30482450542,5.99083336403819,1098.29565786945,12679.248047398,0.00339865051056259,0.0873954740264377,0.0050466985484168
1098.12198807726,19.1758104763558,1117.29779855362,19983.9158904774,0.0129338494005125,0.259412742728962,0.00804976194287401
1103.72631983776,18.9851735332559,1122.71149337102,21112.5480724933,0.0116970029763507,0.261189761141199,0.00848165663246897
1098.10472504391,21.5010658074198,1119.60579085133,22857.5202936209,0.0130560903754377,0.282229460693369,0.00910255583125165
1094.27561791035,15.4778335573294,1109.75345146767,17455.1393885104,0.0095369533767656,0.166096099921558,0.00685060641786195
1101.92259062545,17.6371337541176,1119.55972437957,20611.7403081691,0.0104936139550469,0.262878989611821,0.00829362055443122
1100.38045475277,11.1148447875054,1111.49529954027,16207.6277635516,0.00612017187043326,0.167270694295782,0.00652523613851453
1104.56836252115,14.2730025114238,1118.84136503257,16111.9500763144,0.00996324663669457,0.167380580153471,0.00645193645117292
1093.89263052976,5.65759512650416,1099.55022565626,13204.477627382,0.00153584535867615,0.0947703065405316,0.00526544262579124
1097.73403045254,9.15483486089182,1106.88886531343,15497.7657098094,0.0037535953531761,0.136955717577514,0.00621401202465324
1095.11429257238,19.8997828040367,1115.01407537641,20846.3163133944,0.0130153201548016,0.259953361724747,0.00835804097171173
1099.05778553849,8.27677440624475,1107.33455994473,14452.1132624675,0.00431749655303153,0.131658845188062,0.00581802141079238
1090.53243012854,17.5993667977789,1108.13179692632,18766.4831631934,0.0115031293511591,0.192625785696457,0.00744061367904167
1094.8890013516,12.6480524382193,1107.53705378982,17279.1685421735,0.00631043487876421,0.158287373056047,0.00685711175084526
1092.55922806494,9.95749389911537,1102.51672196406,14513.6427810703,0.00552453968349968,0.114126795948696,0.00569871114321971
1097.94718648173,15.3313851584237,1113.27857164015,19044.1855807217,0.00878023520046864,0.216388702833018,0.00764608720735311
1098.8010353142,18.7550947867156,1117.55613010092,21308.0195982426,0.0109197352922297,0.24808938339116,0.00850513423407398
1086.26217780866,18.8009121163432,1105.063089925,16844.9390891778,0.0130339272913141,0.236962718166614,0.00634670648705139
1089.61449405165,6.89387859218377,1096.50837264383,11625.7935988453,0.00541949573655163,0.0732733884270528,0.00455970606495573
1097.95802427419,17.1816306869287,1115.13965496112,20364.7734578151,0.00973466963339004,0.229277314929332,0.00813450781008937
1097.88221512746,7.10723557166793,1104.98945069913,12281.6979167426,0.00549956809541136,0.0979654170137696,0.00494020112525114
1098.4975828446,11.316623555647,1109.81420640025,16774.2556579726,0.00561264612164451,0.170328063403053,0.006743627447113
1099.53108707698,15.8030960919018,1115.33418316888,18242.4407449984,0.00984998427750151,0.178046498258775,0.00728512926597585
1102.10564664547,24.6592356006294,1126.7648822461,25006.4096198593,0.015576135375807,0.353372953063555,0.0100122279368419
1100.081596119,15.9620990468368,1116.04369516584,19525.9072947255,0.0092479702273937,0.234181125972405,0.00785352353468697
1099.3766157476,13.9803187352982,1113.3569344829,18493.4424006745,0.00747013592046745,0.203607415240661,0.00742892929861305
1105.60683233983,17.0910542811866,1122.69788662101,19287.7322495203,0.0109229507168554,0.241551293821752,0.00775133200103584
1093.80255390855,8.5482977952507,1102.3508517038,14792.5696244129,0.00344830664572579,0.117043819599043,0.00588027540592149
1096.20304012621,14.3164297408573,1110.51946986707,18336.0098439444,0.00798704415162047,0.193537911907134,0.00734190145282247
1101.05483067255,22.1257833764059,1123.18061404896,23449.075843256,0.0137082786824439,0.319583255405438,0.00940351310082238
1098.58399225875,16.6011347859686,1115.18512704472,18449.5081515995,0.0110310308972994,0.222256488944379,0.0074315377287861
1092.64080171977,8.25970372004402,1100.90050543982,13739.0805943726,0.00433846430237225,0.100449496235094,0.00541135558616876
1092.84389058394,28.4460000717724,1121.28989065572,25273.6347838734,0.0199128196569183,0.379545051837117,0.0101121597386327
1089.60225334854,11.0484401579413,1100.65069350648,13612.1128701517,0.00823147502170709,0.103476035303938,0.00541294256934699
1095.77758202703,25.3866287359756,1121.164210763,24814.1004582554,0.0161920193183329,0.329185587855948,0.00983484838398482
1099.86845234845,16.3966955039275,1116.26514785237,18492.5472602907,0.0103841687090644,0.183303774003068,0.00738728573041291
1099.000907882,14.3326906238356,1113.33359850584,18737.8338587285,0.00764240970829464,0.204758902753767,0.00751826575569748
1097.10878032928,17.7777696577689,1114.88654998705,20010.4414293244,0.0111349441890577,0.244085634808156,0.00803882707145499
1096.61727964345,28.2978126748061,1124.91509231825,26272.2619753995,0.0182844429819009,0.369557092735436,0.0103378542396881
1095.71900384759,22.2825584874885,1118.00156233508,22883.8443086577,0.0136700381649041,0.277416375669962,0.00903851203817597
1099.70396890594,16.3562533786428,1116.06022228458,19982.5586330656,0.00915421040913733,0.22961404038447,0.00801146162227225
1099.96145584566,21.4355211371921,1121.39697698285,22830.2523954969,0.0130279387916409,0.280906063313771,0.00910349647693243
1097.80874269551,15.3592201754154,1113.16796287093,19260.5391284886,0.0084605690784151,0.211997937071903,0.00771344420784582
1093.77120145246,17.6836161380026,1111.45481759046,18782.6782993145,0.0109737066244321,0.198589374856185,0.00734347754566261
1103.43070381124,15.8305060337557,1119.261209845,18900.5480659082,0.00970296219144153,0.231268734620727,0.00760599588486073
1102.3314202776,18.3593160541777,1120.69073633177,21076.0077809329,0.0110244827226039,0.274201929954452,0.00847987424011392
1095.2451205741,13.0014575722506,1108.24657814635,17521.0770908771,0.00690772904452796,0.171887639287589,0.00699904430890546
1101.54115807712,14.7729367829121,1116.31409486004,18870.4468593356,0.00828012975440085,0.21876002870643,0.00759223647528357
1097.49581337514,14.0155391899965,1111.51135256514,18464.9619426292,0.00739065263260742,0.194226121344996,0.00739396074727826
1099.0512705984,22.2574002797578,1121.30867087816,23368.5169990534,0.0138478982191446,0.310879606366613,0.00935143419954861
1101.01801705012,19.6341125819668,1120.65212963209,21477.5993957269,0.0123454634931415,0.290686175679822,0.00864539047391013
1096.26795995779,15.8319545355511,1112.09991449334,19328.8915935839,0.00895145010275809,0.209395220474746,0.00772270828648997
1099.77869543329,12.1297410157675,1111.90843644906,16649.7668467216,0.0070315545927226,0.177941448614382,0.00670439026790168
1102.26640834388,17.3403206838789,1119.60672902775,20350.6976149802,0.0103571847663129,0.259351498931868,0.0081915552517724
1096.88703345976,6.72047339342111,1103.60750685318,14017.8019116635,0.00227897036943063,0.117164842856794,0.00563279834306652
1099.06571591222,16.1170047815385,1115.18272069376,19644.5525030518,0.00896716907183133,0.210908606876611,0.00784858422775114
1091.92153767478,24.902144302336,1116.82368197712,23830.0874089646,0.0160282344909639,0.30620952763776,0.00936239602121219
1097.05045857087,17.1690693309145,1114.21952790178,20239.1849662235,0.00969951007391465,0.221119317344399,0.00806092325625718
1106.57400944092,18.9950926780354,1125.56910211896,20478.5388257575,0.0123420773356807,0.265674759814128,0.00824008504561722
1107.7128236398,20.1958232256292,1127.90864686543,21297.0916783669,0.0131720798862574,0.292942149610366,0.00856284505711061
1095.9310041755,15.8654156441541,1111.79641981965,19314.8170571942,0.00896436077701485,0.207085163522619,0.00770913033846589
1103.25397806845,13.7397424738084,1116.99372054226,17460.3557598059,0.00833078794952661,0.193882079057535,0.00702653771872945
1096.32290642484,9.32083480047686,1105.64374122531,15597.0742862871,0.0036363205761474,0.133644792336989,0.00623246265042673
1090.78158188261,9.33694462295066,1100.11852650556,12194.920118972,0.00772270553717687,0.0884780897320549,0.00488438484750837
1099.37183950058,19.4018456206122,1118.77368512119,21659.8865855604,0.011733429562813,0.275921978503856,0.00868947367523474
1105.86155169202,17.0998090749012,1122.96136076692,15456.4158564832,0.0130376134669371,0.141226477674113,0.00609122203145635
1105.10052799101,22.4302035382483,1127.53073152926,23536.1651008809,0.0141257915873406,0.3302572257843,0.00946009146914377
1096.29475086597,7.13849923577046,1103.43325010175,14151.5246561996,0.00244424235958459,0.110721366326101,0.00566192101162508
1099.62367314946,14.9921383441038,1114.61581149357,19137.6452399602,0.00818804671737238,0.215682319892108,0.00768342472130638
1090.85796152056,14.1659081902869,1105.02386971085,15489.4650301951,0.00934834554745115,0.15174920823661,0.00599077137175266
1091.39558236504,15.3550810288467,1106.75066339389,17960.0179312049,0.0092784630740075,0.173009456072417,0.00709930153835623
1102.62161749101,14.2088661303472,1116.83048362136,17590.6742345067,0.00877194996400822,0.188316920553372,0.00707692343959233
1095.95678272235,11.5557083654663,1107.51249108782,16713.2588257926,0.00547216482737705,0.148611968573582,0.00665035451512741
1090.36601225936,11.7334282057002,1102.09944046506,15077.0051964316,0.00761942732168303,0.123481713449379,0.00597555615131682
1104.64963445863,26.0485723451062,1130.69820680374,25888.6046130022,0.0167608467119186,0.391644760688751,0.010391579818557
1097.76958898125,21.9920551105305,1119.76164409178,23032.5826221346,0.0134082437632523,0.282011255936546,0.00914802756135143
1105.34147491048,20.085966566337,1125.42744147682,21207.6978957345,0.0130934090230269,0.294072175555669,0.00852729773277548
1095.17017919556,21.5046063128315,1116.67478550839,21643.1105991029,0.0143726216335994,0.283865280825889,0.00868356480103446
1082.75113996633,19.269119175924,1102.02025914226,15215.793013128,0.01440406835312,0.232591702502926,0.00560659530429047
1104.28436399358,23.4722232336037,1127.75658722719,24218.5445241017,0.0149696444253285,0.362189196054924,0.00974391784757547
1100.96566904128,25.7663892497766,1126.73205829105,25608.3605630371,0.016450974684969,0.368575242596325,0.0102424055800954
1100.7055439809,14.1357268306527,1114.84127081155,17947.9554102269,0.00839318470690535,0.20692176127769,0.00722716011966053
1093.59266747086,17.888694127003,1111.48136159786,18050.6037638897,0.0127608852717621,0.208674450840932,0.00726418651062328
1091.68764608952,7.78868404035755,1099.47633012988,8315.59863826021,0.00869205167041393,0.044463218077357,0.00334970915714965
1096.94443847271,11.1604898788597,1108.10492835157,16779.7407248737,0.00506115728445652,0.158127275053391,0.00671493731439324
1101.65051035461,16.8728275660283,1118.52333792064,20233.5407747518,0.00978646148893261,0.248835540013896,0.00813673363632392
1096.18679330409,10.7814064119736,1106.96819971606,16263.4465805007,0.00492295826298994,0.141371567429666,0.00647906008499963
1105.11779686505,21.1899035333037,1126.30770039835,22451.3893088789,0.0135457304083762,0.324652696494704,0.00903909047140673
1105.76449606779,25.3124762350919,1131.07697230288,25381.2838060491,0.0162857693979005,0.382572258375411,0.0101986994934892
1095.95201309364,20.6577870655437,1116.60980015918,20705.7067692995,0.0141278493880741,0.27257872423627,0.00833189115764795
1092.29382874556,12.4792130309836,1104.77304177655,16262.3215470256,0.00682380286582505,0.144461684629609,0.00637613094194044
1100.39911850461,16.1734122001809,1116.57253070479,19717.2294983195,0.00934041206803465,0.237716407896709,0.00792945211969951
1098.42011609625,14.2824371231644,1112.70255321942,18698.9233445263,0.00748973853699185,0.197288464107381,0.00748672263924022
1099.84839812231,16.8380748389254,1116.68647296123,20249.7665590645,0.0094990644570689,0.231992758628146,0.00811105877635311
1095.66307972823,16.3270823983066,1111.99016212654,17897.0428614458,0.0111176983062884,0.205610879170268,0.00720599538921095
1106.00113902185,22.8584085194748,1128.85954754132,23664.6131533356,0.0145779374741794,0.336011166389896,0.00951505199614732
1102.42043335138,20.1754345534368,1122.59586790482,22279.5022549048,0.0121926642408756,0.28783672323714,0.00894044228992845
1098.2788073352,15.7550205528475,1114.03382788804,18365.7134173119,0.00953442503475463,0.176976090465562,0.00730826386553056
1094.86492630313,28.6134846179249,1123.47841092106,26370.2453994265,0.0185473549356466,0.375669283797807,0.0103570731722922
1099.60768210058,18.0447189900001,1117.65240109058,20598.1653252913,0.0105813203080618,0.227976500790048,0.00821774485445619
1094.04645568308,20.2561874399565,1114.30264312303,21487.2384803155,0.0125634736801648,0.250526098201495,0.00853421420651007
1091.43438358469,16.3129388123848,1107.74732239708,17995.1041517032,0.0107374556060895,0.183011185209759,0.00717097765653476
1103.82196808888,13.7770025487194,1117.5989706376,15331.1466525847,0.009879018632423,0.149355506415446,0.00611759966589702
1107.96915239644,19.9383864694416,1127.90753886588,20860.261101116,0.0131555249839254,0.282178382236343,0.00837845455045364
1102.67155369837,28.8753415121144,1131.54689521049,27412.4591521747,0.0191365713018827,0.448676229932319,0.0110057692748015
1101.53380005815,17.4343794832653,1118.96817954142,20578.1676949122,0.0102112427271785,0.256935222293225,0.00827420898398304
1095.83648320415,4.78044462278431,1100.61692782693,12766.3485397579,0.00146069672048058,0.0921600647685545,0.00511665403523544
1093.06677282582,14.0615655054697,1107.12833833129,17751.4226040758,0.00769945400885304,0.167506538857366,0.00701782385498333
1096.8937328971,13.0395554412745,1109.93328833837,17863.0615704015,0.00651174790944678,0.176430464143882,0.00713693299584289
1102.60640937944,16.7120363418994,1119.31844572134,20060.4817226938,0.00973838313206383,0.244551643468652,0.0080685479295066
1101.99410344065,24.0174617380744,1126.01156517872,23745.3850316578,0.0154792758208891,0.29899782904624,0.00946504918447152
1104.21132827713,19.9021507477727,1124.1134790249,21613.6285278182,0.0125988318056614,0.301178558328901,0.00870211930883591
1097.08987527953,17.1452160760764,1114.23509135561,20252.0307368629,0.00975124529339201,0.225372517011776,0.00808047837126315
1097.90192834374,9.36343907636878,1107.26536742011,15137.1723590772,0.00465686363551651,0.127893359372931,0.0060642366836512
1102.19788947367,22.4511636515009,1124.64905312517,23694.4199729271,0.0139501662302777,0.328123040549557,0.00950800176212983
1103.66193458541,23.5440265621867,1127.2059611476,24367.8731044374,0.0148498708581478,0.352579223730624,0.00978832080253019
1107.47125432975,29.2698794831756,1136.74113381293,27421.753519934,0.0195029912109939,0.428683161687755,0.0110000704897451
1097.78852790544,17.8854098021489,1115.67393770759,19812.0825850177,0.011495001507346,0.24743346369605,0.00797280987898489
1104.50528515594,17.3941546816059,1121.89943983755,18660.2373365263,0.0117646237833332,0.213814749902738,0.00750808963177969
1105.95254427423,28.1769090555929,1134.12945332982,27190.9347884987,0.0184914424423823,0.443367567780022,0.0109275466095378
1108.09632992483,18.8443204319539,1126.94065035678,18466.6483213277,0.013337172028341,0.216236206574655,0.00736278982455642
1100.33766216656,17.1398780561965,1117.47754022275,19906.2193713952,0.010114914484461,0.215766784961481,0.00795758061397115
1095.41166175614,12.3548116729813,1107.76647342913,17227.1443579937,0.00628839986685175,0.165355334856536,0.00688064079796753
1089.99211984996,22.7435046278391,1112.7356244778,20802.525562058,0.0162452979998863,0.25737939477122,0.00831592220806956
1099.05635954763,16.2642955437584,1115.32065509139,19381.2246893599,0.00980662995498514,0.233991930319762,0.00779799960022097
1092.86347544659,20.2210291195187,1113.08450456611,21142.9435984085,0.0122695717445279,0.243384686483734,0.00829167488261387
1092.67932895782,6.88595110239868,1099.56528006022,9969.20221559848,0.00718679094870475,0.0633942923875605,0.0040145254350287
1089.54227529089,14.6575215249802,1104.19979681587,16748.9882319325,0.00888942661793229,0.167163554554322,0.00649518078076611
1100.40662376474,21.6715265277836,1122.07815029252,23095.9980637077,0.013438143015825,0.312774325006998,0.0092647921060519
1095.11869601309,21.2984952723431,1116.41719128543,22146.6264588729,0.0135256769447871,0.275748840745342,0.00883664089252019
1092.49522733481,5.35809393285125,1097.85332126766,12131.0205746772,0.00366231200542501,0.0822685133667238,0.00484436707615208
1084.36061753269,13.4921396527896,1097.85275718548,12006.9769258118,0.0108856882534002,0.122837929163315,0.00449098644247426
1100.78628149708,15.5692418027902,1116.35552329987,18808.0258999477,0.00946361098428747,0.227184801374862,0.00757392861278053
1092.99950910776,5.66097665543226,1098.66048576319,12745.8187665349,0.00292181819648589,0.0899047634359209,0.00508676288118556
1091.57142915375,20.0141199159473,1111.5855490697,20598.5604408188,0.0129869957925194,0.232248257882061,0.00817371017487974
1103.96556735912,20.5272195227642,1124.49278688189,20212.7710230913,0.0141767353203906,0.265351365558552,0.00810252422317841
1097.75194556494,18.5727028380499,1116.32464840299,19707.1897399932,0.0124234876679656,0.250781847721986,0.00793713078682345
1091.58981155861,9.61982363337821,1101.20963519199,14445.3759157923,0.00514460424204199,0.113282632285934,0.00566805532302232
1096.60547400913,21.7479006179633,1118.35337462709,22481.8446374166,0.0139711901866348,0.295771637608988,0.00900432854898443
1094.67468730822,22.4335311027032,1117.10821841092,22892.0195706992,0.0138718999623867,0.278583991482805,0.0090399328155351
1101.16816817035,13.9621369155763,1115.13030508593,17735.7949692263,0.00836638151051784,0.203270939026401,0.00714064577870948
1092.32357164466,19.4427387620426,1111.76631040671,19650.6426123682,0.013312705286885,0.230350623512097,0.00786817139106358
1102.23029523327,24.2957021971072,1126.52599743038,24742.1828037206,0.0152826359241395,0.341517769421312,0.00989969238298294
1106.57803649681,20.2536777134205,1126.83171421023,20380.680048072,0.0137312938159656,0.268132997640625,0.00815757251675343
1089.9800685578,16.6986068041807,1106.67867536198,18345.8932056354,0.0101360379679939,0.190140225261613,0.00715181654402706
1095.04978765026,15.2709581435896,1110.32074579385,18838.8974910055,0.00855269251166981,0.194354737167574,0.00750532992770048
1094.0642411061,14.2139456775367,1108.27818678363,17492.386727322,0.00872157562511757,0.178780690925453,0.00700367448141102
1096.47136343783,13.904922051034,1110.37628548886,18238.4644233783,0.00717457320604021,0.178330326586859,0.0072616117805012
1103.41158338578,17.5294397352736,1120.94102312105,20493.7527548939,0.0104381503820695,0.256260316449312,0.00824424342207008
1092.8528282203,14.0895425314063,1106.9423707517,16816.7110896918,0.00828838686570229,0.157941452844675,0.00657846230669224
1106.41154747712,24.930372345179,1131.3419198223,24895.9435108344,0.0163132533705502,0.395907407514429,0.0100240056383836
1091.7696208656,32.9736271072944,1124.7432479729,28582.3631824719,0.0223297492610711,0.439534642564456,0.0112462639815763
1099.90889339516,13.1437767514206,1113.05267014658,16909.5181513044,0.00809337426993864,0.185744877245236,0.00680845667459623
1095.03079725327,13.4538725591044,1108.48466981237,17293.3697788211,0.00727433980782843,0.157297395801786,0.00683489196670953
1101.44381108127,21.2279489240466,1122.67176000531,22740.5291416817,0.0129628595581701,0.284439081007443,0.00909247597396982
1087.6216078464,13.798062186873,1101.41967003327,15481.4159110961,0.00903683157591242,0.143839138194023,0.00598766091873671
1098.43654548854,12.5635907402375,1111.00013622878,17566.1756998023,0.00624210307320283,0.172358347756813,0.00703208276101483
1098.13800022376,16.212651721653,1114.35065194541,19813.0314262604,0.0090337660031759,0.221291108942214,0.00792781218102075
1098.0439652565,7.50374174834664,1105.54770700485,14151.2694461688,0.00345708024829042,0.117497280526893,0.00568515669455218
1101.53265034776,18.2709463279811,1119.80359667574,21055.6676473647,0.0108971691621576,0.270266296430524,0.00846708857349672
1099.82872910183,12.6919237333987,1112.52065283523,17687.4004419664,0.00654002089044731,0.188010296332532,0.00711004001687711
1099.08816307328,16.7701926150799,1115.85835568836,20109.3330460745,0.00966895577902522,0.238584025759928,0.00807073437887944
1103.28327329522,15.7026976677736,1118.985970963,18853.7450484977,0.00953170906833668,0.215964313822214,0.00758455233343096
1093.75876998349,17.6796628247567,1111.43843280825,19879.9632348589,0.0107299024540678,0.216510502176513,0.00790788572188132
1110.19392885284,28.9600860283726,1139.15401488121,27178.3150523906,0.0195629612721305,0.478802530856725,0.0109378290294946
1099.35020275958,9.05864910368353,1108.40885186326,13067.0763686047,0.00671782333791172,0.111034464366675,0.00524535982090546
1093.44663123387,14.7088228792547,1108.15545411312,17443.5226270449,0.00853191755498944,0.166713638589378,0.00683931813126787
1096.32092495519,25.4077843595881,1121.72870931478,24810.4086393843,0.0164939161560801,0.342339054467699,0.00989094459074959
1106.79942708406,21.0892101264234,1127.88863721048,21605.9904667032,0.0139656110151951,0.304848704451617,0.00867586682330633
1102.18267527073,22.1060146804779,1124.28868995121,21930.4977458465,0.0149907093733432,0.316428491404423,0.00882857513503481
1098.89930662737,20.994553550939,1119.89386017831,22465.23332022,0.0126696252596824,0.26863590179504,0.00893840482505618
1103.26459551165,26.0066387898046,1129.27123430145,25858.904332883,0.016702646080816,0.388680420796744,0.010372582576027
1096.9889646942,18.315384585974,1115.30434928018,20837.973146217,0.0108731589744171,0.24482838028545,0.00832939855325202
1103.21050540972,15.8168980979887,1119.0274035077,19280.6997621733,0.00933759173900042,0.234319270955546,0.00776146427795337
1096.58034324751,13.0279073006669,1109.60825054818,17564.0354602938,0.00709477856395299,0.181634195491005,0.00704530055360978
1097.92099640481,18.0660194133513,1115.98701581816,20745.4587473226,0.0107391891891527,0.249471290765855,0.00831234464307357
1095.50576910753,16.5251953505875,1112.03096445812,19665.8094388497,0.00937203934016794,0.209438534263916,0.0078256720919398
1099.49960370442,18.7696765154999,1118.26928021992,21180.6689410421,0.0113934833363761,0.270147387311738,0.00850849802594697
1098.73511597668,18.7778079195398,1117.51292389622,19821.7063988225,0.0119784835615319,0.204696142537173,0.00787225370118766
1091.95569256306,11.1608843778152,1103.11657694087,15698.9103830745,0.00585199619412183,0.131551744161639,0.00618289362241353
1107.6062027089,23.7947947260981,1131.400997435,23675.4510681117,0.0157245986372052,0.338925669493442,0.00952307128358223
1099.28107843109,19.0574239047879,1118.33850233588,21422.184617991,0.0115070653822792,0.271373806031805,0.00859674104219887
1097.80087027267,7.51945357209119,1105.32032384476,14116.754666724,0.00367865816361437,0.124421549610329,0.00568224356886497
1088.98485552031,14.258486350541,1103.24334187085,16207.9415962272,0.00883220830114325,0.161893962610275,0.00626490994400748
1099.73158836925,18.6898962000229,1118.42148456927,21017.7349128983,0.011045988011685,0.23732236598188,0.00838406197096361
1097.3215884385,20.0027670222704,1117.32435546077,21798.5757377462,0.0118780674409602,0.251890189750995,0.00865472229979808
1099.74600388466,14.0759766523395,1113.821980537,17376.5096360079,0.00884187868037614,0.196460672612244,0.00699720005327284
1098.07820951924,25.0308205523327,1123.10903007157,24873.2770031878,0.0157746367941822,0.330305207164786,0.00988070783653064
1103.10598570084,20.5320763654198,1123.63806206626,21565.3682699975,0.0134018116547849,0.303469754571163,0.00868273723598242
1100.38867717861,13.4028077488173,1113.79148492742,17994.6271039601,0.00729207249261313,0.200186313553588,0.00724080001948573
1102.46490069256,15.5565118288992,1118.02141252146,18442.3428939516,0.00965471730812713,0.200202775441645,0.00741190489997362
1092.52243268278,14.1743049403292,1106.69673762311,13409.3290085454,0.011631128066122,0.11888903660906,0.00540293851324313
1103.33537994944,24.6083837251723,1127.94376367461,24987.007367685,0.0157080036197988,0.37255327552948,0.0100372906659446
1094.38367515652,18.107399514784,1112.49107467131,20144.3294865216,0.010567561949929,0.216345427266243,0.00793411754051096
1094.503730928,28.2585600296331,1122.76229095763,26274.8716251473,0.018569999293161,0.370305685381038,0.01040035836023
1102.47439594993,22.0477101011781,1124.52210605111,23313.3838776484,0.0138658301280395,0.332672906537194,0.00937529883124636
1104.99164240788,18.9002086650787,1123.89185107296,20017.8163525156,0.0124943642784258,0.261708440530063,0.00803617094681472
1101.15740948411,15.9872684580044,1117.14467794212,19364.9027949339,0.00924761095844094,0.212599580861972,0.00776501371270144
1092.69818763441,12.4544706720858,1105.1526583065,15288.1094862784,0.00775847013483203,0.131213648995255,0.00597903059597167
1097.03734333194,23.6522160582516,1120.6895593902,22829.5793459187,0.0151973033522907,0.279308855788611,0.00898198480673997
1098.34775659768,18.1719636015625,1116.51972019924,19257.7517466421,0.0122789130444683,0.242377554128043,0.007757676678815
1090.48845259328,14.107880665211,1104.59633325849,16718.8333513924,0.00893952959587909,0.151210888163774,0.00661802294420052
1095.35727072325,13.3869242426423,1108.74419496589,17800.5672956348,0.00683102976367877,0.168640051789102,0.00707189900844059
1098.16808712817,17.9148811480278,1116.0829682762,19620.54428658,0.0117025342255329,0.24680006986613,0.0079008551517093
1102.97173037387,17.5864211806829,1120.55815155456,19770.9811257065,0.0111755516332066,0.254969594417464,0.00795709393057541
1096.37768856949,12.4085644140376,1108.78625298353,17397.5020804404,0.00623910774982861,0.171460405420663,0.00696169884808416
1099.25197569613,10.4115881395344,1109.66356383566,16225.3366647577,0.00491033894581046,0.157008447469151,0.00652143462011311
1096.18948425892,12.0330801935593,1108.22256445248,16776.0624616199,0.00663045620934793,0.168369003904371,0.00673513598023583
1102.68733297295,12.9722231008605,1115.65955607381,17027.0746175567,0.00775000155486249,0.185972195612688,0.00685156592292552
1104.65290213556,18.621879257832,1123.27478139339,20744.8776388666,0.0116861478679056,0.278210063536256,0.00834964868188376
1100.70791271923,11.539986718201,1112.24789943743,16185.5446138161,0.0066596693888682,0.156694137858623,0.00650838777431577
1101.91077987961,12.4966086453485,1114.40738852496,17004.4503744589,0.00714203367879615,0.183772765049993,0.00684485399804064
1101.72361465809,23.7399347776946,1125.46354943578,24309.53848459,0.015157321284871,0.355823220283127,0.00976621607154086
1101.62611741993,15.2094880640129,1116.83560548394,19008.997509055,0.00877684707896533,0.226853838842048,0.00765204440780183
1096.43103693666,16.9520728772446,1113.38310981391,19945.7978246898,0.00990566319616983,0.225274884884703,0.00797466046741561
1108.4825606111,25.7773112435012,1134.2598718546,25371.0551027556,0.0170008477153049,0.412249246394083,0.0102132364695997
1089.8718782352,23.8083985248907,1113.68027676009,22705.9354990808,0.015428418143532,0.283248637157105,0.00888126923645563
1109.13163476053,33.9992146721927,1143.13084943272,30693.4016368068,0.023141873731344,0.581658906097003,0.0123489760498825
1089.85501177246,13.0061927564514,1102.86120452891,16037.801391923,0.00775865642755294,0.142508270648808,0.00626755296347887
1097.97181678582,13.2587023437994,1111.23051912962,17719.722872804,0.00693938216530691,0.169372355866854,0.00707265415217696
1096.59727882485,11.7152217851105,1108.31250060996,16441.1749599526,0.00607930236756753,0.142642559929293,0.0065423094986239
1095.74100580945,18.0954373088317,1113.83644311828,20552.916431354,0.0104511233315367,0.224078818490114,0.00814888702041705
1098.33129641282,18.6173856420474,1116.94868205487,21215.6007415746,0.0108194763425286,0.246284142178956,0.00846660440032092
1099.68044257769,18.8239021143791,1118.50434469207,21445.440798827,0.0110791014756502,0.262910448297106,0.008591314515299
1099.91386995479,20.2494153120769,1120.16328526687,19467.7429638645,0.0140821820412413,0.198882161135537,0.00775863444808019
1095.39591602408,23.0219515918284,1118.41786761591,21492.3281247973,0.0152530244337337,0.259468008835912,0.00840832828528422
1101.65371387818,13.213749339586,1114.86746321776,16982.1743974937,0.00809179960365732,0.187639292364023,0.00683237926452266
1089.23528610984,10.8842056586693,1100.1194917685,14336.7369688683,0.00697088860872147,0.112212361810943,0.00561416499960389
1086.40738348446,23.0667014841975,1109.47408496866,21146.5237591052,0.0152183879425973,0.283439995160473,0.0081317712325472
1088.8648580311,19.2474947003624,1108.11235273146,18723.9669518163,0.0124076790010366,0.242149197919674,0.00717554444280796
1090.49690667281,16.8867335570474,1107.38364022985,18648.0407624865,0.0104518622547343,0.186810693817203,0.00733902161640707
1101.97347122548,13.5790349194515,1115.55250614493,17799.9903187921,0.0077861432100757,0.201462679234949,0.00716589539061478
1086.60111320394,23.9769800170666,1110.578093221,21714.9221680458,0.0157837825996597,0.307763968033125,0.00833328895398451
1099.12001379528,17.1092153283988,1116.22922912368,20343.9400752819,0.00966763785504974,0.228229337482974,0.00813128210459593
1093.51463339913,8.6240506746546,1102.13868407378,12920.5060578268,0.00648918847385155,0.104254601349387,0.00519701496770723
1093.62013933638,18.1299782753101,1111.75011761169,19379.4303221311,0.0110183043624143,0.210271831788986,0.00757895023246905
1101.66889783455,26.1443351484781,1127.81323298303,25863.645890791,0.0167049907505683,0.373215502105232,0.0103420887179046
1095.7302485005,9.36363650989091,1105.09388501039,15485.1115477581,0.00377145427264085,0.128980902506678,0.00617301864842111
1098.3556755671,26.1288015740855,1124.48447714118,25544.2217763792,0.0168775956186955,0.364306785326458,0.0101976602254384
1103.00279107212,15.2832663696296,1118.28605744175,18568.0408858469,0.00929904489316357,0.223103245728299,0.00747273156166314
1098.85382220406,8.62536498352173,1107.47918718758,14598.7749369626,0.0046201437278669,0.135301603341447,0.00587768089929684
1096.0778980813,17.292358214451,1113.37025629575,20199.8347191872,0.00990849983423709,0.221241056928664,0.00804200798674916
1107.77767001071,25.4259487004127,1133.20361871112,24554.7025418575,0.0171055881768156,0.394790124381206,0.0098737646503341
1094.85121918733,15.4130216531198,1110.26424084045,18867.96381702,0.00872029666514709,0.195174856285308,0.00751633061407322
1089.01457595637,19.2440519894878,1108.25862794586,19645.206396427,0.01234082856942,0.211479378218009,0.00768569794914659
1097.78070374277,14.4824337091919,1112.26313745196,15557.1235221222,0.0106205723511759,0.158969027627233,0.00625386193177802
1096.62401559006,17.5944152243686,1114.21843081442,20005.8224600217,0.0102033691834313,0.210189629361053,0.00792082667316655
1098.63187555903,17.2698496958888,1115.90172525492,20468.1462503888,0.00986057290803827,0.237157277824119,0.00819277706044636
1100.24062804476,25.2654482826566,1125.50607632741,25244.2685352949,0.0159866229438741,0.348999301050749,0.0100735002089073
1105.90103161772,23.6842197598052,1129.58525137753,24163.9507044432,0.0151799175565146,0.344837364198996,0.00970972976050795
1094.52637175084,20.3902033719168,1114.91657512276,21576.6137171317,0.0127783908505599,0.257642728909387,0.00859384981822234
1104.89528235034,24.6379937402964,1129.53327609063,25015.0718614164,0.0157195450130661,0.370990387599039,0.0100495464761531
1100.51497508327,18.2366016323525,1118.75157671562,20766.2485740971,0.010773009215822,0.235495388833067,0.00830073742216829
1099.09405689952,18.7193401428341,1117.81339704236,20631.8875451431,0.0112977455652151,0.224133103945049,0.00820795179783191
1097.32106738884,5.81922171241559,1103.14028910125,12965.4141873517,0.00314364913150151,0.104792618907485,0.00521882472309646
1093.2901338857,8.30278453571323,1101.59291842141,14443.0748000833,0.00383775058152541,0.113860940043352,0.00575301715775944
1099.22257921501,9.15555998500681,1108.37813920001,13257.1329179867,0.00666362325574752,0.114461148463306,0.0053241671517055
1093.02873312747,16.521327252705,1109.55006038018,19093.9885681294,0.00984506749474751,0.196942225762733,0.00757622102614636
1091.46911471308,9.17124142972648,1100.6403561428,14156.2093058107,0.00541901484254752,0.108307808282851,0.00561775186354449
1095.03805813393,5.27573823268539,1100.31379636661,13131.9403201494,0.000842107921137168,0.0948682744346298,0.00524910851484488
1092.64453345247,9.41512761569383,1102.05966106817,14943.4436678297,0.00448430442187642,0.118516721032109,0.0059151648479658
1091.99325680677,27.4652691361892,1119.45852594296,25116.0186075294,0.0177839641161846,0.361497572130654,0.0097824599177589
1103.72517761624,21.6000383033738,1125.32521591962,22952.4564283629,0.0134381761449802,0.302425249949559,0.00920883852520292
1095.68795075558,18.448846702058,1114.13679745763,20376.1538015676,0.0115599640128856,0.243314183806563,0.00816173278551136
1098.55620752788,21.5548152528424,1120.11102278072,22805.6526384769,0.013078934957572,0.276702378574268,0.0090682373189629
1094.53963089325,14.6060660253285,1109.14569691858,17935.3224607603,0.0080819404753737,0.170516471307669,0.00707203458314119
1100.85137640007,12.3200363489023,1113.17141274897,17275.2925826759,0.00654539715679204,0.183311492559169,0.00695089804311442
1095.88963969184,29.174421842806,1125.06406153465,26965.9798610299,0.0193875703027078,0.398796234456878,0.0107256354041198
1099.91122323915,24.8299744617386,1124.74119770089,24851.9518022663,0.0159903449424783,0.361004160388603,0.00996192985259646
1095.48857375463,12.0707893547406,1107.55936310937,17128.5758379379,0.00582972885771568,0.159149344536181,0.00682551331007691
1101.39434902258,17.5296274962453,1118.92397651883,20481.711409299,0.010241785034465,0.237513280173382,0.00821005224556154
1100.65436017327,21.851890262484,1122.50625043575,23256.7298510193,0.0135116135027976,0.314248012238154,0.00932516515219658
1100.91847821465,12.391263100311,1113.30974131496,16775.6519465247,0.00724479662626105,0.181508609334446,0.0067533147542024
1099.33323200018,15.9976947319321,1115.33092673211,17327.041995378,0.0110971168493955,0.197596284241395,0.00696935931343121
1094.57792001607,9.14903945887531,1103.72695947495,15141.1100952003,0.00380228316717482,0.121270097524636,0.00601391390048244
1100.18902672758,19.299665957161,1119.48869268474,21748.7786468765,0.0114060212684036,0.267742178307057,0.00870906257270822
1094.20292225511,14.3155570580021,1108.51847931311,16760.594278899,0.00876258846289499,0.152035811040961,0.00658426449231582
1103.12925705517,24.2286407340458,1127.35789778921,24388.2112124116,0.0158019058063408,0.374973562575108,0.00981717743580177
1088.24849068498,17.5929819062988,1105.84147259127,18274.5731457635,0.0111254155331953,0.200399564371082,0.00707230517048806
1104.26043639561,24.5896508078693,1128.85008720348,24739.272345734,0.0157066336954233,0.344280388648373,0.00991274230829668
1089.3943750239,26.6219103397021,1116.0162853636,23627.2745797815,0.0174208271005078,0.371826233937754,0.00907835687013075
1108.31058866225,27.6147502526653,1135.92533891491,24910.3764532349,0.0192681728638857,0.36281510083402,0.010010094942481
1099.23352335256,11.2430916752542,1110.47661502781,14702.6715779013,0.00772526341081434,0.141486155435896,0.00591005203236049
1099.81935046356,16.8183522918868,1116.63770275545,20180.8128122818,0.0094933224946897,0.227357763309584,0.00807694671210382
1102.0858416428,16.3555236652906,1118.44136530809,19884.3716030507,0.00940173590879766,0.237855355222432,0.00799454746160519
1092.28176064797,8.46645599996683,1100.74821664794,12827.1483260303,0.00635296623227823,0.0983701777654248,0.00514414664800316
1096.31383275394,20.7894462753899,1117.10327902933,21867.6795458458,0.0132687417777589,0.279996679536155,0.00875858382232105
1092.6843874331,13.3126183942925,1105.99700582739,17102.4647319886,0.00717248818862689,0.156397179002682,0.00673142392015541
1103.83770513668,19.672347999234,1123.51005313591,21792.5502503834,0.0120273428990179,0.281334011594398,0.00875743086176832
1090.56295842816,23.6371040785511,1114.20006250671,22009.2735906665,0.0163920743609455,0.277549187837487,0.00877125744360168
1097.93694586978,17.4890428877901,1115.42598875757,20055.8417356272,0.0107369923320172,0.245172400277779,0.00805906250613288
1092.66002329159,13.1750953129847,1105.83511860457,17112.7908530994,0.00727085195490825,0.156543536131565,0.00677778287290201
1107.49333855353,26.4285492883167,1133.92188784185,23088.2651442506,0.0188273817451314,0.334085373680189,0.00920367524834521
1100.31792261587,10.9757802031448,1111.29370281901,16378.6326534187,0.00565122863095719,0.163768678351922,0.00658923529689826
1098.10527894526,31.9624470396165,1130.06772598487,28460.8203167405,0.0211106505499938,0.432642727470419,0.0112045424692795
1092.95625590677,15.475463980943,1108.43171988771,18544.0396175693,0.00884095337944425,0.18330316875262,0.00733435963759966
1096.84124374065,16.9655092586864,1113.80675299933,19893.749305446,0.0100684434103894,0.230131299046942,0.00797009849089842
1106.20929405719,27.8750107298816,1134.08430478707,26999.3339054161,0.018247786765732,0.434591645850377,0.0108488571035541
1103.50063074766,17.9625723497343,1121.46320309739,20646.6275897612,0.0108245603647499,0.254601643651615,0.0083003094366788
1098.00339161855,7.05803383557917,1105.06142545413,13986.0431586181,0.00305790538005353,0.116924734741236,0.00562275822874157
1104.2946547095,21.7970443755131,1126.09169908502,23202.6376553807,0.0136656150852762,0.332398167590067,0.00933589139785861
1099.27346652409,24.4448744488362,1123.71834097292,23893.5229243542,0.0163795381006986,0.359012549652515,0.00961302895275481
1099.7096507788,15.452380663394,1115.16203144219,19395.3369919554,0.00845163519739326,0.213418751356965,0.00777175828681916
1089.09796570572,17.9924927814656,1107.09045848719,18251.2538746757,0.0113887875743105,0.220096911483935,0.00701814443138833
1110.59660620099,24.9211770818087,1135.5177832828,23998.521966706,0.0168331415882225,0.374813389863387,0.00962987329748878
1092.12195239925,15.8643026718434,1107.98625507109,18521.1905660669,0.00914695143273261,0.184298961763338,0.00728221924215227
1094.75411956887,9.90924612540713,1104.66336569428,15775.8070641291,0.00429314850919868,0.13554095947985,0.00628856761283007
1098.5025913669,24.0093089137692,1122.51190028067,24048.2229767574,0.0156182909657387,0.343817014573076,0.00964572672767467
1091.41394997435,19.3251935983537,1110.73914357271,19186.1853539548,0.0134923732905965,0.219966710033185,0.00767992954933933
1101.40685448316,15.1954393501934,1116.60229383336,19190.9818657608,0.00850158190858554,0.222445669671876,0.00771661484872118
1103.22248450022,21.023553332698,1124.24603783292,22661.1724936287,0.0129383706169389,0.294611221859182,0.00909073166024663
1087.55261805184,14.4668935905783,1102.01951164242,15870.4814777532,0.00971504256904264,0.140204039954891,0.0061875990147817
1099.49774308872,14.6501907594667,1114.14793384819,17926.1901952417,0.0087158468190524,0.174217712589896,0.00716681343502779
1094.92164531986,14.5456682678886,1109.46731358774,18333.5677212006,0.00815296818227879,0.186845610523505,0.00731507591465107
1096.65625499381,10.3913351954333,1107.04759018924,16212.1244960331,0.00477873875123652,0.152850850353174,0.00650150480063166
1099.70919549133,14.4537308455308,1114.16292633686,18811.0502077328,0.00778817845380041,0.209362985967083,0.00755475334360988
1094.26431646209,3.01923631760692,1097.28355277969,11750.6518927936,0.00173818942374263,0.0787307081560581,0.00470836776216863
1094.47631524769,9.6252840556126,1104.10159930331,15458.2439739733,0.00409153497020334,0.126686811394839,0.00613950329978142
1091.91853023271,15.597610323363,1107.51614055607,18194.9921717399,0.00897075670272015,0.181295029476711,0.00712867561073617
1092.17587557389,17.240503350873,1109.41637892476,19246.7852084673,0.0101262085992037,0.202310314851331,0.0075438145811637
1090.48982800144,18.428387049981,1108.91821505143,18987.3370798546,0.0114320131142569,0.223502469586437,0.00734514492012221
1106.38828004625,19.7463394027627,1126.13461944902,20753.4810524809,0.013023143885757,0.267352432256777,0.00835131430516649
1093.786760934,11.3740045464914,1105.16076548049,16138.4497375275,0.00564837411351648,0.137513421779358,0.00637480443851335
1097.59225454145,13.502562575489,1111.09481711694,18171.1371380138,0.00685044686654354,0.182566161222382,0.00726296271120493
1103.56183700547,14.8652221432693,1118.42705914874,17991.5952913758,0.00925369983106888,0.210452301726375,0.00723410864024332
1092.8760033743,16.9236508866547,1109.79965426095,19024.5690424007,0.0106012462091713,0.202220919232068,0.00757989595585961
1100.84888693508,15.9959460024536,1116.84483293754,19586.9840197237,0.0090466839218666,0.218627849826361,0.00785432947787111
1094.06847273198,18.5694830777392,1112.63795580972,20505.8167698231,0.0109222100962706,0.223547115488842,0.00808857752185657
1089.61567371904,23.0494246730847,1112.66509839213,22165.8833042055,0.0148266177543452,0.274806432506895,0.0086466935461196
1094.64225490682,10.4794629773609,1105.12171788418,16070.7562126278,0.00468483552299841,0.13871663515468,0.00639418944562185
1102.92478332398,21.0964897130103,1124.02127303699,22788.0925250704,0.0129301799004086,0.298781292486489,0.00914159196721126
1102.37700577961,22.2529218589278,1124.62992763854,22528.5836792712,0.0147755343476566,0.330759709572022,0.00907328355887503
1091.50955576622,10.8611475756323,1102.37070334186,15391.6239360308,0.0058684215799455,0.126389325611189,0.00606597619713589
1102.51723077835,31.3430370858209,1133.86026786417,28979.5137775793,0.0207594643280281,0.467748093093493,0.0115815903569779
1091.90845488234,19.2994133912135,1111.20786827356,20093.2740949446,0.011762707076551,0.232602093125659,0.00782706274545153
1099.98759752539,12.6632187651707,1112.65081629056,17630.8644848761,0.00651446916548689,0.182914734787921,0.00708188267874904
1100.35682109828,19.6609442929995,1120.01776539128,21973.0109924743,0.0117418990857393,0.277939203895427,0.00880765329104356
1091.52747811376,18.3268778813254,1109.85435599509,19829.4902611638,0.0110695743283335,0.213136437132165,0.00778049790756367
1095.33222559828,14.4474873689528,1109.77971296723,18282.7402883595,0.00769411719318399,0.17632216896309,0.00724485475170505
1101.82838115946,18.6109011433883,1120.43928230285,20913.2686915037,0.0112323350984251,0.244092158708424,0.00837713121150531
1094.82875128593,14.1009188567235,1108.92967014265,17787.5604123653,0.00761782713569798,0.166806680905052,0.00702738526028808
1103.92498189877,22.0698402640353,1125.9948221628,23356.6502887143,0.0138888511824223,0.337345057839337,0.00939784159738493
1102.432558179,13.5832792936014,1116.0158374726,16693.9147038938,0.00880524815916005,0.171075746082824,0.00671716330174482
1102.67288702117,25.1262597678776,1127.79914678904,25266.4176705192,0.016114641516881,0.378671774393534,0.0101444814704863
1094.99534462671,11.082179805589,1106.0775244323,16407.1775433688,0.00509652727098591,0.14316449598347,0.00652054148201478
1098.16891535241,11.1657677209939,1109.33468307341,16809.7012559458,0.00521446795287391,0.165448830317637,0.00674727526286503
1100.3556725733,18.7756949921382,1119.13136756544,21417.4135969866,0.0111325073461029,0.269297314765035,0.00859505662472486
1098.74728759641,15.0776758619086,1113.82496345832,16972.2158972067,0.0103344555694041,0.189567613482299,0.00683132023837939
1092.99613371855,15.918113221609,1108.91424694015,18705.8581177065,0.0094611504692573,0.189927872611157,0.00742878626398234
1094.94559765369,4.9800693343915,1099.92566698808,11674.1591973426,0.00414674448388095,0.0849632730189228,0.004698466359129
1098.66604867665,14.6099830901197,1113.27603176677,18898.9907032074,0.00783020477703686,0.206275230197796,0.00757753994534987
1099.31959451334,9.61085367393277,1108.93044818727,14803.8187302988,0.00562549156056787,0.128883126236221,0.00594936610156448
1094.96577378678,8.43989247800465,1103.40566626478,14809.2422508936,0.00322833249496136,0.116753886822745,0.00589353078275197
1096.48170347147,15.8160089040616,1112.29771237554,19341.4148619648,0.00894135822383089,0.210777749903436,0.00773191021298265
1105.48591017356,24.8252778857564,1130.31118805931,25110.9856099371,0.0159103178368096,0.378084856522214,0.010093598412575
1099.65909228257,11.9588808724244,1111.61797315499,17084.9337647289,0.00624738108200546,0.180496421550602,0.00687479509519112
1102.4307276619,29.1730654068691,1131.60379306877,26275.7210092549,0.0196478269279175,0.359871170782925,0.0104349520959474
1098.54620725147,16.5261852018919,1115.07239245336,19872.6638617617,0.00923942078663379,0.213694065220653,0.00792899026997341
1100.93119084763,16.6242211015828,1117.55541194921,19389.389117046,0.0099874554919383,0.207692523955932,0.00776314005966018
1098.04468477625,8.44716933590949,1106.49185411216,14606.1554969575,0.00433991454277824,0.134137072221987,0.00588007505292231
1103.89371184757,17.5198081569017,1121.41352000447,19077.5247267618,0.0115536707262241,0.237820708049857,0.0076599146890345
1094.93906632463,11.67724458969,1106.61631091432,16331.3060004339,0.00658875637604658,0.156886877321067,0.00654704847095521
1102.48610193442,15.5975296568642,1118.08363159128,19302.1548066416,0.00897664750163942,0.227934242979277,0.00776551735522569
1094.99830676516,14.8048991647636,1109.80320592993,18364.3844719548,0.00802672598525047,0.177793475216013,0.00726320973238349
1097.69368222671,12.3385378991981,1110.03222012591,17145.7782051646,0.00627556512105884,0.158682260717005,0.00684446867022895
1099.33172769359,26.4369144511692,1125.76864214476,25862.4097318051,0.0169628037130945,0.36780364661806,0.010316032185089
1101.763702182,16.8110699631006,1118.5747721451,19633.8620436575,0.0100902204024869,0.21826740643717,0.00787390433267544
1101.18127908481,28.9074630865166,1130.08874217133,27351.167223563,0.0187747522463264,0.401698172385518,0.01089157075833
1105.1677431005,20.6834681681046,1125.8512112686,22163.058924407,0.0130316708188529,0.293588246510669,0.00891078988293927
1096.73506249373,14.1297532372408,1110.86481573097,18147.0869028737,0.00751610655868483,0.174003776375093,0.00721360248740207
1095.11451645483,8.42021595824693,1103.53473241308,14732.9688466572,0.00334275393217777,0.115292027194865,0.00586314119492151
1098.36956781333,17.4018092975608,1115.77137711089,20370.1197658976,0.0102558307561061,0.244176194762431,0.00817142758276909
1094.80466578952,21.9155119221922,1116.72017771171,22650.3756967473,0.0135418798222389,0.273614432305444,0.00896855970145525
1101.41100583064,16.6421244125643,1118.05313024321,19992.023297439,0.00973751084704734,0.247160878918374,0.00804407895628152
